<?xml version="1.0" encoding="utf-8" standalone="yes"?>
<imgdir name="01962003.img">
    <imgdir name="info">
        <canvas name="icon" width="31" height="22">
            <vector name="origin" x="-1" y="22" />
        </canvas>
        <canvas name="iconRaw" width="31" height="19">
            <vector name="origin" x="-1" y="22" />
        </canvas>
        <string name="islot" value="Tm" />
        <string name="vslot" value="Tm" />
        <int name="tuc" value="3" />
        <int name="reqJob" value="2" />
        <int name="reqLevel" value="80" />
        <int name="reqSTR" value="0" />
        <int name="reqDEX" value="0" />
        <int name="reqINT" value="0" />
        <int name="reqLUK" value="0" />
        <int name="incSpeed" value="6" />
        <int name="cash" value="0" />
        <int name="incPDD" value="15" />
        <int name="incMDD" value="20" />
    </imgdir>
</imgdir>