<?xml version="1.0" encoding="utf-8" standalone="yes"?>
<imgdir name="01122015.img">
    <imgdir name="info">
        <canvas name="icon" width="29" height="28">
            <vector name="origin" x="-1" y="29" />
        </canvas>
        <canvas name="iconRaw" width="29" height="27">
            <vector name="origin" x="-1" y="29" />
        </canvas>
        <string name="islot" value="Pe" />
        <string name="vslot" value="Pe" />
        <int name="reqJob" value="0" />
        <int name="reqLevel" value="30" />
        <int name="reqSTR" value="0" />
        <int name="reqDEX" value="0" />
        <int name="reqINT" value="0" />
        <int name="reqLUK" value="0" />
        <int name="tuc" value="3" />
        <int name="price" value="1" />
        <int name="notSale" value="1" />
        <int name="cash" value="0" />
        <int name="tradeBlock" value="1" />
        <int name="incPDD" value="30" />
        <int name="incMDD" value="30" />
    </imgdir>
</imgdir>