<?xml version="1.0" encoding="utf-8" standalone="yes"?>
<imgdir name="01052381.img">
    <imgdir name="info">
        <canvas name="icon" width="29" height="30">
            <vector name="origin" x="-2" y="32" />
        </canvas>
        <canvas name="iconRaw" width="29" height="30">
            <vector name="origin" x="-2" y="32" />
        </canvas>
        <string name="islot" value="MaPn" />
        <string name="vslot" value="MaPn" />
        <int name="reqJob" value="4" />
        <int name="reqLevel" value="125" />
        <int name="reqSTR" value="0" />
        <int name="reqDEX" value="370" />
        <int name="reqINT" value="0" />
        <int name="reqLUK" value="0" />
        <int name="tuc" value="10" />
        <int name="incSTR" value="15" />
        <int name="incDEX" value="15" />
        <int name="incPDD" value="125" />
        <int name="incMDD" value="125" />
        <int name="incACC" value="20" />
        <int name="incEVA" value="20" />
        <int name="price" value="39000" />
        <int name="cash" value="0" />
        <int name="charmEXP" value="90" />
        <int name="equipTradeBlock" value="1" />
        <int name="tradeAvailable" value="2" />
        <imgdir name="level">
            <imgdir name="info">
                <imgdir name="1">
                    <int name="incDEXMin" value="0" />
                    <int name="incDEXMax" value="1" />
                    <int name="incSTRMin" value="0" />
                    <int name="incSTRMax" value="1" />
                    <int name="incEVAMin" value="1" />
                    <int name="incEVAMax" value="3" />
                    <int name="exp" value="80" />
                </imgdir>
                <imgdir name="2">
                    <int name="incDEXMin" value="0" />
                    <int name="incDEXMax" value="1" />
                    <int name="incSTRMin" value="0" />
                    <int name="incSTRMax" value="1" />
                    <int name="incEVAMin" value="1" />
                    <int name="incEVAMax" value="3" />
                    <int name="exp" value="90" />
                </imgdir>
                <imgdir name="3">
                    <int name="incDEXMin" value="0" />
                    <int name="incDEXMax" value="1" />
                    <int name="incSTRMin" value="0" />
                    <int name="incSTRMax" value="1" />
                    <int name="incEVAMin" value="1" />
                    <int name="incEVAMax" value="3" />
                    <int name="exp" value="100" />
                </imgdir>
                <imgdir name="4">
                    <int name="incDEXMin" value="0" />
                    <int name="incDEXMax" value="1" />
                    <int name="incSTRMin" value="0" />
                    <int name="incSTRMax" value="1" />
                    <int name="incEVAMin" value="1" />
                    <int name="incEVAMax" value="3" />
                    <int name="exp" value="110" />
                </imgdir>
                <imgdir name="5">
                    <int name="incDEXMin" value="0" />
                    <int name="incDEXMax" value="1" />
                    <int name="incSTRMin" value="0" />
                    <int name="incSTRMax" value="1" />
                    <int name="incEVAMin" value="1" />
                    <int name="incEVAMax" value="3" />
                    <int name="exp" value="120" />
                </imgdir>
                <imgdir name="6">
                    <int name="exp" value="0" />
                </imgdir>
            </imgdir>
            <imgdir name="case">
                <imgdir name="0">
                    <int name="prob" value="9" />
                </imgdir>
                <imgdir name="1">
                    <int name="prob" value="1" />
                    <imgdir name="6">
                        <string name="hs" value="h1" />
                        <imgdir name="Skill">
                            <imgdir name="0">
                                <int name="id" value="3121007" />
                                <int name="level" value="1" />
                            </imgdir>
                            <imgdir name="1">
                                <int name="id" value="3221006" />
                                <int name="level" value="1" />
                            </imgdir>
                            <imgdir name="2">
                                <int name="id" value="33111007" />
                                <int name="level" value="1" />
                            </imgdir>
                            <imgdir name="3">
                                <int name="id" value="23121003" />
                                <int name="level" value="1" />
                            </imgdir>
                        </imgdir>
                    </imgdir>
                </imgdir>
            </imgdir>
        </imgdir>
        <int name="willEXP" value="90" />
        <int name="charismaEXP" value="90" />
    </imgdir>
    <imgdir name="walk1">
        <imgdir name="0">
            <canvas name="mail" width="22" height="27">
                <vector name="origin" x="8" y="11" />
                <imgdir name="map">
                    <vector name="navel" x="0" y="0" />
                </imgdir>
                <string name="z" value="mailChest" />
            </canvas>
            <canvas name="mailArm" width="12" height="11">
                <vector name="origin" x="-6" y="10" />
                <imgdir name="map">
                    <vector name="navel" x="0" y="0" />
                </imgdir>
                <string name="z" value="mailArm" />
            </canvas>
        </imgdir>
        <imgdir name="1">
            <canvas name="mail" width="20" height="27">
                <vector name="origin" x="7" y="10" />
                <imgdir name="map">
                    <vector name="navel" x="0" y="0" />
                </imgdir>
                <string name="z" value="mailChest" />
            </canvas>
            <canvas name="mailArm" width="7" height="14">
                <vector name="origin" x="-6" y="8" />
                <imgdir name="map">
                    <vector name="navel" x="0" y="0" />
                </imgdir>
                <string name="z" value="mailArm" />
            </canvas>
        </imgdir>
        <imgdir name="2">
            <canvas name="mail" width="22" height="27">
                <vector name="origin" x="8" y="11" />
                <imgdir name="map">
                    <vector name="navel" x="0" y="0" />
                </imgdir>
                <string name="z" value="mailChest" />
            </canvas>
            <uol name="mailArm" value="../0/mailArm" />
        </imgdir>
        <imgdir name="3">
            <canvas name="mail" width="27" height="26">
                <vector name="origin" x="13" y="12" />
                <imgdir name="map">
                    <vector name="navel" x="0" y="0" />
                </imgdir>
                <string name="z" value="mailChest" />
            </canvas>
            <canvas name="mailArm" width="13" height="9">
                <vector name="origin" x="-6" y="11" />
                <imgdir name="map">
                    <vector name="navel" x="0" y="0" />
                </imgdir>
                <string name="z" value="mailArm" />
            </canvas>
        </imgdir>
    </imgdir>
    <imgdir name="walk2">
        <imgdir name="0">
            <canvas name="mail" width="21" height="27">
                <vector name="origin" x="8" y="11" />
                <imgdir name="map">
                    <vector name="navel" x="0" y="0" />
                </imgdir>
                <string name="z" value="mailChest" />
            </canvas>
            <canvas name="mailArm" width="7" height="14">
                <vector name="origin" x="-6" y="10" />
                <imgdir name="map">
                    <vector name="navel" x="0" y="0" />
                </imgdir>
                <string name="z" value="mailArm" />
            </canvas>
        </imgdir>
        <imgdir name="1">
            <canvas name="mail" width="20" height="27">
                <vector name="origin" x="7" y="10" />
                <imgdir name="map">
                    <vector name="navel" x="0" y="0" />
                </imgdir>
                <string name="z" value="mailChest" />
            </canvas>
            <canvas name="mailArm" width="7" height="13">
                <vector name="origin" x="-5" y="8" />
                <imgdir name="map">
                    <vector name="navel" x="0" y="0" />
                </imgdir>
                <string name="z" value="mailArm" />
            </canvas>
        </imgdir>
        <imgdir name="2">
            <canvas name="mail" width="21" height="27">
                <vector name="origin" x="8" y="11" />
                <imgdir name="map">
                    <vector name="navel" x="0" y="0" />
                </imgdir>
                <string name="z" value="mailChest" />
            </canvas>
            <uol name="mailArm" value="../0/mailArm" />
        </imgdir>
        <imgdir name="3">
            <canvas name="mail" width="20" height="26">
                <vector name="origin" x="7" y="12" />
                <imgdir name="map">
                    <vector name="navel" x="0" y="0" />
                </imgdir>
                <string name="z" value="mailChest" />
            </canvas>
            <canvas name="mailArm" width="7" height="14">
                <vector name="origin" x="-7" y="11" />
                <imgdir name="map">
                    <vector name="navel" x="0" y="0" />
                </imgdir>
                <string name="z" value="mailArm" />
            </canvas>
        </imgdir>
    </imgdir>
    <imgdir name="stand1">
        <imgdir name="0">
            <canvas name="mail" width="22" height="28">
                <vector name="origin" x="7" y="10" />
                <imgdir name="map">
                    <vector name="navel" x="0" y="0" />
                </imgdir>
                <string name="z" value="mailChest" />
            </canvas>
            <canvas name="mailArm" width="9" height="14">
                <vector name="origin" x="-8" y="8" />
                <imgdir name="map">
                    <vector name="navel" x="0" y="0" />
                </imgdir>
                <string name="z" value="mailArm" />
            </canvas>
        </imgdir>
        <imgdir name="1">
            <canvas name="mail" width="25" height="28">
                <vector name="origin" x="8" y="11" />
                <imgdir name="map">
                    <vector name="navel" x="0" y="0" />
                </imgdir>
                <string name="z" value="mailChest" />
            </canvas>
            <canvas name="mailArm" width="9" height="15">
                <vector name="origin" x="-8" y="10" />
                <imgdir name="map">
                    <vector name="navel" x="0" y="0" />
                </imgdir>
                <string name="z" value="mailArm" />
            </canvas>
        </imgdir>
        <imgdir name="2">
            <canvas name="mail" width="26" height="28">
                <vector name="origin" x="9" y="10" />
                <imgdir name="map">
                    <vector name="navel" x="0" y="0" />
                </imgdir>
                <string name="z" value="mailChest" />
            </canvas>
            <canvas name="mailArm" width="10" height="15">
                <vector name="origin" x="-7" y="9" />
                <imgdir name="map">
                    <vector name="navel" x="0" y="0" />
                </imgdir>
                <string name="z" value="mailArm" />
            </canvas>
        </imgdir>
    </imgdir>
    <imgdir name="stand2">
        <imgdir name="0">
            <canvas name="mail" width="21" height="28">
                <vector name="origin" x="7" y="10" />
                <imgdir name="map">
                    <vector name="navel" x="0" y="0" />
                </imgdir>
                <string name="z" value="mailChest" />
            </canvas>
            <canvas name="mailArm" width="8" height="14">
                <vector name="origin" x="-6" y="9" />
                <imgdir name="map">
                    <vector name="navel" x="0" y="0" />
                </imgdir>
                <string name="z" value="mailArm" />
            </canvas>
        </imgdir>
        <imgdir name="1">
            <canvas name="mail" width="22" height="28">
                <vector name="origin" x="8" y="11" />
                <imgdir name="map">
                    <vector name="navel" x="0" y="0" />
                </imgdir>
                <string name="z" value="mailChest" />
            </canvas>
            <canvas name="mailArm" width="8" height="14">
                <vector name="origin" x="-6" y="10" />
                <imgdir name="map">
                    <vector name="navel" x="0" y="0" />
                </imgdir>
                <string name="z" value="mailArm" />
            </canvas>
        </imgdir>
        <imgdir name="2">
            <canvas name="mail" width="22" height="28">
                <vector name="origin" x="9" y="10" />
                <imgdir name="map">
                    <vector name="navel" x="0" y="0" />
                </imgdir>
                <string name="z" value="mailChest" />
            </canvas>
            <canvas name="mailArm" width="8" height="14">
                <vector name="origin" x="-5" y="9" />
                <imgdir name="map">
                    <vector name="navel" x="0" y="0" />
                </imgdir>
                <string name="z" value="mailArm" />
            </canvas>
        </imgdir>
    </imgdir>
    <imgdir name="alert">
        <imgdir name="0">
            <canvas name="mail" width="21" height="26">
                <vector name="origin" x="10" y="11" />
                <imgdir name="map">
                    <vector name="navel" x="0" y="0" />
                </imgdir>
                <string name="z" value="mailChest" />
            </canvas>
            <canvas name="mailArm" width="8" height="12">
                <vector name="origin" x="-5" y="9" />
                <imgdir name="map">
                    <vector name="navel" x="0" y="0" />
                </imgdir>
                <string name="z" value="mailArmOverHair" />
            </canvas>
        </imgdir>
        <imgdir name="1">
            <canvas name="mail" width="21" height="27">
                <vector name="origin" x="10" y="11" />
                <imgdir name="map">
                    <vector name="navel" x="0" y="0" />
                </imgdir>
                <string name="z" value="mailChest" />
            </canvas>
            <canvas name="mailArm" width="7" height="14">
                <vector name="origin" x="-5" y="9" />
                <imgdir name="map">
                    <vector name="navel" x="0" y="0" />
                </imgdir>
                <string name="z" value="mailArmOverHair" />
            </canvas>
        </imgdir>
        <imgdir name="2">
            <canvas name="mail" width="21" height="28">
                <vector name="origin" x="10" y="11" />
                <imgdir name="map">
                    <vector name="navel" x="0" y="0" />
                </imgdir>
                <string name="z" value="mailChest" />
            </canvas>
            <canvas name="mailArm" width="7" height="16">
                <vector name="origin" x="-5" y="9" />
                <imgdir name="map">
                    <vector name="navel" x="0" y="0" />
                </imgdir>
                <string name="z" value="mailArmOverHair" />
            </canvas>
        </imgdir>
    </imgdir>
    <imgdir name="swingO1">
        <imgdir name="0">
            <canvas name="mail" width="25" height="24">
                <vector name="origin" x="9" y="11" />
                <imgdir name="map">
                    <vector name="navel" x="0" y="0" />
                </imgdir>
                <string name="z" value="mailChest" />
            </canvas>
            <canvas name="mailArm" width="8" height="10">
                <vector name="origin" x="12" y="9" />
                <imgdir name="map">
                    <vector name="navel" x="0" y="0" />
                </imgdir>
                <string name="z" value="mailArm" />
            </canvas>
        </imgdir>
        <imgdir name="1">
            <canvas name="mail" width="20" height="28">
                <vector name="origin" x="5" y="11" />
                <imgdir name="map">
                    <vector name="navel" x="0" y="0" />
                </imgdir>
                <string name="z" value="mailChest" />
            </canvas>
            <canvas name="mailArm" width="12" height="10">
                <vector name="origin" x="11" y="11" />
                <imgdir name="map">
                    <vector name="navel" x="0" y="0" />
                </imgdir>
                <string name="z" value="mailArmOverHair" />
            </canvas>
        </imgdir>
        <imgdir name="2">
            <canvas name="mail" width="34" height="27">
                <vector name="origin" x="8" y="13" />
                <imgdir name="map">
                    <vector name="navel" x="0" y="0" />
                </imgdir>
                <string name="z" value="mailChest" />
            </canvas>
            <canvas name="mailArm" width="14" height="13">
                <vector name="origin" x="-2" y="19" />
                <imgdir name="map">
                    <vector name="navel" x="0" y="0" />
                </imgdir>
                <string name="z" value="mailArmOverHair" />
            </canvas>
        </imgdir>
    </imgdir>
    <imgdir name="swingO2">
        <imgdir name="0">
            <canvas name="mail" width="17" height="28">
                <vector name="origin" x="6" y="11" />
                <imgdir name="map">
                    <vector name="navel" x="0" y="0" />
                </imgdir>
                <string name="z" value="mailChest" />
            </canvas>
            <canvas name="mailArm" width="19" height="9">
                <vector name="origin" x="18" y="14" />
                <imgdir name="map">
                    <vector name="navel" x="0" y="0" />
                </imgdir>
                <string name="z" value="mailArmBelowHead" />
            </canvas>
        </imgdir>
        <imgdir name="1">
            <canvas name="mail" width="22" height="27">
                <vector name="origin" x="8" y="12" />
                <imgdir name="map">
                    <vector name="navel" x="0" y="0" />
                </imgdir>
                <string name="z" value="mailChest" />
            </canvas>
            <canvas name="mailArm" width="17" height="7">
                <vector name="origin" x="18" y="10" />
                <imgdir name="map">
                    <vector name="navel" x="0" y="0" />
                </imgdir>
                <string name="z" value="mailArm" />
            </canvas>
        </imgdir>
        <imgdir name="2">
            <canvas name="mail" width="29" height="25">
                <vector name="origin" x="12" y="12" />
                <imgdir name="map">
                    <vector name="navel" x="0" y="0" />
                </imgdir>
                <string name="z" value="mailChest" />
            </canvas>
            <canvas name="mailArm" width="15" height="14">
                <vector name="origin" x="-4" y="12" />
                <imgdir name="map">
                    <vector name="navel" x="0" y="0" />
                </imgdir>
                <string name="z" value="mailArm" />
            </canvas>
        </imgdir>
    </imgdir>
    <imgdir name="swingO3">
        <imgdir name="0">
            <canvas name="mail" width="39" height="24">
                <vector name="origin" x="22" y="11" />
                <imgdir name="map">
                    <vector name="navel" x="0" y="0" />
                </imgdir>
                <string name="z" value="mailChest" />
            </canvas>
            <canvas name="mailArm" width="15" height="8">
                <vector name="origin" x="-3" y="13" />
                <imgdir name="map">
                    <vector name="navel" x="0" y="0" />
                </imgdir>
                <string name="z" value="mailArm" />
            </canvas>
        </imgdir>
        <imgdir name="1">
            <canvas name="mail" width="23" height="26">
                <vector name="origin" x="8" y="13" />
                <imgdir name="map">
                    <vector name="navel" x="0" y="0" />
                </imgdir>
                <string name="z" value="mailChest" />
            </canvas>
            <canvas name="mailArm" width="15" height="10">
                <vector name="origin" x="16" y="10" />
                <imgdir name="map">
                    <vector name="navel" x="0" y="0" />
                </imgdir>
                <string name="z" value="mailArm" />
            </canvas>
        </imgdir>
        <imgdir name="2">
            <canvas name="mail" width="25" height="24">
                <vector name="origin" x="5" y="11" />
                <imgdir name="map">
                    <vector name="navel" x="0" y="0" />
                </imgdir>
                <string name="z" value="mailChest" />
            </canvas>
            <canvas name="mailArm" width="8" height="10">
                <vector name="origin" x="8" y="9" />
                <imgdir name="map">
                    <vector name="navel" x="0" y="0" />
                </imgdir>
                <string name="z" value="mailArm" />
            </canvas>
        </imgdir>
    </imgdir>
    <imgdir name="swingOF">
        <imgdir name="0">
            <canvas name="mail" width="32" height="28">
                <vector name="origin" x="14" y="14" />
                <imgdir name="map">
                    <vector name="navel" x="0" y="0" />
                </imgdir>
                <string name="z" value="mailChest" />
            </canvas>
        </imgdir>
        <imgdir name="1">
            <canvas name="mail" width="32" height="33">
                <vector name="origin" x="13" y="16" />
                <imgdir name="map">
                    <vector name="navel" x="0" y="0" />
                </imgdir>
                <string name="z" value="backMailChestOverPants" />
            </canvas>
        </imgdir>
        <imgdir name="2">
            <canvas name="mail" width="32" height="28">
                <vector name="origin" x="17" y="13" />
                <imgdir name="map">
                    <vector name="navel" x="0" y="0" />
                </imgdir>
                <string name="z" value="mailChest" />
            </canvas>
        </imgdir>
        <imgdir name="3">
            <canvas name="mail" width="30" height="28">
                <vector name="origin" x="14" y="18" />
                <imgdir name="map">
                    <vector name="navel" x="0" y="0" />
                </imgdir>
                <string name="z" value="mailChest" />
            </canvas>
            <canvas name="mailArm" width="7" height="17">
                <vector name="origin" x="16" y="8" />
                <imgdir name="map">
                    <vector name="navel" x="0" y="0" />
                </imgdir>
                <string name="z" value="mailArm" />
            </canvas>
        </imgdir>
    </imgdir>
    <imgdir name="swingT1">
        <imgdir name="0">
            <canvas name="mail" width="19" height="29">
                <vector name="origin" x="7" y="11" />
                <imgdir name="map">
                    <vector name="navel" x="0" y="0" />
                </imgdir>
                <string name="z" value="mailChest" />
            </canvas>
            <canvas name="mailArm" width="10" height="14">
                <vector name="origin" x="3" y="21" />
                <imgdir name="map">
                    <vector name="navel" x="0" y="0" />
                </imgdir>
                <string name="z" value="mailArmOverHairBelowWeapon" />
            </canvas>
            <canvas name="mailArmOverHair" width="13" height="18">
                <vector name="origin" x="-6" y="22" />
                <imgdir name="map">
                    <vector name="navel" x="0" y="0" />
                </imgdir>
                <string name="z" value="mailArmOverHair" />
            </canvas>
        </imgdir>
        <imgdir name="1">
            <canvas name="mail" width="22" height="28">
                <vector name="origin" x="7" y="13" />
                <imgdir name="map">
                    <vector name="navel" x="0" y="0" />
                </imgdir>
                <string name="z" value="mailChest" />
            </canvas>
            <canvas name="mailArm" width="15" height="10">
                <vector name="origin" x="19" y="11" />
                <imgdir name="map">
                    <vector name="navel" x="0" y="0" />
                </imgdir>
                <string name="z" value="mailArmOverHairBelowWeapon" />
            </canvas>
            <canvas name="mailArmOverHair" width="15" height="12">
                <vector name="origin" x="13" y="16" />
                <imgdir name="map">
                    <vector name="navel" x="0" y="0" />
                </imgdir>
                <string name="z" value="mailArmOverHair" />
            </canvas>
        </imgdir>
        <imgdir name="2">
            <canvas name="mail" width="34" height="25">
                <vector name="origin" x="10" y="11" />
                <imgdir name="map">
                    <vector name="navel" x="0" y="0" />
                </imgdir>
                <string name="z" value="mailChest" />
            </canvas>
            <canvas name="mailArm" width="13" height="16">
                <vector name="origin" x="16" y="6" />
                <imgdir name="map">
                    <vector name="navel" x="0" y="0" />
                </imgdir>
                <string name="z" value="mailArm" />
            </canvas>
        </imgdir>
    </imgdir>
    <imgdir name="swingT2">
        <imgdir name="0">
            <canvas name="mail" width="26" height="29">
                <vector name="origin" x="11" y="14" />
                <imgdir name="map">
                    <vector name="navel" x="0" y="0" />
                </imgdir>
                <string name="z" value="mailChest" />
            </canvas>
        </imgdir>
        <imgdir name="1">
            <canvas name="mail" width="31" height="24">
                <vector name="origin" x="15" y="11" />
                <imgdir name="map">
                    <vector name="navel" x="0" y="0" />
                </imgdir>
                <string name="z" value="mailChest" />
            </canvas>
            <canvas name="mailArm" width="17" height="8">
                <vector name="origin" x="12" y="9" />
                <imgdir name="map">
                    <vector name="navel" x="0" y="0" />
                </imgdir>
                <string name="z" value="mailArm" />
            </canvas>
        </imgdir>
        <imgdir name="2">
            <canvas name="mail" width="33" height="25">
                <vector name="origin" x="10" y="12" />
                <imgdir name="map">
                    <vector name="navel" x="0" y="0" />
                </imgdir>
                <string name="z" value="mailChest" />
            </canvas>
            <canvas name="mailArm" width="22" height="17">
                <vector name="origin" x="10" y="12" />
                <imgdir name="map">
                    <vector name="navel" x="0" y="0" />
                </imgdir>
                <string name="z" value="mailArmBelowHeadOverMailChest" />
            </canvas>
        </imgdir>
    </imgdir>
    <imgdir name="swingT3">
        <imgdir name="0">
            <canvas name="mail" width="23" height="28">
                <vector name="origin" x="8" y="13" />
                <imgdir name="map">
                    <vector name="navel" x="0" y="0" />
                </imgdir>
                <string name="z" value="mailChest" />
            </canvas>
            <canvas name="mailArm" width="13" height="10">
                <vector name="origin" x="5" y="8" />
                <imgdir name="map">
                    <vector name="navel" x="0" y="0" />
                </imgdir>
                <string name="z" value="mailArm" />
            </canvas>
        </imgdir>
        <imgdir name="1">
            <canvas name="mail" width="30" height="22">
                <vector name="origin" x="11" y="9" />
                <imgdir name="map">
                    <vector name="navel" x="0" y="0" />
                </imgdir>
                <string name="z" value="mailChest" />
            </canvas>
            <canvas name="mailArm" width="24" height="14">
                <vector name="origin" x="11" y="9" />
                <imgdir name="map">
                    <vector name="navel" x="0" y="0" />
                </imgdir>
                <string name="z" value="mailArmBelowHeadOverMailChest" />
            </canvas>
        </imgdir>
        <imgdir name="2">
            <canvas name="mail" width="33" height="29">
                <vector name="origin" x="10" y="15" />
                <imgdir name="map">
                    <vector name="navel" x="0" y="0" />
                </imgdir>
                <string name="z" value="mailChest" />
            </canvas>
            <canvas name="mailArm" width="15" height="14">
                <vector name="origin" x="19" y="15" />
                <imgdir name="map">
                    <vector name="navel" x="0" y="0" />
                </imgdir>
                <string name="z" value="mailArmBelowHead" />
            </canvas>
        </imgdir>
    </imgdir>
    <imgdir name="swingTF">
        <imgdir name="0">
            <canvas name="mail" width="19" height="36">
                <vector name="origin" x="9" y="19" />
                <imgdir name="map">
                    <vector name="navel" x="0" y="0" />
                </imgdir>
                <string name="z" value="backMailChest" />
            </canvas>
        </imgdir>
        <imgdir name="1">
            <canvas name="mail" width="23" height="30">
                <vector name="origin" x="12" y="11" />
                <imgdir name="map">
                    <vector name="navel" x="0" y="0" />
                </imgdir>
                <string name="z" value="mailChest" />
            </canvas>
            <canvas name="mailArm" width="13" height="8">
                <vector name="origin" x="-1" y="13" />
                <imgdir name="map">
                    <vector name="navel" x="0" y="0" />
                </imgdir>
                <string name="z" value="mailArmBelowHeadOverMailChest" />
            </canvas>
        </imgdir>
        <imgdir name="2">
            <canvas name="mail" width="26" height="28">
                <vector name="origin" x="8" y="13" />
                <imgdir name="map">
                    <vector name="navel" x="0" y="0" />
                </imgdir>
                <string name="z" value="mailChest" />
            </canvas>
            <canvas name="mailArm" width="18" height="19">
                <vector name="origin" x="12" y="23" />
                <imgdir name="map">
                    <vector name="navel" x="0" y="0" />
                </imgdir>
                <string name="z" value="mailArmOverHair" />
            </canvas>
        </imgdir>
        <imgdir name="3">
            <canvas name="mail" width="35" height="25">
                <vector name="origin" x="13" y="13" />
                <imgdir name="map">
                    <vector name="navel" x="0" y="0" />
                </imgdir>
                <string name="z" value="mailChest" />
            </canvas>
            <canvas name="mailArm" width="13" height="17">
                <vector name="origin" x="18" y="9" />
                <imgdir name="map">
                    <vector name="navel" x="0" y="0" />
                </imgdir>
                <string name="z" value="mailArmOverHair" />
            </canvas>
        </imgdir>
    </imgdir>
    <imgdir name="swingP1">
        <imgdir name="0">
            <canvas name="mail" width="19" height="29">
                <vector name="origin" x="8" y="12" />
                <imgdir name="map">
                    <vector name="navel" x="0" y="0" />
                </imgdir>
                <string name="z" value="mailChest" />
            </canvas>
            <canvas name="mailArm" width="9" height="16">
                <vector name="origin" x="8" y="22" />
                <imgdir name="map">
                    <vector name="navel" x="0" y="0" />
                </imgdir>
                <string name="z" value="mailArmOverHairBelowWeapon" />
            </canvas>
            <canvas name="mailArmOverHair" width="13" height="18">
                <vector name="origin" x="-5" y="23" />
                <imgdir name="map">
                    <vector name="navel" x="0" y="0" />
                </imgdir>
                <string name="z" value="mailArmOverHair" />
            </canvas>
        </imgdir>
        <imgdir name="1">
            <canvas name="mail" width="31" height="28">
                <vector name="origin" x="16" y="14" />
                <imgdir name="map">
                    <vector name="navel" x="0" y="0" />
                </imgdir>
                <string name="z" value="mailChest" />
            </canvas>
            <canvas name="mailArm" width="15" height="12">
                <vector name="origin" x="13" y="17" />
                <imgdir name="map">
                    <vector name="navel" x="0" y="0" />
                </imgdir>
                <string name="z" value="mailArmOverHair" />
            </canvas>
        </imgdir>
        <imgdir name="2">
            <canvas name="mail" width="34" height="25">
                <vector name="origin" x="10" y="12" />
                <imgdir name="map">
                    <vector name="navel" x="0" y="0" />
                </imgdir>
                <string name="z" value="mailChest" />
            </canvas>
            <canvas name="mailArm" width="13" height="18">
                <vector name="origin" x="15" y="9" />
                <imgdir name="map">
                    <vector name="navel" x="0" y="0" />
                </imgdir>
                <string name="z" value="mailArm" />
            </canvas>
        </imgdir>
    </imgdir>
    <imgdir name="swingP2">
        <imgdir name="0">
            <canvas name="mail" width="21" height="37">
                <vector name="origin" x="9" y="21" />
                <imgdir name="map">
                    <vector name="navel" x="0" y="0" />
                </imgdir>
                <string name="z" value="mailChest" />
            </canvas>
            <canvas name="mailArm" width="19" height="9">
                <vector name="origin" x="18" y="11" />
                <imgdir name="map">
                    <vector name="navel" x="0" y="0" />
                </imgdir>
                <string name="z" value="mailArm" />
            </canvas>
        </imgdir>
        <imgdir name="1">
            <canvas name="mail" width="31" height="32">
                <vector name="origin" x="17" y="17" />
                <imgdir name="map">
                    <vector name="navel" x="0" y="0" />
                </imgdir>
                <string name="z" value="mailChest" />
            </canvas>
            <canvas name="mailArm" width="17" height="9">
                <vector name="origin" x="15" y="7" />
                <imgdir name="map">
                    <vector name="navel" x="0" y="0" />
                </imgdir>
                <string name="z" value="mailArm" />
            </canvas>
        </imgdir>
        <imgdir name="2">
            <canvas name="mail" width="33" height="25">
                <vector name="origin" x="10" y="12" />
                <imgdir name="map">
                    <vector name="navel" x="0" y="0" />
                </imgdir>
                <string name="z" value="mailChest" />
            </canvas>
            <canvas name="mailArm" width="22" height="16">
                <vector name="origin" x="10" y="12" />
                <imgdir name="map">
                    <vector name="navel" x="0" y="0" />
                </imgdir>
                <string name="z" value="mailArmBelowHead" />
            </canvas>
        </imgdir>
    </imgdir>
    <imgdir name="swingPF">
        <imgdir name="0">
            <canvas name="mail" width="38" height="25">
                <vector name="origin" x="16" y="13" />
                <imgdir name="map">
                    <vector name="navel" x="0" y="0" />
                </imgdir>
                <string name="z" value="mailChest" />
            </canvas>
            <canvas name="mailArm" width="18" height="10">
                <vector name="origin" x="-7" y="16" />
                <imgdir name="map">
                    <vector name="navel" x="0" y="0" />
                </imgdir>
                <string name="z" value="mailArm" />
            </canvas>
        </imgdir>
        <imgdir name="1">
            <canvas name="mail" width="35" height="25">
                <vector name="origin" x="14" y="13" />
                <imgdir name="map">
                    <vector name="navel" x="0" y="0" />
                </imgdir>
                <string name="z" value="mailChest" />
            </canvas>
            <canvas name="mailArm" width="18" height="7">
                <vector name="origin" x="-7" y="15" />
                <imgdir name="map">
                    <vector name="navel" x="0" y="0" />
                </imgdir>
                <string name="z" value="mailArm" />
            </canvas>
        </imgdir>
        <imgdir name="2">
            <canvas name="mail" width="22" height="36">
                <vector name="origin" x="12" y="13" />
                <imgdir name="map">
                    <vector name="navel" x="0" y="0" />
                </imgdir>
                <string name="z" value="mailChest" />
            </canvas>
            <canvas name="mailArm" width="10" height="16">
                <vector name="origin" x="14" y="22" />
                <imgdir name="map">
                    <vector name="navel" x="0" y="0" />
                </imgdir>
                <string name="z" value="mailArmOverHair" />
            </canvas>
            <canvas name="mailArmOverHair" width="13" height="18">
                <vector name="origin" x="-1" y="23" />
                <imgdir name="map">
                    <vector name="navel" x="0" y="0" />
                </imgdir>
                <string name="z" value="mailArmOverHair" />
            </canvas>
        </imgdir>
        <imgdir name="3">
            <canvas name="mail" width="23" height="24">
                <vector name="origin" x="12" y="12" />
                <imgdir name="map">
                    <vector name="navel" x="0" y="0" />
                </imgdir>
                <string name="z" value="mailChest" />
            </canvas>
            <canvas name="mailArm" width="12" height="16">
                <vector name="origin" x="17" y="7" />
                <imgdir name="map">
                    <vector name="navel" x="0" y="0" />
                </imgdir>
                <string name="z" value="mailArmOverHair" />
            </canvas>
        </imgdir>
    </imgdir>
    <imgdir name="stabO1">
        <imgdir name="0">
            <canvas name="mail" width="30" height="26">
                <vector name="origin" x="18" y="12" />
                <imgdir name="map">
                    <vector name="navel" x="0" y="0" />
                </imgdir>
                <string name="z" value="mailChest" />
            </canvas>
            <canvas name="mailArm" width="13" height="13">
                <vector name="origin" x="-5" y="12" />
                <imgdir name="map">
                    <vector name="navel" x="0" y="0" />
                </imgdir>
                <string name="z" value="mailArm" />
            </canvas>
        </imgdir>
        <imgdir name="1">
            <canvas name="mail" width="30" height="24">
                <vector name="origin" x="9" y="13" />
                <imgdir name="map">
                    <vector name="navel" x="0" y="0" />
                </imgdir>
                <string name="z" value="mailChest" />
            </canvas>
            <canvas name="mailArm" width="20" height="7">
                <vector name="origin" x="24" y="11" />
                <imgdir name="map">
                    <vector name="navel" x="0" y="0" />
                </imgdir>
                <string name="z" value="mailArmOverHair" />
            </canvas>
        </imgdir>
    </imgdir>
    <imgdir name="stabO2">
        <imgdir name="0">
            <canvas name="mail" width="29" height="29">
                <vector name="origin" x="17" y="12" />
                <imgdir name="map">
                    <vector name="navel" x="0" y="0" />
                </imgdir>
                <string name="z" value="mailChest" />
            </canvas>
            <canvas name="mailArm" width="11" height="6">
                <vector name="origin" x="-7" y="10" />
                <imgdir name="map">
                    <vector name="navel" x="0" y="0" />
                </imgdir>
                <string name="z" value="mailArmOverHair" />
            </canvas>
        </imgdir>
        <imgdir name="1">
            <canvas name="mail" width="32" height="25">
                <vector name="origin" x="7" y="12" />
                <imgdir name="map">
                    <vector name="navel" x="0" y="0" />
                </imgdir>
                <string name="z" value="mailChest" />
            </canvas>
            <canvas name="mailArm" width="18" height="7">
                <vector name="origin" x="20" y="10" />
                <imgdir name="map">
                    <vector name="navel" x="0" y="0" />
                </imgdir>
                <string name="z" value="mailArmOverHair" />
            </canvas>
        </imgdir>
    </imgdir>
    <imgdir name="stabOF">
        <imgdir name="0">
            <canvas name="mail" width="21" height="24">
                <vector name="origin" x="14" y="13" />
                <imgdir name="map">
                    <vector name="navel" x="0" y="0" />
                </imgdir>
                <string name="z" value="mailChest" />
            </canvas>
            <canvas name="mailArm" width="14" height="9">
                <vector name="origin" x="3" y="13" />
                <imgdir name="map">
                    <vector name="navel" x="0" y="0" />
                </imgdir>
                <string name="z" value="mailArmOverHair" />
            </canvas>
        </imgdir>
        <imgdir name="1">
            <canvas name="mail" width="41" height="25">
                <vector name="origin" x="27" y="10" />
                <imgdir name="map">
                    <vector name="navel" x="0" y="0" />
                </imgdir>
                <string name="z" value="mailChest" />
            </canvas>
            <canvas name="mailArm" width="17" height="10">
                <vector name="origin" x="2" y="10" />
                <imgdir name="map">
                    <vector name="navel" x="0" y="0" />
                </imgdir>
                <string name="z" value="mailArmOverHair" />
            </canvas>
        </imgdir>
        <imgdir name="2">
            <canvas name="mail" width="39" height="24">
                <vector name="origin" x="17" y="12" />
                <imgdir name="map">
                    <vector name="navel" x="0" y="0" />
                </imgdir>
                <string name="z" value="mailChest" />
            </canvas>
            <canvas name="mailArm" width="18" height="7">
                <vector name="origin" x="22" y="11" />
                <imgdir name="map">
                    <vector name="navel" x="0" y="0" />
                </imgdir>
                <string name="z" value="mailArmOverHair" />
            </canvas>
        </imgdir>
    </imgdir>
    <imgdir name="stabT1">
        <imgdir name="0">
            <canvas name="mail" width="23" height="30">
                <vector name="origin" x="12" y="14" />
                <imgdir name="map">
                    <vector name="navel" x="0" y="0" />
                </imgdir>
                <string name="z" value="mailChest" />
            </canvas>
            <canvas name="mailArm" width="22" height="11">
                <vector name="origin" x="0" y="14" />
                <imgdir name="map">
                    <vector name="navel" x="0" y="0" />
                </imgdir>
                <string name="z" value="mailArmBelowHead" />
            </canvas>
        </imgdir>
        <imgdir name="1">
            <canvas name="mail" width="32" height="27">
                <vector name="origin" x="9" y="12" />
                <imgdir name="map">
                    <vector name="navel" x="0" y="0" />
                </imgdir>
                <string name="z" value="mailChest" />
            </canvas>
            <canvas name="mailArm" width="19" height="9">
                <vector name="origin" x="-2" y="13" />
                <imgdir name="map">
                    <vector name="navel" x="0" y="0" />
                </imgdir>
                <string name="z" value="mailArmBelowHead" />
            </canvas>
        </imgdir>
        <imgdir name="2">
            <canvas name="mail" width="48" height="23">
                <vector name="origin" x="21" y="12" />
                <imgdir name="map">
                    <vector name="navel" x="0" y="0" />
                </imgdir>
                <string name="z" value="mailChest" />
            </canvas>
            <canvas name="mailArm" width="13" height="10">
                <vector name="origin" x="-1" y="12" />
                <imgdir name="map">
                    <vector name="navel" x="0" y="0" />
                </imgdir>
                <string name="z" value="mailArmBelowHead" />
            </canvas>
        </imgdir>
    </imgdir>
    <imgdir name="stabT2">
        <imgdir name="0">
            <canvas name="mail" width="27" height="30">
                <vector name="origin" x="14" y="15" />
                <imgdir name="map">
                    <vector name="navel" x="0" y="0" />
                </imgdir>
                <string name="z" value="mailChest" />
            </canvas>
            <canvas name="mailArm" width="15" height="11">
                <vector name="origin" x="-3" y="15" />
                <imgdir name="map">
                    <vector name="navel" x="0" y="0" />
                </imgdir>
                <string name="z" value="mailArmBelowHead" />
            </canvas>
        </imgdir>
        <imgdir name="1">
            <canvas name="mail" width="32" height="27">
                <vector name="origin" x="13" y="14" />
                <imgdir name="map">
                    <vector name="navel" x="0" y="0" />
                </imgdir>
                <string name="z" value="mailChest" />
            </canvas>
            <canvas name="mailArm" width="20" height="10">
                <vector name="origin" x="4" y="16" />
                <imgdir name="map">
                    <vector name="navel" x="0" y="0" />
                </imgdir>
                <string name="z" value="mailArmBelowHead" />
            </canvas>
        </imgdir>
        <imgdir name="2">
            <canvas name="mail" width="44" height="23">
                <vector name="origin" x="20" y="12" />
                <imgdir name="map">
                    <vector name="navel" x="0" y="0" />
                </imgdir>
                <string name="z" value="mailChest" />
            </canvas>
            <canvas name="mailArm" width="13" height="15">
                <vector name="origin" x="-1" y="12" />
                <imgdir name="map">
                    <vector name="navel" x="0" y="0" />
                </imgdir>
                <string name="z" value="mailArmBelowHead" />
            </canvas>
        </imgdir>
    </imgdir>
    <imgdir name="stabTF">
        <imgdir name="0">
            <uol name="mail" value="../../swingPF/0/mail" />
            <uol name="mailArm" value="../../swingPF/0/mailArm" />
        </imgdir>
        <imgdir name="1">
            <uol name="mail" value="../../swingPF/1/mail" />
            <uol name="mailArm" value="../../swingPF/1/mailArm" />
        </imgdir>
        <imgdir name="2">
            <canvas name="mail" width="22" height="38">
                <vector name="origin" x="11" y="19" />
                <imgdir name="map">
                    <vector name="navel" x="1" y="-5" />
                </imgdir>
                <string name="z" value="mailChest" />
            </canvas>
            <canvas name="mailArm" width="20" height="8">
                <vector name="origin" x="-3" y="17" />
                <imgdir name="map">
                    <vector name="navel" x="0" y="0" />
                </imgdir>
                <string name="z" value="mailArmBelowHead" />
            </canvas>
            <canvas name="mailArmOverHair" width="16" height="10">
                <vector name="origin" x="6" y="9" />
                <imgdir name="map">
                    <vector name="navel" x="0" y="0" />
                </imgdir>
                <string name="z" value="mailArmOverHair" />
            </canvas>
        </imgdir>
        <imgdir name="3">
            <uol name="mail" value="../../stabT1/2/mail" />
            <uol name="mailArm" value="../../stabT1/2/mailArm" />
        </imgdir>
    </imgdir>
    <imgdir name="shoot1">
        <imgdir name="0">
            <canvas name="mail" width="30" height="29">
                <vector name="origin" x="20" y="13" />
                <imgdir name="map">
                    <vector name="navel" x="0" y="0" />
                </imgdir>
                <string name="z" value="mailChest" />
            </canvas>
            <canvas name="mailArm" width="16" height="11">
                <vector name="origin" x="6" y="14" />
                <imgdir name="map">
                    <vector name="navel" x="0" y="0" />
                </imgdir>
                <string name="z" value="mailArmOverHair" />
            </canvas>
        </imgdir>
        <imgdir name="1">
            <canvas name="mail" width="30" height="29">
                <vector name="origin" x="20" y="13" />
                <imgdir name="map">
                    <vector name="navel" x="0" y="0" />
                </imgdir>
                <string name="z" value="mailChest" />
            </canvas>
            <canvas name="mailArm" width="11" height="9">
                <vector name="origin" x="-6" y="13" />
                <imgdir name="map">
                    <vector name="navel" x="0" y="0" />
                </imgdir>
                <string name="z" value="mailArmOverHair" />
            </canvas>
        </imgdir>
        <imgdir name="2">
            <uol name="mail" value="../1/mail" />
            <uol name="mailArm" value="../1/mailArm" />
        </imgdir>
    </imgdir>
    <imgdir name="shoot2">
        <imgdir name="0">
            <canvas name="mail" width="21" height="28">
                <vector name="origin" x="10" y="13" />
                <imgdir name="map">
                    <vector name="navel" x="0" y="0" />
                </imgdir>
                <string name="z" value="mailChest" />
            </canvas>
            <canvas name="mailArm" width="10" height="11">
                <vector name="origin" x="-5" y="12" />
                <imgdir name="map">
                    <vector name="navel" x="0" y="0" />
                </imgdir>
                <string name="z" value="mailArmOverHair" />
            </canvas>
        </imgdir>
        <imgdir name="1">
            <canvas name="mail" width="21" height="28">
                <vector name="origin" x="10" y="13" />
                <imgdir name="map">
                    <vector name="navel" x="0" y="0" />
                </imgdir>
                <string name="z" value="mailChest" />
            </canvas>
            <canvas name="mailArm" width="18" height="8">
                <vector name="origin" x="7" y="13" />
                <imgdir name="map">
                    <vector name="navel" x="0" y="0" />
                </imgdir>
                <string name="z" value="mailArmOverHair" />
            </canvas>
        </imgdir>
        <imgdir name="2">
            <canvas name="mail" width="21" height="28">
                <vector name="origin" x="10" y="13" />
                <imgdir name="map">
                    <vector name="navel" x="0" y="0" />
                </imgdir>
                <string name="z" value="mailChest" />
            </canvas>
            <canvas name="mailArm" width="8" height="10">
                <vector name="origin" x="-6" y="13" />
                <imgdir name="map">
                    <vector name="navel" x="0" y="0" />
                </imgdir>
                <string name="z" value="mailArmOverHair" />
            </canvas>
        </imgdir>
        <imgdir name="3">
            <canvas name="mail" width="21" height="28">
                <vector name="origin" x="10" y="13" />
                <imgdir name="map">
                    <vector name="navel" x="0" y="0" />
                </imgdir>
                <string name="z" value="mailChest" />
            </canvas>
            <canvas name="mailArm" width="10" height="10">
                <vector name="origin" x="-5" y="12" />
                <imgdir name="map">
                    <vector name="navel" x="0" y="0" />
                </imgdir>
                <string name="z" value="mailArmOverHair" />
            </canvas>
        </imgdir>
        <imgdir name="4">
            <canvas name="mail" width="19" height="28">
                <vector name="origin" x="8" y="13" />
                <imgdir name="map">
                    <vector name="navel" x="0" y="0" />
                </imgdir>
                <string name="z" value="mailChest" />
            </canvas>
            <canvas name="mailArm" width="11" height="10">
                <vector name="origin" x="-6" y="12" />
                <imgdir name="map">
                    <vector name="navel" x="0" y="0" />
                </imgdir>
                <string name="z" value="mailArmOverHair" />
            </canvas>
        </imgdir>
    </imgdir>
    <imgdir name="shootF">
        <imgdir name="0">
            <canvas name="mail" width="29" height="29">
                <vector name="origin" x="21" y="13" />
                <imgdir name="map">
                    <vector name="navel" x="0" y="0" />
                </imgdir>
                <string name="z" value="mailChest" />
            </canvas>
            <canvas name="mailArm" width="12" height="10">
                <vector name="origin" x="3" y="15" />
                <imgdir name="map">
                    <vector name="navel" x="0" y="0" />
                </imgdir>
                <string name="z" value="mailArmOverHair" />
            </canvas>
        </imgdir>
        <imgdir name="1">
            <canvas name="mail" width="32" height="29">
                <vector name="origin" x="23" y="14" />
                <imgdir name="map">
                    <vector name="navel" x="0" y="0" />
                </imgdir>
                <string name="z" value="mailChest" />
            </canvas>
            <canvas name="mailArm" width="10" height="10">
                <vector name="origin" x="-7" y="10" />
                <imgdir name="map">
                    <vector name="navel" x="0" y="0" />
                </imgdir>
                <string name="z" value="mailArmOverHair" />
            </canvas>
        </imgdir>
        <imgdir name="2">
            <uol name="mail" value="../1/mail" />
            <uol name="mailArm" value="../1/mailArm" />
        </imgdir>
    </imgdir>
    <imgdir name="proneStab">
        <imgdir name="0">
            <canvas name="mail" width="48" height="17">
                <vector name="origin" x="33" y="13" />
                <imgdir name="map">
                    <vector name="navel" x="0" y="0" />
                </imgdir>
                <string name="z" value="mailChest" />
            </canvas>
            <canvas name="mailArm" width="12" height="8">
                <vector name="origin" x="6" y="4" />
                <imgdir name="map">
                    <vector name="navel" x="0" y="0" />
                </imgdir>
                <string name="z" value="mailArmOverHair" />
            </canvas>
        </imgdir>
        <imgdir name="1">
            <uol name="mail" value="../0/mail" />
            <canvas name="mailArm" width="25" height="9">
                <vector name="origin" x="21" y="5" />
                <imgdir name="map">
                    <vector name="navel" x="0" y="0" />
                </imgdir>
                <string name="z" value="mailArmOverHair" />
            </canvas>
        </imgdir>
    </imgdir>
    <imgdir name="prone">
        <imgdir name="0">
            <uol name="mail" value="../../proneStab/0/mail" />
            <uol name="mailArm" value="../../proneStab/0/mailArm" />
        </imgdir>
    </imgdir>
    <imgdir name="heal">
        <imgdir name="0">
            <uol name="mail" value="../../alert/1/mail" />
            <uol name="mailArm" value="../../alert/1/mailArm" />
        </imgdir>
        <imgdir name="1">
            <uol name="mail" value="../../swingO2/1/mail" />
            <uol name="mailArm" value="../../swingO2/1/mailArm" />
        </imgdir>
        <imgdir name="2">
            <uol name="mail" value="../../swingO2/0/mail" />
            <uol name="mailArm" value="../../swingO2/0/mailArm" />
        </imgdir>
    </imgdir>
    <imgdir name="fly">
        <imgdir name="0">
            <canvas name="mail" width="20" height="31">
                <vector name="origin" x="8" y="13" />
                <imgdir name="map">
                    <vector name="navel" x="0" y="0" />
                </imgdir>
                <string name="z" value="mailChest" />
            </canvas>
            <canvas name="mailArm" width="8" height="8">
                <vector name="origin" x="-4" y="9" />
                <imgdir name="map">
                    <vector name="navel" x="0" y="0" />
                </imgdir>
                <string name="z" value="mailArmOverHair" />
            </canvas>
        </imgdir>
        <imgdir name="1">
            <canvas name="mail" width="18" height="31">
                <vector name="origin" x="8" y="13" />
                <imgdir name="map">
                    <vector name="navel" x="0" y="0" />
                </imgdir>
                <string name="z" value="mailChest" />
            </canvas>
            <uol name="mailArm" value="../0/mailArm" />
        </imgdir>
    </imgdir>
    <imgdir name="jump">
        <imgdir name="0">
            <canvas name="mail" width="23" height="25">
                <vector name="origin" x="10" y="12" />
                <imgdir name="map">
                    <vector name="navel" x="0" y="0" />
                </imgdir>
                <string name="z" value="mailChest" />
            </canvas>
            <canvas name="mailArm" width="8" height="8">
                <vector name="origin" x="-5" y="8" />
                <imgdir name="map">
                    <vector name="navel" x="0" y="0" />
                </imgdir>
                <string name="z" value="mailArmOverHair" />
            </canvas>
        </imgdir>
    </imgdir>
    <imgdir name="sit">
        <imgdir name="0">
            <canvas name="mail" width="24" height="22">
                <vector name="origin" x="12" y="11" />
                <imgdir name="map">
                    <vector name="navel" x="0" y="0" />
                </imgdir>
                <string name="z" value="mailChest" />
            </canvas>
            <canvas name="mailArm" width="6" height="13">
                <vector name="origin" x="-5" y="9" />
                <imgdir name="map">
                    <vector name="navel" x="0" y="0" />
                </imgdir>
                <string name="z" value="mailArmOverHair" />
            </canvas>
        </imgdir>
    </imgdir>
    <imgdir name="ladder">
        <imgdir name="0">
            <canvas name="mail" width="22" height="28">
                <vector name="origin" x="11" y="15" />
                <imgdir name="map">
                    <vector name="navel" x="0" y="0" />
                </imgdir>
                <string name="z" value="backMailChest" />
            </canvas>
        </imgdir>
        <imgdir name="1">
            <canvas name="mail" width="22" height="28">
                <vector name="origin" x="11" y="15" />
                <imgdir name="map">
                    <vector name="navel" x="0" y="0" />
                </imgdir>
                <string name="z" value="backMailChest" />
            </canvas>
        </imgdir>
    </imgdir>
    <imgdir name="rope">
        <imgdir name="0">
            <canvas name="mail" width="19" height="36">
                <vector name="origin" x="10" y="18" />
                <imgdir name="map">
                    <vector name="navel" x="0" y="0" />
                </imgdir>
                <string name="z" value="backMailChest" />
            </canvas>
        </imgdir>
        <imgdir name="1">
            <canvas name="mail" width="19" height="24">
                <vector name="origin" x="9" y="11" />
                <imgdir name="map">
                    <vector name="navel" x="0" y="0" />
                </imgdir>
                <string name="z" value="backMailChest" />
            </canvas>
        </imgdir>
    </imgdir>
</imgdir>