<?xml version="1.0" encoding="utf-8" standalone="yes"?>
<imgdir name="01050164.img">
    <imgdir name="info">
        <canvas name="icon" width="29" height="31">
            <vector name="origin" x="-2" y="31" />
        </canvas>
        <canvas name="iconRaw" width="29" height="30">
            <vector name="origin" x="-2" y="31" />
        </canvas>
        <string name="islot" value="MaPn" />
        <string name="vslot" value="MaPn" />
        <int name="reqJob" value="2" />
        <int name="reqLevel" value="30" />
        <int name="reqSTR" value="0" />
        <int name="reqDEX" value="0" />
        <int name="reqINT" value="0" />
        <int name="reqLUK" value="0" />
        <int name="incPDD" value="32" />
        <int name="incMDD" value="16" />
        <int name="incINT" value="4" />
        <int name="incLUK" value="1" />
        <int name="incMMP" value="5" />
        <int name="tuc" value="10" />
        <int name="price" value="200" />
        <int name="cash" value="0" />
        <int name="tradeBlock" value="1" />
        <int name="only" value="1" />
        <imgdir name="addition">
            <imgdir name="mobdie">
                <imgdir name="con">
                    <int name="lv" value="30" />
                </imgdir>
                <int name="hpIncRatioOnMobDie" value="7" />
                <int name="hpRatioProp" value="5" />
                <int name="mpIncRatioOnMobDie" value="10" />
                <int name="mpRatioProp" value="5" />
            </imgdir>
        </imgdir>
        <int name="durability" value="30000" />
    </imgdir>
    <imgdir name="walk1">
        <imgdir name="0">
            <canvas name="mail" width="30" height="30">
                <vector name="origin" x="10" y="13" />
                <imgdir name="map">
                    <vector name="navel" x="0" y="0" />
                </imgdir>
                <string name="z" value="mailChest" />
            </canvas>
            <canvas name="mailArm" width="12" height="22">
                <vector name="origin" x="-6" y="10" />
                <imgdir name="map">
                    <vector name="navel" x="0" y="0" />
                </imgdir>
                <string name="z" value="mailArm" />
            </canvas>
        </imgdir>
        <imgdir name="1">
            <canvas name="mail" width="22" height="28">
                <vector name="origin" x="6" y="11" />
                <imgdir name="map">
                    <vector name="navel" x="0" y="0" />
                </imgdir>
                <string name="z" value="mailChest" />
            </canvas>
            <canvas name="mailArm" width="7" height="20">
                <vector name="origin" x="-6" y="8" />
                <imgdir name="map">
                    <vector name="navel" x="0" y="0" />
                </imgdir>
                <string name="z" value="mailArm" />
            </canvas>
        </imgdir>
        <imgdir name="2">
            <canvas name="mail" width="29" height="30">
                <vector name="origin" x="10" y="13" />
                <imgdir name="map">
                    <vector name="navel" x="0" y="0" />
                </imgdir>
                <string name="z" value="mailChest" />
            </canvas>
            <canvas name="mailArm" width="16" height="25">
                <vector name="origin" x="-3" y="10" />
                <imgdir name="map">
                    <vector name="navel" x="0" y="0" />
                </imgdir>
                <string name="z" value="mailArm" />
            </canvas>
        </imgdir>
        <imgdir name="3">
            <canvas name="mail" width="33" height="28">
                <vector name="origin" x="13" y="14" />
                <imgdir name="map">
                    <vector name="navel" x="0" y="0" />
                </imgdir>
                <string name="z" value="mailChest" />
            </canvas>
            <canvas name="mailArm" width="13" height="20">
                <vector name="origin" x="-6" y="11" />
                <imgdir name="map">
                    <vector name="navel" x="0" y="0" />
                </imgdir>
                <string name="z" value="mailArm" />
            </canvas>
        </imgdir>
    </imgdir>
    <imgdir name="walk2">
        <imgdir name="0">
            <canvas name="mail" width="25" height="30">
                <vector name="origin" x="10" y="13" />
                <imgdir name="map">
                    <vector name="navel" x="0" y="0" />
                </imgdir>
                <string name="z" value="mailChest" />
            </canvas>
            <canvas name="mailArm" width="9" height="23">
                <vector name="origin" x="-4" y="10" />
                <imgdir name="map">
                    <vector name="navel" x="0" y="0" />
                </imgdir>
                <string name="z" value="mailArm" />
            </canvas>
        </imgdir>
        <imgdir name="1">
            <canvas name="mail" width="24" height="28">
                <vector name="origin" x="8" y="11" />
                <imgdir name="map">
                    <vector name="navel" x="0" y="0" />
                </imgdir>
                <string name="z" value="mailChest" />
            </canvas>
            <canvas name="mailArm" width="10" height="22">
                <vector name="origin" x="-2" y="8" />
                <imgdir name="map">
                    <vector name="navel" x="0" y="0" />
                </imgdir>
                <string name="z" value="mailArm" />
            </canvas>
        </imgdir>
        <imgdir name="2">
            <canvas name="mail" width="22" height="30">
                <vector name="origin" x="7" y="13" />
                <imgdir name="map">
                    <vector name="navel" x="0" y="0" />
                </imgdir>
                <string name="z" value="mailChest" />
            </canvas>
            <canvas name="mailArm" width="9" height="23">
                <vector name="origin" x="-4" y="10" />
                <imgdir name="map">
                    <vector name="navel" x="0" y="0" />
                </imgdir>
                <string name="z" value="mailArm" />
            </canvas>
        </imgdir>
        <imgdir name="3">
            <canvas name="mail" width="23" height="28">
                <vector name="origin" x="9" y="14" />
                <imgdir name="map">
                    <vector name="navel" x="0" y="0" />
                </imgdir>
                <string name="z" value="mailChest" />
            </canvas>
            <canvas name="mailArm" width="10" height="21">
                <vector name="origin" x="-4" y="10" />
                <imgdir name="map">
                    <vector name="navel" x="0" y="0" />
                </imgdir>
                <string name="z" value="mailArm" />
            </canvas>
        </imgdir>
    </imgdir>
    <imgdir name="stand1">
        <imgdir name="0">
            <canvas name="mail" width="22" height="29">
                <vector name="origin" x="6" y="11" />
                <imgdir name="map">
                    <vector name="navel" x="0" y="0" />
                </imgdir>
                <string name="z" value="mailChest" />
            </canvas>
            <canvas name="mailArm" width="11" height="27">
                <vector name="origin" x="-7" y="8" />
                <imgdir name="map">
                    <vector name="navel" x="0" y="0" />
                </imgdir>
                <string name="z" value="mailArm" />
            </canvas>
        </imgdir>
        <imgdir name="1">
            <canvas name="mail" width="22" height="29">
                <vector name="origin" x="7" y="12" />
                <imgdir name="map">
                    <vector name="navel" x="0" y="0" />
                </imgdir>
                <string name="z" value="mailChest" />
            </canvas>
            <canvas name="mailArm" width="9" height="27">
                <vector name="origin" x="-8" y="9" />
                <imgdir name="map">
                    <vector name="navel" x="0" y="0" />
                </imgdir>
                <string name="z" value="mailArm" />
            </canvas>
        </imgdir>
        <imgdir name="2">
            <canvas name="mail" width="24" height="29">
                <vector name="origin" x="9" y="11" />
                <imgdir name="map">
                    <vector name="navel" x="0" y="0" />
                </imgdir>
                <string name="z" value="mailChest" />
            </canvas>
            <canvas name="mailArm" width="10" height="27">
                <vector name="origin" x="-7" y="8" />
                <imgdir name="map">
                    <vector name="navel" x="0" y="0" />
                </imgdir>
                <string name="z" value="mailArm" />
            </canvas>
        </imgdir>
    </imgdir>
    <imgdir name="stand2">
        <imgdir name="0">
            <canvas name="mail" width="21" height="29">
                <vector name="origin" x="5" y="11" />
                <imgdir name="map">
                    <vector name="navel" x="0" y="0" />
                </imgdir>
                <string name="z" value="mailChest" />
            </canvas>
            <canvas name="mailArm" width="11" height="21">
                <vector name="origin" x="-4" y="8" />
                <imgdir name="map">
                    <vector name="navel" x="0" y="0" />
                </imgdir>
                <string name="z" value="mailArm" />
            </canvas>
        </imgdir>
        <imgdir name="1">
            <canvas name="mail" width="22" height="29">
                <vector name="origin" x="7" y="12" />
                <imgdir name="map">
                    <vector name="navel" x="0" y="0" />
                </imgdir>
                <string name="z" value="mailChest" />
            </canvas>
            <canvas name="mailArm" width="9" height="21">
                <vector name="origin" x="-4" y="9" />
                <imgdir name="map">
                    <vector name="navel" x="0" y="0" />
                </imgdir>
                <string name="z" value="mailArm" />
            </canvas>
        </imgdir>
        <imgdir name="2">
            <canvas name="mail" width="24" height="29">
                <vector name="origin" x="9" y="11" />
                <imgdir name="map">
                    <vector name="navel" x="0" y="0" />
                </imgdir>
                <string name="z" value="mailChest" />
            </canvas>
            <canvas name="mailArm" width="9" height="21">
                <vector name="origin" x="-4" y="8" />
                <imgdir name="map">
                    <vector name="navel" x="0" y="0" />
                </imgdir>
                <string name="z" value="mailArm" />
            </canvas>
        </imgdir>
    </imgdir>
    <imgdir name="alert">
        <imgdir name="0">
            <canvas name="mail" width="23" height="27">
                <vector name="origin" x="10" y="12" />
                <imgdir name="map">
                    <vector name="navel" x="0" y="0" />
                </imgdir>
                <string name="z" value="mailChest" />
            </canvas>
            <canvas name="mailArm" width="10" height="22">
                <vector name="origin" x="-3" y="13" />
                <imgdir name="map">
                    <vector name="navel" x="0" y="0" />
                </imgdir>
                <string name="z" value="mailArmOverHair" />
            </canvas>
        </imgdir>
        <imgdir name="1">
            <canvas name="mail" width="23" height="29">
                <vector name="origin" x="10" y="12" />
                <imgdir name="map">
                    <vector name="navel" x="0" y="0" />
                </imgdir>
                <string name="z" value="mailChest" />
            </canvas>
            <canvas name="mailArm" width="10" height="22">
                <vector name="origin" x="-3" y="12" />
                <imgdir name="map">
                    <vector name="navel" x="0" y="0" />
                </imgdir>
                <string name="z" value="mailArmOverHair" />
            </canvas>
        </imgdir>
        <imgdir name="2">
            <canvas name="mail" width="24" height="30">
                <vector name="origin" x="10" y="12" />
                <imgdir name="map">
                    <vector name="navel" x="0" y="0" />
                </imgdir>
                <string name="z" value="mailChest" />
            </canvas>
            <canvas name="mailArm" width="9" height="20">
                <vector name="origin" x="-3" y="10" />
                <imgdir name="map">
                    <vector name="navel" x="0" y="0" />
                </imgdir>
                <string name="z" value="mailArmOverHair" />
            </canvas>
        </imgdir>
    </imgdir>
    <imgdir name="swingO1">
        <imgdir name="0">
            <canvas name="mail" width="19" height="30">
                <vector name="origin" x="8" y="16" />
                <imgdir name="map">
                    <vector name="navel" x="0" y="0" />
                </imgdir>
                <string name="z" value="mailChest" />
            </canvas>
            <canvas name="mailArm" width="11" height="14">
                <vector name="origin" x="13" y="10" />
                <imgdir name="map">
                    <vector name="navel" x="0" y="0" />
                </imgdir>
                <string name="z" value="mailArm" />
            </canvas>
        </imgdir>
        <imgdir name="1">
            <canvas name="mail" width="27" height="28">
                <vector name="origin" x="9" y="13" />
                <imgdir name="map">
                    <vector name="navel" x="0" y="0" />
                </imgdir>
                <string name="z" value="mailChest" />
            </canvas>
            <canvas name="mailArm" width="12" height="21">
                <vector name="origin" x="10" y="16" />
                <imgdir name="map">
                    <vector name="navel" x="0" y="0" />
                </imgdir>
                <string name="z" value="mailArmOverHair" />
            </canvas>
        </imgdir>
        <imgdir name="2">
            <canvas name="mail" width="34" height="26">
                <vector name="origin" x="7" y="12" />
                <imgdir name="map">
                    <vector name="navel" x="0" y="0" />
                </imgdir>
                <string name="z" value="mailChest" />
            </canvas>
            <canvas name="mailArm" width="22" height="12">
                <vector name="origin" x="1" y="18" />
                <imgdir name="map">
                    <vector name="navel" x="0" y="0" />
                </imgdir>
                <string name="z" value="mailArmOverHair" />
            </canvas>
        </imgdir>
    </imgdir>
    <imgdir name="swingO2">
        <imgdir name="0">
            <canvas name="mail" width="20" height="27">
                <vector name="origin" x="7" y="10" />
                <imgdir name="map">
                    <vector name="navel" x="0" y="0" />
                </imgdir>
                <string name="z" value="mailChest" />
            </canvas>
            <canvas name="mailArm" width="16" height="19">
                <vector name="origin" x="14" y="14" />
                <imgdir name="map">
                    <vector name="navel" x="0" y="0" />
                </imgdir>
                <string name="z" value="mailArmBelowHead" />
            </canvas>
        </imgdir>
        <imgdir name="1">
            <canvas name="mail" width="25" height="27">
                <vector name="origin" x="8" y="12" />
                <imgdir name="map">
                    <vector name="navel" x="0" y="0" />
                </imgdir>
                <string name="z" value="mailChest" />
            </canvas>
            <canvas name="mailArm" width="15" height="19">
                <vector name="origin" x="16" y="13" />
                <imgdir name="map">
                    <vector name="navel" x="0" y="0" />
                </imgdir>
                <string name="z" value="mailArmBelowHeadOverMailChest" />
            </canvas>
        </imgdir>
        <imgdir name="2">
            <canvas name="mail" width="31" height="26">
                <vector name="origin" x="12" y="12" />
                <imgdir name="map">
                    <vector name="navel" x="0" y="0" />
                </imgdir>
                <string name="z" value="mailChest" />
            </canvas>
            <canvas name="mailArm" width="16" height="23">
                <vector name="origin" x="0" y="15" />
                <imgdir name="map">
                    <vector name="navel" x="0" y="0" />
                </imgdir>
                <string name="z" value="mailArm" />
            </canvas>
        </imgdir>
    </imgdir>
    <imgdir name="swingO3">
        <imgdir name="0">
            <canvas name="mail" width="36" height="27">
                <vector name="origin" x="19" y="13" />
                <imgdir name="map">
                    <vector name="navel" x="0" y="0" />
                </imgdir>
                <string name="z" value="mailChest" />
            </canvas>
            <canvas name="mailArm" width="16" height="16">
                <vector name="origin" x="-1" y="15" />
                <imgdir name="map">
                    <vector name="navel" x="0" y="0" />
                </imgdir>
                <string name="z" value="mailArm" />
            </canvas>
        </imgdir>
        <imgdir name="1">
            <canvas name="mail" width="28" height="29">
                <vector name="origin" x="8" y="16" />
                <imgdir name="map">
                    <vector name="navel" x="0" y="0" />
                </imgdir>
                <string name="z" value="mailChest" />
            </canvas>
            <canvas name="mailArm" width="15" height="21">
                <vector name="origin" x="14" y="14" />
                <imgdir name="map">
                    <vector name="navel" x="0" y="0" />
                </imgdir>
                <string name="z" value="mailArm" />
            </canvas>
        </imgdir>
        <imgdir name="2">
            <canvas name="mail" width="19" height="30">
                <vector name="origin" x="3" y="16" />
                <imgdir name="map">
                    <vector name="navel" x="0" y="0" />
                </imgdir>
                <string name="z" value="mailChest" />
            </canvas>
            <canvas name="mailArm" width="11" height="14">
                <vector name="origin" x="8" y="10" />
                <imgdir name="map">
                    <vector name="navel" x="0" y="0" />
                </imgdir>
                <string name="z" value="mailArm" />
            </canvas>
        </imgdir>
    </imgdir>
    <imgdir name="swingOF">
        <imgdir name="0">
            <canvas name="mail" width="34" height="30">
                <vector name="origin" x="18" y="16" />
                <imgdir name="map">
                    <vector name="navel" x="0" y="0" />
                </imgdir>
                <string name="z" value="mailChest" />
            </canvas>
        </imgdir>
        <imgdir name="1">
            <canvas name="mail" width="33" height="31">
                <vector name="origin" x="14" y="16" />
                <imgdir name="map">
                    <vector name="navel" x="0" y="0" />
                </imgdir>
                <string name="z" value="backMailChest" />
            </canvas>
        </imgdir>
        <imgdir name="2">
            <canvas name="mail" width="35" height="29">
                <vector name="origin" x="17" y="14" />
                <imgdir name="map">
                    <vector name="navel" x="0" y="0" />
                </imgdir>
                <string name="z" value="mailChest" />
            </canvas>
        </imgdir>
        <imgdir name="3">
            <canvas name="mail" width="31" height="28">
                <vector name="origin" x="14" y="17" />
                <imgdir name="map">
                    <vector name="navel" x="0" y="0" />
                </imgdir>
                <string name="z" value="mailChest" />
            </canvas>
            <canvas name="mailArm" width="8" height="17">
                <vector name="origin" x="17" y="9" />
                <imgdir name="map">
                    <vector name="navel" x="0" y="0" />
                </imgdir>
                <string name="z" value="mailArmBelowHeadOverMailChest" />
            </canvas>
        </imgdir>
    </imgdir>
    <imgdir name="swingT1">
        <imgdir name="0">
            <canvas name="mail" width="17" height="25">
                <vector name="origin" x="6" y="10" />
                <imgdir name="map">
                    <vector name="navel" x="0" y="0" />
                </imgdir>
                <string name="z" value="mailChest" />
            </canvas>
            <canvas name="mailArm" width="12" height="16">
                <vector name="origin" x="-5" y="22" />
                <imgdir name="map">
                    <vector name="navel" x="0" y="0" />
                </imgdir>
                <string name="z" value="mailArmOverHairBelowWeapon" />
            </canvas>
            <canvas name="mailArmOverHair" width="12" height="16">
                <vector name="origin" x="-5" y="22" />
                <imgdir name="map">
                    <vector name="navel" x="0" y="0" />
                </imgdir>
                <string name="z" value="mailArmOverHair" />
            </canvas>
        </imgdir>
        <imgdir name="1">
            <canvas name="mail" width="24" height="27">
                <vector name="origin" x="7" y="13" />
                <imgdir name="map">
                    <vector name="navel" x="0" y="0" />
                </imgdir>
                <string name="z" value="mailChest" />
            </canvas>
            <canvas name="mailArm" width="15" height="12">
                <vector name="origin" x="19" y="8" />
                <imgdir name="map">
                    <vector name="navel" x="0" y="0" />
                </imgdir>
                <string name="z" value="mailArmOverHairBelowWeapon" />
            </canvas>
            <canvas name="mailArmOverHair" width="12" height="9">
                <vector name="origin" x="10" y="15" />
                <imgdir name="map">
                    <vector name="navel" x="0" y="0" />
                </imgdir>
                <string name="z" value="mailArmOverHair" />
            </canvas>
        </imgdir>
        <imgdir name="2">
            <canvas name="mail" width="33" height="25">
                <vector name="origin" x="10" y="11" />
                <imgdir name="map">
                    <vector name="navel" x="0" y="0" />
                </imgdir>
                <string name="z" value="mailChest" />
            </canvas>
            <canvas name="mailArm" width="11" height="22">
                <vector name="origin" x="14" y="8" />
                <imgdir name="map">
                    <vector name="navel" x="0" y="0" />
                </imgdir>
                <string name="z" value="mailArm" />
            </canvas>
        </imgdir>
    </imgdir>
    <imgdir name="swingT2">
        <imgdir name="0">
            <canvas name="mail" width="26" height="29">
                <vector name="origin" x="11" y="16" />
                <imgdir name="map">
                    <vector name="navel" x="0" y="0" />
                </imgdir>
                <string name="z" value="mailChest" />
            </canvas>
        </imgdir>
        <imgdir name="1">
            <canvas name="mail" width="26" height="29">
                <vector name="origin" x="14" y="14" />
                <imgdir name="map">
                    <vector name="navel" x="0" y="0" />
                </imgdir>
                <string name="z" value="mailChest" />
            </canvas>
            <canvas name="mailArm" width="19" height="16">
                <vector name="origin" x="10" y="13" />
                <imgdir name="map">
                    <vector name="navel" x="0" y="0" />
                </imgdir>
                <string name="z" value="mailArm" />
            </canvas>
        </imgdir>
        <imgdir name="2">
            <canvas name="mail" width="29" height="24">
                <vector name="origin" x="10" y="11" />
                <imgdir name="map">
                    <vector name="navel" x="0" y="0" />
                </imgdir>
                <string name="z" value="mailChest" />
            </canvas>
            <canvas name="mailArm" width="27" height="21">
                <vector name="origin" x="12" y="16" />
                <imgdir name="map">
                    <vector name="navel" x="0" y="0" />
                </imgdir>
                <string name="z" value="mailArmBelowHeadOverMailChest" />
            </canvas>
        </imgdir>
    </imgdir>
    <imgdir name="swingT3">
        <imgdir name="0">
            <canvas name="mail" width="18" height="27">
                <vector name="origin" x="8" y="12" />
                <imgdir name="map">
                    <vector name="navel" x="0" y="0" />
                </imgdir>
                <string name="z" value="mailChest" />
            </canvas>
            <canvas name="mailArm" width="10" height="15">
                <vector name="origin" x="6" y="9" />
                <imgdir name="map">
                    <vector name="navel" x="0" y="0" />
                </imgdir>
                <string name="z" value="mailArm" />
            </canvas>
        </imgdir>
        <imgdir name="1">
            <canvas name="mail" width="25" height="22">
                <vector name="origin" x="8" y="9" />
                <imgdir name="map">
                    <vector name="navel" x="0" y="0" />
                </imgdir>
                <string name="z" value="mailChest" />
            </canvas>
            <canvas name="mailArm" width="27" height="16">
                <vector name="origin" x="11" y="12" />
                <imgdir name="map">
                    <vector name="navel" x="0" y="0" />
                </imgdir>
                <string name="z" value="mailArmBelowHeadOverMailChest" />
            </canvas>
        </imgdir>
        <imgdir name="2">
            <canvas name="mail" width="32" height="26">
                <vector name="origin" x="10" y="11" />
                <imgdir name="map">
                    <vector name="navel" x="0" y="0" />
                </imgdir>
                <string name="z" value="mailChest" />
            </canvas>
            <canvas name="mailArm" width="20" height="12">
                <vector name="origin" x="21" y="10" />
                <imgdir name="map">
                    <vector name="navel" x="0" y="0" />
                </imgdir>
                <string name="z" value="mailArmBelowHead" />
            </canvas>
        </imgdir>
    </imgdir>
    <imgdir name="swingTF">
        <imgdir name="0">
            <canvas name="mail" width="22" height="35">
                <vector name="origin" x="9" y="18" />
                <imgdir name="map">
                    <vector name="navel" x="0" y="0" />
                </imgdir>
                <string name="z" value="backMailChest" />
            </canvas>
        </imgdir>
        <imgdir name="1">
            <canvas name="mail" width="24" height="30">
                <vector name="origin" x="15" y="11" />
                <imgdir name="map">
                    <vector name="navel" x="0" y="0" />
                </imgdir>
                <string name="z" value="mailChest" />
            </canvas>
            <canvas name="mailArm" width="15" height="10">
                <vector name="origin" x="1" y="13" />
                <imgdir name="map">
                    <vector name="navel" x="0" y="0" />
                </imgdir>
                <string name="z" value="mailArmBelowHeadOverMailChest" />
            </canvas>
        </imgdir>
        <imgdir name="2">
            <canvas name="mail" width="20" height="26">
                <vector name="origin" x="8" y="12" />
                <imgdir name="map">
                    <vector name="navel" x="0" y="0" />
                </imgdir>
                <string name="z" value="mailChest" />
            </canvas>
            <canvas name="mailArm" width="18" height="13">
                <vector name="origin" x="13" y="15" />
                <imgdir name="map">
                    <vector name="navel" x="0" y="0" />
                </imgdir>
                <string name="z" value="mailArmOverHair" />
            </canvas>
        </imgdir>
        <imgdir name="3">
            <canvas name="mail" width="31" height="25">
                <vector name="origin" x="11" y="13" />
                <imgdir name="map">
                    <vector name="navel" x="0" y="0" />
                </imgdir>
                <string name="z" value="mailChest" />
            </canvas>
            <canvas name="mailArm" width="13" height="21">
                <vector name="origin" x="16" y="10" />
                <imgdir name="map">
                    <vector name="navel" x="0" y="0" />
                </imgdir>
                <string name="z" value="mailArmOverHair" />
            </canvas>
        </imgdir>
    </imgdir>
    <imgdir name="swingP1">
        <imgdir name="0">
            <canvas name="mail" width="17" height="25">
                <vector name="origin" x="7" y="11" />
                <imgdir name="map">
                    <vector name="navel" x="0" y="0" />
                </imgdir>
                <string name="z" value="mailChest" />
            </canvas>
            <canvas name="mailArm" width="11" height="15">
                <vector name="origin" x="10" y="21" />
                <imgdir name="map">
                    <vector name="navel" x="0" y="0" />
                </imgdir>
                <string name="z" value="mailArmOverHairBelowWeapon" />
            </canvas>
            <canvas name="mailArmOverHair" width="12" height="15">
                <vector name="origin" x="-4" y="22" />
                <imgdir name="map">
                    <vector name="navel" x="0" y="0" />
                </imgdir>
                <string name="z" value="mailArmOverHair" />
            </canvas>
        </imgdir>
        <imgdir name="1">
            <canvas name="mail" width="31" height="27">
                <vector name="origin" x="14" y="14" />
                <imgdir name="map">
                    <vector name="navel" x="0" y="0" />
                </imgdir>
                <string name="z" value="mailChest" />
            </canvas>
            <canvas name="mailArm" width="12" height="9">
                <vector name="origin" x="10" y="16" />
                <imgdir name="map">
                    <vector name="navel" x="0" y="0" />
                </imgdir>
                <string name="z" value="mailArmOverHair" />
            </canvas>
        </imgdir>
        <imgdir name="2">
            <canvas name="mail" width="32" height="25">
                <vector name="origin" x="9" y="12" />
                <imgdir name="map">
                    <vector name="navel" x="0" y="0" />
                </imgdir>
                <string name="z" value="mailChest" />
            </canvas>
            <canvas name="mailArm" width="11" height="18">
                <vector name="origin" x="14" y="9" />
                <imgdir name="map">
                    <vector name="navel" x="0" y="0" />
                </imgdir>
                <string name="z" value="mailArm" />
            </canvas>
        </imgdir>
    </imgdir>
    <imgdir name="swingP2">
        <imgdir name="0">
            <canvas name="mail" width="21" height="32">
                <vector name="origin" x="9" y="18" />
                <imgdir name="map">
                    <vector name="navel" x="0" y="0" />
                </imgdir>
                <string name="z" value="mailChest" />
            </canvas>
            <canvas name="mailArm" width="17" height="14">
                <vector name="origin" x="16" y="11" />
                <imgdir name="map">
                    <vector name="navel" x="0" y="0" />
                </imgdir>
                <string name="z" value="mailArm" />
            </canvas>
        </imgdir>
        <imgdir name="1">
            <canvas name="mail" width="34" height="27">
                <vector name="origin" x="17" y="14" />
                <imgdir name="map">
                    <vector name="navel" x="0" y="0" />
                </imgdir>
                <string name="z" value="mailChest" />
            </canvas>
            <canvas name="mailArm" width="15" height="18">
                <vector name="origin" x="12" y="12" />
                <imgdir name="map">
                    <vector name="navel" x="0" y="0" />
                </imgdir>
                <string name="z" value="mailArm" />
            </canvas>
        </imgdir>
        <imgdir name="2">
            <canvas name="mail" width="29" height="25">
                <vector name="origin" x="10" y="12" />
                <imgdir name="map">
                    <vector name="navel" x="0" y="0" />
                </imgdir>
                <string name="z" value="mailChest" />
            </canvas>
            <canvas name="mailArm" width="25" height="20">
                <vector name="origin" x="15" y="16" />
                <imgdir name="map">
                    <vector name="navel" x="0" y="0" />
                </imgdir>
                <string name="z" value="mailArmBelowHead" />
            </canvas>
        </imgdir>
    </imgdir>
    <imgdir name="swingPF">
        <imgdir name="0">
            <canvas name="mail" width="35" height="26">
                <vector name="origin" x="17" y="13" />
                <imgdir name="map">
                    <vector name="navel" x="0" y="0" />
                </imgdir>
                <string name="z" value="mailChest" />
            </canvas>
            <canvas name="mailArm" width="23" height="8">
                <vector name="origin" x="-6" y="17" />
                <imgdir name="map">
                    <vector name="navel" x="0" y="0" />
                </imgdir>
                <string name="z" value="mailArm" />
            </canvas>
        </imgdir>
        <imgdir name="1">
            <canvas name="mail" width="29" height="26">
                <vector name="origin" x="14" y="13" />
                <imgdir name="map">
                    <vector name="navel" x="0" y="0" />
                </imgdir>
                <string name="z" value="mailChest" />
            </canvas>
            <canvas name="mailArm" width="21" height="7">
                <vector name="origin" x="-7" y="16" />
                <imgdir name="map">
                    <vector name="navel" x="0" y="0" />
                </imgdir>
                <string name="z" value="mailArm" />
            </canvas>
        </imgdir>
        <imgdir name="2">
            <canvas name="mail" width="23" height="30">
                <vector name="origin" x="13" y="13" />
                <imgdir name="map">
                    <vector name="navel" x="0" y="0" />
                </imgdir>
                <string name="z" value="mailChest" />
            </canvas>
            <canvas name="mailArm" width="12" height="14">
                <vector name="origin" x="17" y="21" />
                <imgdir name="map">
                    <vector name="navel" x="0" y="0" />
                </imgdir>
                <string name="z" value="mailArmOverHair" />
            </canvas>
            <canvas name="mailArmOverHair" width="12" height="14">
                <vector name="origin" x="0" y="22" />
                <imgdir name="map">
                    <vector name="navel" x="0" y="0" />
                </imgdir>
                <string name="z" value="mailArmOverHair" />
            </canvas>
        </imgdir>
        <imgdir name="3">
            <canvas name="mail" width="33" height="25">
                <vector name="origin" x="12" y="12" />
                <imgdir name="map">
                    <vector name="navel" x="0" y="0" />
                </imgdir>
                <string name="z" value="mailChest" />
            </canvas>
            <canvas name="mailArm" width="11" height="18">
                <vector name="origin" x="16" y="8" />
                <imgdir name="map">
                    <vector name="navel" x="0" y="0" />
                </imgdir>
                <string name="z" value="mailArmOverHair" />
            </canvas>
        </imgdir>
    </imgdir>
    <imgdir name="stabO1">
        <imgdir name="0">
            <canvas name="mail" width="29" height="27">
                <vector name="origin" x="17" y="12" />
                <imgdir name="map">
                    <vector name="navel" x="0" y="0" />
                </imgdir>
                <string name="z" value="mailChest" />
            </canvas>
            <canvas name="mailArm" width="20" height="11">
                <vector name="origin" x="-4" y="13" />
                <imgdir name="map">
                    <vector name="navel" x="0" y="0" />
                </imgdir>
                <string name="z" value="mailArm" />
            </canvas>
        </imgdir>
        <imgdir name="1">
            <canvas name="mail" width="33" height="30">
                <vector name="origin" x="9" y="16" />
                <imgdir name="map">
                    <vector name="navel" x="0" y="0" />
                </imgdir>
                <string name="z" value="mailChest" />
            </canvas>
            <canvas name="mailArm" width="19" height="19">
                <vector name="origin" x="20" y="15" />
                <imgdir name="map">
                    <vector name="navel" x="0" y="0" />
                </imgdir>
                <string name="z" value="mailArmOverHair" />
            </canvas>
        </imgdir>
    </imgdir>
    <imgdir name="stabO2">
        <imgdir name="0">
            <canvas name="mail" width="27" height="29">
                <vector name="origin" x="16" y="13" />
                <imgdir name="map">
                    <vector name="navel" x="0" y="0" />
                </imgdir>
                <string name="z" value="mailChest" />
            </canvas>
            <canvas name="mailArm" width="11" height="16">
                <vector name="origin" x="-7" y="11" />
                <imgdir name="map">
                    <vector name="navel" x="0" y="0" />
                </imgdir>
                <string name="z" value="mailArmOverHair" />
            </canvas>
        </imgdir>
        <imgdir name="1">
            <canvas name="mail" width="35" height="27">
                <vector name="origin" x="7" y="12" />
                <imgdir name="map">
                    <vector name="navel" x="0" y="0" />
                </imgdir>
                <string name="z" value="mailChest" />
            </canvas>
            <canvas name="mailArm" width="19" height="19">
                <vector name="origin" x="18" y="14" />
                <imgdir name="map">
                    <vector name="navel" x="0" y="0" />
                </imgdir>
                <string name="z" value="mailArmOverHair" />
            </canvas>
        </imgdir>
    </imgdir>
    <imgdir name="stabOF">
        <imgdir name="0">
            <canvas name="mail" width="21" height="24">
                <vector name="origin" x="17" y="13" />
                <imgdir name="map">
                    <vector name="navel" x="0" y="0" />
                </imgdir>
                <string name="z" value="mailChest" />
            </canvas>
            <canvas name="mailArm" width="22" height="12">
                <vector name="origin" x="5" y="15" />
                <imgdir name="map">
                    <vector name="navel" x="0" y="0" />
                </imgdir>
                <string name="z" value="mailArmOverHair" />
            </canvas>
        </imgdir>
        <imgdir name="1">
            <canvas name="mail" width="36" height="22">
                <vector name="origin" x="23" y="9" />
                <imgdir name="map">
                    <vector name="navel" x="0" y="0" />
                </imgdir>
                <string name="z" value="mailChest" />
            </canvas>
            <canvas name="mailArm" width="20" height="11">
                <vector name="origin" x="3" y="13" />
                <imgdir name="map">
                    <vector name="navel" x="0" y="0" />
                </imgdir>
                <string name="z" value="mailArmOverHair" />
            </canvas>
        </imgdir>
        <imgdir name="2">
            <canvas name="mail" width="38" height="24">
                <vector name="origin" x="18" y="12" />
                <imgdir name="map">
                    <vector name="navel" x="0" y="0" />
                </imgdir>
                <string name="z" value="mailChest" />
            </canvas>
            <canvas name="mailArm" width="21" height="12">
                <vector name="origin" x="21" y="12" />
                <imgdir name="map">
                    <vector name="navel" x="0" y="0" />
                </imgdir>
                <string name="z" value="mailArmOverHair" />
            </canvas>
        </imgdir>
    </imgdir>
    <imgdir name="stabT1">
        <imgdir name="0">
            <canvas name="mail" width="26" height="26">
                <vector name="origin" x="15" y="12" />
                <imgdir name="map">
                    <vector name="navel" x="0" y="0" />
                </imgdir>
                <string name="z" value="mailChest" />
            </canvas>
            <canvas name="mailArm" width="22" height="14">
                <vector name="origin" x="0" y="15" />
                <imgdir name="map">
                    <vector name="navel" x="0" y="0" />
                </imgdir>
                <string name="z" value="mailArmBelowHead" />
            </canvas>
        </imgdir>
        <imgdir name="1">
            <canvas name="mail" width="32" height="25">
                <vector name="origin" x="14" y="11" />
                <imgdir name="map">
                    <vector name="navel" x="0" y="0" />
                </imgdir>
                <string name="z" value="mailChest" />
            </canvas>
            <canvas name="mailArm" width="17" height="11">
                <vector name="origin" x="-2" y="17" />
                <imgdir name="map">
                    <vector name="navel" x="0" y="0" />
                </imgdir>
                <string name="z" value="mailArmBelowHead" />
            </canvas>
        </imgdir>
        <imgdir name="2">
            <canvas name="mail" width="40" height="23">
                <vector name="origin" x="19" y="12" />
                <imgdir name="map">
                    <vector name="navel" x="0" y="0" />
                </imgdir>
                <string name="z" value="mailChest" />
            </canvas>
            <canvas name="mailArm" width="11" height="14">
                <vector name="origin" x="-3" y="15" />
                <imgdir name="map">
                    <vector name="navel" x="0" y="0" />
                </imgdir>
                <string name="z" value="mailArmBelowHead" />
            </canvas>
        </imgdir>
    </imgdir>
    <imgdir name="stabT2">
        <imgdir name="0">
            <canvas name="mail" width="26" height="27">
                <vector name="origin" x="14" y="14" />
                <imgdir name="map">
                    <vector name="navel" x="0" y="0" />
                </imgdir>
                <string name="z" value="mailChest" />
            </canvas>
            <canvas name="mailArm" width="18" height="12">
                <vector name="origin" x="-3" y="21" />
                <imgdir name="map">
                    <vector name="navel" x="0" y="0" />
                </imgdir>
                <string name="z" value="mailArmBelowHead" />
            </canvas>
        </imgdir>
        <imgdir name="1">
            <canvas name="mail" width="33" height="25">
                <vector name="origin" x="18" y="13" />
                <imgdir name="map">
                    <vector name="navel" x="0" y="0" />
                </imgdir>
                <string name="z" value="mailChest" />
            </canvas>
            <canvas name="mailArm" width="17" height="12">
                <vector name="origin" x="4" y="21" />
                <imgdir name="map">
                    <vector name="navel" x="0" y="0" />
                </imgdir>
                <string name="z" value="mailArmBelowHead" />
            </canvas>
        </imgdir>
        <imgdir name="2">
            <canvas name="mail" width="45" height="24">
                <vector name="origin" x="24" y="12" />
                <imgdir name="map">
                    <vector name="navel" x="0" y="0" />
                </imgdir>
                <string name="z" value="mailChest" />
            </canvas>
            <canvas name="mailArm" width="17" height="14">
                <vector name="origin" x="-1" y="16" />
                <imgdir name="map">
                    <vector name="navel" x="0" y="0" />
                </imgdir>
                <string name="z" value="mailArmBelowHead" />
            </canvas>
        </imgdir>
    </imgdir>
    <imgdir name="stabTF">
        <imgdir name="0">
            <uol name="mail" value="../../swingPF/0/mail" />
            <uol name="mailArm" value="../../swingPF/0/mailArm" />
        </imgdir>
        <imgdir name="1">
            <uol name="mail" value="../../swingPF/1/mail" />
            <uol name="mailArm" value="../../swingPF/1/mailArm" />
        </imgdir>
        <imgdir name="2">
            <canvas name="mail" width="19" height="33">
                <vector name="origin" x="12" y="13" />
                <imgdir name="map">
                    <vector name="navel" x="0" y="0" />
                </imgdir>
                <string name="z" value="mailChest" />
            </canvas>
            <canvas name="mailArm" width="19" height="12">
                <vector name="origin" x="-3" y="21" />
                <imgdir name="map">
                    <vector name="navel" x="0" y="0" />
                </imgdir>
                <string name="z" value="mailArmBelowHead" />
            </canvas>
            <canvas name="mailArmOverHair" width="15" height="17">
                <vector name="origin" x="9" y="12" />
                <imgdir name="map">
                    <vector name="navel" x="0" y="0" />
                </imgdir>
                <string name="z" value="mailArmOverHair" />
            </canvas>
        </imgdir>
        <imgdir name="3">
            <uol name="mail" value="../../stabT1/2/mail" />
            <uol name="mailArm" value="../../stabT1/2/mailArm" />
        </imgdir>
    </imgdir>
    <imgdir name="shoot1">
        <imgdir name="0">
            <canvas name="mail" width="29" height="30">
                <vector name="origin" x="18" y="14" />
                <imgdir name="map">
                    <vector name="navel" x="0" y="0" />
                </imgdir>
                <string name="z" value="mailChest" />
            </canvas>
            <canvas name="mailArm" width="14" height="16">
                <vector name="origin" x="3" y="16" />
                <imgdir name="map">
                    <vector name="navel" x="0" y="0" />
                </imgdir>
                <string name="z" value="mailArmOverHair" />
            </canvas>
        </imgdir>
        <imgdir name="1">
            <canvas name="mail" width="29" height="30">
                <vector name="origin" x="18" y="14" />
                <imgdir name="map">
                    <vector name="navel" x="0" y="0" />
                </imgdir>
                <string name="z" value="mailChest" />
            </canvas>
            <canvas name="mailArm" width="12" height="14">
                <vector name="origin" x="-6" y="11" />
                <imgdir name="map">
                    <vector name="navel" x="0" y="0" />
                </imgdir>
                <string name="z" value="mailArmOverHair" />
            </canvas>
        </imgdir>
        <imgdir name="2">
            <uol name="mail" value="../1/mail" />
            <uol name="mailArm" value="../1/mailArm" />
        </imgdir>
    </imgdir>
    <imgdir name="shoot2">
        <imgdir name="0">
            <canvas name="mail" width="26" height="28">
                <vector name="origin" x="13" y="13" />
                <imgdir name="map">
                    <vector name="navel" x="0" y="0" />
                </imgdir>
                <string name="z" value="mailChest" />
            </canvas>
            <canvas name="mailArm" width="10" height="19">
                <vector name="origin" x="-5" y="15" />
                <imgdir name="map">
                    <vector name="navel" x="0" y="0" />
                </imgdir>
                <string name="z" value="mailArmOverHair" />
            </canvas>
        </imgdir>
        <imgdir name="1">
            <canvas name="mail" width="26" height="28">
                <vector name="origin" x="13" y="13" />
                <imgdir name="map">
                    <vector name="navel" x="0" y="0" />
                </imgdir>
                <string name="z" value="mailChest" />
            </canvas>
            <canvas name="mailArm" width="15" height="16">
                <vector name="origin" x="5" y="16" />
                <imgdir name="map">
                    <vector name="navel" x="0" y="0" />
                </imgdir>
                <string name="z" value="mailArmOverHair" />
            </canvas>
        </imgdir>
        <imgdir name="2">
            <canvas name="mail" width="27" height="28">
                <vector name="origin" x="14" y="13" />
                <imgdir name="map">
                    <vector name="navel" x="0" y="0" />
                </imgdir>
                <string name="z" value="mailChest" />
            </canvas>
            <canvas name="mailArm" width="7" height="18">
                <vector name="origin" x="-7" y="16" />
                <imgdir name="map">
                    <vector name="navel" x="0" y="0" />
                </imgdir>
                <string name="z" value="mailArmOverHair" />
            </canvas>
        </imgdir>
        <imgdir name="3">
            <canvas name="mail" width="27" height="28">
                <vector name="origin" x="14" y="13" />
                <imgdir name="map">
                    <vector name="navel" x="0" y="0" />
                </imgdir>
                <string name="z" value="mailChest" />
            </canvas>
            <canvas name="mailArm" width="10" height="19">
                <vector name="origin" x="-5" y="15" />
                <imgdir name="map">
                    <vector name="navel" x="0" y="0" />
                </imgdir>
                <string name="z" value="mailArmOverHair" />
            </canvas>
        </imgdir>
        <imgdir name="4">
            <canvas name="mail" width="25" height="28">
                <vector name="origin" x="12" y="13" />
                <imgdir name="map">
                    <vector name="navel" x="0" y="0" />
                </imgdir>
                <string name="z" value="mailChest" />
            </canvas>
            <canvas name="mailArm" width="11" height="19">
                <vector name="origin" x="-6" y="15" />
                <imgdir name="map">
                    <vector name="navel" x="0" y="0" />
                </imgdir>
                <string name="z" value="mailArmOverHair" />
            </canvas>
        </imgdir>
    </imgdir>
    <imgdir name="shootF">
        <imgdir name="0">
            <canvas name="mail" width="28" height="31">
                <vector name="origin" x="21" y="15" />
                <imgdir name="map">
                    <vector name="navel" x="0" y="0" />
                </imgdir>
                <string name="z" value="mailChest" />
            </canvas>
            <canvas name="mailArm" width="9" height="16">
                <vector name="origin" x="0" y="15" />
                <imgdir name="map">
                    <vector name="navel" x="0" y="0" />
                </imgdir>
                <string name="z" value="mailArmOverHair" />
            </canvas>
        </imgdir>
        <imgdir name="1">
            <canvas name="mail" width="30" height="31">
                <vector name="origin" x="21" y="17" />
                <imgdir name="map">
                    <vector name="navel" x="0" y="0" />
                </imgdir>
                <string name="z" value="mailChest" />
            </canvas>
            <canvas name="mailArm" width="8" height="15">
                <vector name="origin" x="-9" y="10" />
                <imgdir name="map">
                    <vector name="navel" x="0" y="0" />
                </imgdir>
                <string name="z" value="mailArmOverHair" />
            </canvas>
        </imgdir>
        <imgdir name="2">
            <uol name="mail" value="../1/mail" />
            <uol name="mailArm" value="../1/mailArm" />
        </imgdir>
    </imgdir>
    <imgdir name="proneStab">
        <imgdir name="0">
            <canvas name="mail" width="47" height="15">
                <vector name="origin" x="32" y="12" />
                <imgdir name="map">
                    <vector name="navel" x="0" y="0" />
                </imgdir>
                <string name="z" value="mailChest" />
            </canvas>
            <canvas name="mailArm" width="15" height="7">
                <vector name="origin" x="4" y="4" />
                <imgdir name="map">
                    <vector name="navel" x="0" y="0" />
                </imgdir>
                <string name="z" value="mailArmOverHair" />
            </canvas>
        </imgdir>
        <imgdir name="1">
            <uol name="mail" value="../0/mail" />
            <canvas name="mailArm" width="23" height="8">
                <vector name="origin" x="19" y="5" />
                <imgdir name="map">
                    <vector name="navel" x="0" y="0" />
                </imgdir>
                <string name="z" value="mailArmOverHair" />
            </canvas>
        </imgdir>
    </imgdir>
    <imgdir name="prone">
        <imgdir name="0">
            <uol name="mail" value="../../proneStab/0/mail" />
            <uol name="mailArm" value="../../proneStab/0/mailArm" />
        </imgdir>
    </imgdir>
    <imgdir name="heal">
        <imgdir name="0">
            <uol name="mail" value="../../alert/1/mail" />
            <uol name="mailArm" value="../../alert/1/mailArm" />
        </imgdir>
        <imgdir name="1">
            <uol name="mail" value="../../swingO2/1/mail" />
            <uol name="mailArm" value="../../swingO2/1/mailArm" />
        </imgdir>
        <imgdir name="2">
            <uol name="mail" value="../../swingO2/0/mail" />
            <uol name="mailArm" value="../../swingO2/0/mailArm" />
        </imgdir>
    </imgdir>
    <imgdir name="fly">
        <imgdir name="0">
            <canvas name="mail" width="27" height="29">
                <vector name="origin" x="9" y="14" />
                <imgdir name="map">
                    <vector name="navel" x="0" y="0" />
                </imgdir>
                <string name="z" value="mailChest" />
            </canvas>
            <canvas name="mailArm" width="11" height="19">
                <vector name="origin" x="-4" y="16" />
                <imgdir name="map">
                    <vector name="navel" x="0" y="0" />
                </imgdir>
                <string name="z" value="mailArmOverHair" />
            </canvas>
        </imgdir>
        <imgdir name="1">
            <canvas name="mail" width="26" height="29">
                <vector name="origin" x="9" y="14" />
                <imgdir name="map">
                    <vector name="navel" x="0" y="0" />
                </imgdir>
                <string name="z" value="mailChest" />
            </canvas>
            <canvas name="mailArm" width="11" height="19">
                <vector name="origin" x="-4" y="16" />
                <imgdir name="map">
                    <vector name="navel" x="0" y="0" />
                </imgdir>
                <string name="z" value="mailArmOverHair" />
            </canvas>
        </imgdir>
    </imgdir>
    <imgdir name="jump">
        <imgdir name="0">
            <canvas name="mail" width="28" height="27">
                <vector name="origin" x="8" y="12" />
                <imgdir name="map">
                    <vector name="navel" x="0" y="0" />
                </imgdir>
                <string name="z" value="mailChest" />
            </canvas>
            <canvas name="mailArm" width="11" height="19">
                <vector name="origin" x="-5" y="15" />
                <imgdir name="map">
                    <vector name="navel" x="0" y="0" />
                </imgdir>
                <string name="z" value="mailArmOverHair" />
            </canvas>
        </imgdir>
    </imgdir>
    <imgdir name="sit">
        <imgdir name="0">
            <canvas name="mail" width="19" height="23">
                <vector name="origin" x="11" y="12" />
                <imgdir name="map">
                    <vector name="navel" x="0" y="0" />
                </imgdir>
                <string name="z" value="mailChest" />
            </canvas>
            <canvas name="mailArm" width="9" height="26">
                <vector name="origin" x="-5" y="12" />
                <imgdir name="map">
                    <vector name="navel" x="0" y="0" />
                </imgdir>
                <string name="z" value="mailArm" />
            </canvas>
        </imgdir>
    </imgdir>
    <imgdir name="ladder">
        <imgdir name="0">
            <canvas name="mail" width="23" height="30">
                <vector name="origin" x="12" y="14" />
                <imgdir name="map">
                    <vector name="navel" x="0" y="0" />
                </imgdir>
                <string name="z" value="backMailChest" />
            </canvas>
        </imgdir>
        <imgdir name="1">
            <canvas name="mail" width="24" height="30">
                <vector name="origin" x="11" y="14" />
                <imgdir name="map">
                    <vector name="navel" x="0" y="0" />
                </imgdir>
                <string name="z" value="backMailChest" />
            </canvas>
        </imgdir>
    </imgdir>
    <imgdir name="rope">
        <imgdir name="0">
            <canvas name="mail" width="23" height="32">
                <vector name="origin" x="12" y="13" />
                <imgdir name="map">
                    <vector name="navel" x="0" y="0" />
                </imgdir>
                <string name="z" value="backMailChest" />
            </canvas>
        </imgdir>
        <imgdir name="1">
            <canvas name="mail" width="19" height="25">
                <vector name="origin" x="9" y="10" />
                <imgdir name="map">
                    <vector name="navel" x="0" y="0" />
                </imgdir>
                <string name="z" value="backMailChest" />
            </canvas>
        </imgdir>
    </imgdir>
</imgdir>