<?xml version="1.0" encoding="utf-8" standalone="yes"?>
<imgdir name="01052168.img">
    <imgdir name="info">
        <canvas name="icon" width="26" height="28">
            <vector name="origin" x="-2" y="28" />
        </canvas>
        <canvas name="iconRaw" width="23" height="26">
            <vector name="origin" x="-3" y="28" />
        </canvas>
        <string name="islot" value="MaPn" />
        <string name="vslot" value="MaPn" />
        <int name="reqJob" value="0" />
        <int name="reqLevel" value="0" />
        <int name="reqSTR" value="0" />
        <int name="reqDEX" value="0" />
        <int name="reqINT" value="0" />
        <int name="reqLUK" value="0" />
        <int name="cash" value="1" />
    </imgdir>
    <imgdir name="walk1">
        <imgdir name="0">
            <canvas name="mail" width="15" height="22">
                <vector name="origin" x="5" y="11" />
                <imgdir name="map">
                    <vector name="navel" x="0" y="0" />
                </imgdir>
                <string name="z" value="pantsOverShoesBelowMailChest" />
            </canvas>
        </imgdir>
        <imgdir name="1">
            <canvas name="mail" width="16" height="22">
                <vector name="origin" x="5" y="10" />
                <imgdir name="map">
                    <vector name="navel" x="0" y="0" />
                </imgdir>
                <string name="z" value="pantsOverShoesBelowMailChest" />
            </canvas>
        </imgdir>
        <imgdir name="2">
            <canvas name="mail" width="15" height="22">
                <vector name="origin" x="5" y="11" />
                <imgdir name="map">
                    <vector name="navel" x="0" y="0" />
                </imgdir>
                <string name="z" value="pantsOverShoesBelowMailChest" />
            </canvas>
        </imgdir>
        <imgdir name="3">
            <canvas name="mail" width="15" height="22">
                <vector name="origin" x="5" y="12" />
                <imgdir name="map">
                    <vector name="navel" x="0" y="0" />
                </imgdir>
                <string name="z" value="pantsOverShoesBelowMailChest" />
            </canvas>
        </imgdir>
    </imgdir>
    <imgdir name="walk2">
        <imgdir name="0">
            <canvas name="mail" width="15" height="22">
                <vector name="origin" x="5" y="11" />
                <imgdir name="map">
                    <vector name="navel" x="0" y="0" />
                </imgdir>
                <string name="z" value="pantsOverShoesBelowMailChest" />
            </canvas>
        </imgdir>
        <imgdir name="1">
            <canvas name="mail" width="16" height="22">
                <vector name="origin" x="5" y="10" />
                <imgdir name="map">
                    <vector name="navel" x="0" y="0" />
                </imgdir>
                <string name="z" value="pantsOverShoesBelowMailChest" />
            </canvas>
        </imgdir>
        <imgdir name="2">
            <canvas name="mail" width="15" height="22">
                <vector name="origin" x="5" y="11" />
                <imgdir name="map">
                    <vector name="navel" x="0" y="0" />
                </imgdir>
                <string name="z" value="pantsOverShoesBelowMailChest" />
            </canvas>
        </imgdir>
        <imgdir name="3">
            <canvas name="mail" width="15" height="22">
                <vector name="origin" x="5" y="12" />
                <imgdir name="map">
                    <vector name="navel" x="0" y="0" />
                </imgdir>
                <string name="z" value="pantsOverShoesBelowMailChest" />
            </canvas>
        </imgdir>
    </imgdir>
    <imgdir name="stand1">
        <imgdir name="0">
            <canvas name="mail" width="16" height="22">
                <vector name="origin" x="4" y="10" />
                <imgdir name="map">
                    <vector name="navel" x="0" y="0" />
                </imgdir>
                <string name="z" value="pantsOverShoesBelowMailChest" />
            </canvas>
        </imgdir>
        <imgdir name="1">
            <canvas name="mail" width="16" height="22">
                <vector name="origin" x="5" y="11" />
                <imgdir name="map">
                    <vector name="navel" x="0" y="0" />
                </imgdir>
                <string name="z" value="pantsOverShoesBelowMailChest" />
            </canvas>
        </imgdir>
        <imgdir name="2">
            <canvas name="mail" width="16" height="21">
                <vector name="origin" x="6" y="9" />
                <imgdir name="map">
                    <vector name="navel" x="0" y="0" />
                </imgdir>
                <string name="z" value="pantsOverShoesBelowMailChest" />
            </canvas>
        </imgdir>
    </imgdir>
    <imgdir name="stand2">
        <imgdir name="0">
            <canvas name="mail" width="16" height="21">
                <vector name="origin" x="4" y="9" />
                <imgdir name="map">
                    <vector name="navel" x="0" y="0" />
                </imgdir>
                <string name="z" value="pantsOverShoesBelowMailChest" />
            </canvas>
        </imgdir>
        <imgdir name="1">
            <canvas name="mail" width="16" height="21">
                <vector name="origin" x="5" y="10" />
                <imgdir name="map">
                    <vector name="navel" x="0" y="0" />
                </imgdir>
                <string name="z" value="pantsOverShoesBelowMailChest" />
            </canvas>
        </imgdir>
        <imgdir name="2">
            <canvas name="mail" width="16" height="21">
                <vector name="origin" x="6" y="9" />
                <imgdir name="map">
                    <vector name="navel" x="0" y="0" />
                </imgdir>
                <string name="z" value="pantsOverShoesBelowMailChest" />
            </canvas>
        </imgdir>
    </imgdir>
    <imgdir name="alert">
        <imgdir name="0">
            <canvas name="mail" width="16" height="19">
                <vector name="origin" x="7" y="10" />
                <imgdir name="map">
                    <vector name="navel" x="0" y="0" />
                </imgdir>
                <string name="z" value="pantsOverShoesBelowMailChest" />
            </canvas>
        </imgdir>
        <imgdir name="1">
            <canvas name="mail" width="16" height="20">
                <vector name="origin" x="7" y="10" />
                <imgdir name="map">
                    <vector name="navel" x="0" y="0" />
                </imgdir>
                <string name="z" value="pantsOverShoesBelowMailChest" />
            </canvas>
        </imgdir>
        <imgdir name="2">
            <canvas name="mail" width="15" height="20">
                <vector name="origin" x="6" y="10" />
                <imgdir name="map">
                    <vector name="navel" x="0" y="0" />
                </imgdir>
                <string name="z" value="pantsOverShoesBelowMailChest" />
            </canvas>
        </imgdir>
    </imgdir>
    <imgdir name="swingO1">
        <imgdir name="0">
            <canvas name="mail" width="17" height="19">
                <vector name="origin" x="7" y="11" />
                <imgdir name="map">
                    <vector name="navel" x="0" y="0" />
                </imgdir>
                <string name="z" value="pantsOverShoesBelowMailChest" />
            </canvas>
        </imgdir>
        <imgdir name="1">
            <canvas name="mail" width="15" height="21">
                <vector name="origin" x="3" y="11" />
                <imgdir name="map">
                    <vector name="navel" x="0" y="0" />
                </imgdir>
                <string name="z" value="pantsOverShoesBelowMailChest" />
            </canvas>
        </imgdir>
        <imgdir name="2">
            <canvas name="mail" width="22" height="18">
                <vector name="origin" x="5" y="10" />
                <imgdir name="map">
                    <vector name="navel" x="0" y="0" />
                </imgdir>
                <string name="z" value="pantsOverShoesBelowMailChest" />
            </canvas>
        </imgdir>
    </imgdir>
    <imgdir name="swingO2">
        <imgdir name="0">
            <canvas name="mail" width="15" height="20">
                <vector name="origin" x="5" y="11" />
                <imgdir name="map">
                    <vector name="navel" x="0" y="0" />
                </imgdir>
                <string name="z" value="pantsOverShoesBelowMailChest" />
            </canvas>
        </imgdir>
        <imgdir name="1">
            <canvas name="mail" width="16" height="21">
                <vector name="origin" x="7" y="13" />
                <imgdir name="map">
                    <vector name="navel" x="0" y="0" />
                </imgdir>
                <string name="z" value="pantsOverShoesBelowMailChest" />
            </canvas>
        </imgdir>
        <imgdir name="2">
            <canvas name="mail" width="18" height="19">
                <vector name="origin" x="6" y="12" />
                <imgdir name="map">
                    <vector name="navel" x="0" y="0" />
                </imgdir>
                <string name="z" value="pantsOverShoesBelowMailChest" />
            </canvas>
        </imgdir>
    </imgdir>
    <imgdir name="swingO3">
        <imgdir name="0">
            <canvas name="mail" width="19" height="19">
                <vector name="origin" x="7" y="11" />
                <imgdir name="map">
                    <vector name="navel" x="0" y="0" />
                </imgdir>
                <string name="z" value="pantsOverShoesBelowMailChest" />
            </canvas>
        </imgdir>
        <imgdir name="1">
            <canvas name="mail" width="17" height="19">
                <vector name="origin" x="4" y="12" />
                <imgdir name="map">
                    <vector name="navel" x="0" y="0" />
                </imgdir>
                <string name="z" value="pantsOverShoesBelowMailChest" />
            </canvas>
        </imgdir>
        <imgdir name="2">
            <canvas name="mail" width="17" height="19">
                <vector name="origin" x="3" y="11" />
                <imgdir name="map">
                    <vector name="navel" x="0" y="0" />
                </imgdir>
                <string name="z" value="pantsOverShoesBelowMailChest" />
            </canvas>
        </imgdir>
    </imgdir>
    <imgdir name="swingOF">
        <imgdir name="0">
            <canvas name="mail" width="17" height="20">
                <vector name="origin" x="7" y="11" />
                <imgdir name="map">
                    <vector name="navel" x="0" y="0" />
                </imgdir>
                <string name="z" value="pantsOverShoesBelowMailChest" />
            </canvas>
        </imgdir>
        <imgdir name="1">
            <canvas name="mail" width="16" height="21">
                <vector name="origin" x="8" y="12" />
                <imgdir name="map">
                    <vector name="navel" x="0" y="0" />
                </imgdir>
                <string name="z" value="backMailChest" />
            </canvas>
        </imgdir>
        <imgdir name="2">
            <canvas name="mail" width="18" height="19">
                <vector name="origin" x="4" y="12" />
                <imgdir name="map">
                    <vector name="navel" x="0" y="0" />
                </imgdir>
                <string name="z" value="pantsOverShoesBelowMailChest" />
            </canvas>
        </imgdir>
        <imgdir name="3">
            <canvas name="mail" width="21" height="18">
                <vector name="origin" x="11" y="12" />
                <imgdir name="map">
                    <vector name="navel" x="0" y="0" />
                </imgdir>
                <string name="z" value="pantsOverShoesBelowMailChest" />
            </canvas>
        </imgdir>
    </imgdir>
    <imgdir name="swingT1">
        <imgdir name="0">
            <canvas name="mail" width="16" height="20">
                <vector name="origin" x="6" y="10" />
                <imgdir name="map">
                    <vector name="navel" x="0" y="0" />
                </imgdir>
                <string name="z" value="pantsOverShoesBelowMailChest" />
            </canvas>
        </imgdir>
        <imgdir name="1">
            <canvas name="mail" width="15" height="21">
                <vector name="origin" x="5" y="13" />
                <imgdir name="map">
                    <vector name="navel" x="0" y="0" />
                </imgdir>
                <string name="z" value="pantsOverShoesBelowMailChest" />
            </canvas>
        </imgdir>
        <imgdir name="2">
            <canvas name="mail" width="21" height="18">
                <vector name="origin" x="7" y="10" />
                <imgdir name="map">
                    <vector name="navel" x="0" y="0" />
                </imgdir>
                <string name="z" value="pantsOverShoesBelowMailChest" />
            </canvas>
        </imgdir>
    </imgdir>
    <imgdir name="swingT2">
        <imgdir name="0">
            <canvas name="mail" width="17" height="20">
                <vector name="origin" x="7" y="11" />
                <imgdir name="map">
                    <vector name="navel" x="0" y="0" />
                </imgdir>
                <string name="z" value="pantsOverShoesBelowMailChest" />
            </canvas>
        </imgdir>
        <imgdir name="1">
            <canvas name="mail" width="17" height="19">
                <vector name="origin" x="7" y="11" />
                <imgdir name="map">
                    <vector name="navel" x="0" y="0" />
                </imgdir>
                <string name="z" value="pantsOverShoesBelowMailChest" />
            </canvas>
        </imgdir>
        <imgdir name="2">
            <canvas name="mail" width="21" height="18">
                <vector name="origin" x="8" y="11" />
                <imgdir name="map">
                    <vector name="navel" x="0" y="0" />
                </imgdir>
                <string name="z" value="pantsOverShoesBelowMailChest" />
            </canvas>
        </imgdir>
    </imgdir>
    <imgdir name="swingT3">
        <imgdir name="0">
            <canvas name="mail" width="15" height="19">
                <vector name="origin" x="6" y="11" />
                <imgdir name="map">
                    <vector name="navel" x="0" y="0" />
                </imgdir>
                <string name="z" value="pantsOverShoesBelowMailChest" />
            </canvas>
        </imgdir>
        <imgdir name="1">
            <canvas name="mail" width="20" height="16">
                <vector name="origin" x="7" y="8" />
                <imgdir name="map">
                    <vector name="navel" x="0" y="0" />
                </imgdir>
                <string name="z" value="pantsOverShoesBelowMailChest" />
            </canvas>
        </imgdir>
        <imgdir name="2">
            <canvas name="mail" width="21" height="18">
                <vector name="origin" x="8" y="10" />
                <imgdir name="map">
                    <vector name="navel" x="0" y="0" />
                </imgdir>
                <string name="z" value="pantsOverShoesBelowMailChest" />
            </canvas>
        </imgdir>
    </imgdir>
    <imgdir name="swingTF">
        <imgdir name="0">
            <canvas name="mail" width="15" height="21">
                <vector name="origin" x="7" y="11" />
                <imgdir name="map">
                    <vector name="navel" x="0" y="0" />
                </imgdir>
                <string name="z" value="mailChestOverPants" />
            </canvas>
        </imgdir>
        <imgdir name="1">
            <canvas name="mail" width="15" height="19">
                <vector name="origin" x="10" y="11" />
                <imgdir name="map">
                    <vector name="navel" x="0" y="0" />
                </imgdir>
                <string name="z" value="pantsOverShoesBelowMailChest" />
            </canvas>
        </imgdir>
        <imgdir name="2">
            <canvas name="mail" width="18" height="20">
                <vector name="origin" x="7" y="12" />
                <imgdir name="map">
                    <vector name="navel" x="0" y="0" />
                </imgdir>
                <string name="z" value="pantsOverShoesBelowMailChest" />
            </canvas>
        </imgdir>
        <imgdir name="3">
            <canvas name="mail" width="21" height="18">
                <vector name="origin" x="9" y="12" />
                <imgdir name="map">
                    <vector name="navel" x="0" y="0" />
                </imgdir>
                <string name="z" value="pantsOverShoesBelowMailChest" />
            </canvas>
        </imgdir>
    </imgdir>
    <imgdir name="swingP1">
        <imgdir name="0">
            <canvas name="mail" width="16" height="20">
                <vector name="origin" x="7" y="11" />
                <imgdir name="map">
                    <vector name="navel" x="0" y="0" />
                </imgdir>
                <string name="z" value="pantsOverShoesBelowMailChest" />
            </canvas>
        </imgdir>
        <imgdir name="1">
            <canvas name="mail" width="15" height="21">
                <vector name="origin" x="5" y="14" />
                <imgdir name="map">
                    <vector name="navel" x="0" y="0" />
                </imgdir>
                <string name="z" value="pantsOverShoesBelowMailChest" />
            </canvas>
        </imgdir>
        <imgdir name="2">
            <canvas name="mail" width="21" height="18">
                <vector name="origin" x="7" y="11" />
                <imgdir name="map">
                    <vector name="navel" x="0" y="0" />
                </imgdir>
                <string name="z" value="pantsOverShoesBelowMailChest" />
            </canvas>
        </imgdir>
    </imgdir>
    <imgdir name="swingP2">
        <imgdir name="0">
            <canvas name="mail" width="15" height="21">
                <vector name="origin" x="6" y="10" />
                <imgdir name="map">
                    <vector name="navel" x="0" y="0" />
                </imgdir>
                <string name="z" value="pantsOverShoesBelowMailChest" />
            </canvas>
        </imgdir>
        <imgdir name="1">
            <canvas name="mail" width="17" height="21">
                <vector name="origin" x="6" y="13" />
                <imgdir name="map">
                    <vector name="navel" x="0" y="0" />
                </imgdir>
                <string name="z" value="pantsOverShoesBelowMailChest" />
            </canvas>
        </imgdir>
        <imgdir name="2">
            <canvas name="mail" width="21" height="18">
                <vector name="origin" x="8" y="11" />
                <imgdir name="map">
                    <vector name="navel" x="0" y="0" />
                </imgdir>
                <string name="z" value="pantsOverShoesBelowMailChest" />
            </canvas>
        </imgdir>
    </imgdir>
    <imgdir name="swingPF">
        <imgdir name="0">
            <canvas name="mail" width="21" height="22">
                <vector name="origin" x="7" y="13" />
                <imgdir name="map">
                    <vector name="navel" x="0" y="0" />
                </imgdir>
                <string name="z" value="pantsOverShoesBelowMailChest" />
            </canvas>
        </imgdir>
        <imgdir name="1">
            <canvas name="mail" width="21" height="22">
                <vector name="origin" x="8" y="13" />
                <imgdir name="map">
                    <vector name="navel" x="0" y="0" />
                </imgdir>
                <string name="z" value="pantsOverShoesBelowMailChest" />
            </canvas>
        </imgdir>
        <imgdir name="2">
            <canvas name="mail" width="17" height="21">
                <vector name="origin" x="10" y="11" />
                <imgdir name="map">
                    <vector name="navel" x="0" y="0" />
                </imgdir>
                <string name="z" value="pantsOverShoesBelowMailChest" />
            </canvas>
        </imgdir>
        <imgdir name="3">
            <canvas name="mail" width="18" height="20">
                <vector name="origin" x="9" y="12" />
                <imgdir name="map">
                    <vector name="navel" x="0" y="0" />
                </imgdir>
                <string name="z" value="pantsOverShoesBelowMailChest" />
            </canvas>
        </imgdir>
    </imgdir>
    <imgdir name="stabO1">
        <imgdir name="0">
            <canvas name="mail" width="19" height="21">
                <vector name="origin" x="9" y="11" />
                <imgdir name="map">
                    <vector name="navel" x="0" y="0" />
                </imgdir>
                <string name="z" value="pantsOverShoesBelowMailChest" />
            </canvas>
        </imgdir>
        <imgdir name="1">
            <canvas name="mail" width="20" height="18">
                <vector name="origin" x="7" y="12" />
                <imgdir name="map">
                    <vector name="navel" x="0" y="0" />
                </imgdir>
                <string name="z" value="pantsOverShoesBelowMailChest" />
            </canvas>
        </imgdir>
    </imgdir>
    <imgdir name="stabO2">
        <imgdir name="0">
            <canvas name="mail" width="17" height="20">
                <vector name="origin" x="7" y="11" />
                <imgdir name="map">
                    <vector name="navel" x="0" y="0" />
                </imgdir>
                <string name="z" value="pantsOverShoesBelowMailChest" />
            </canvas>
        </imgdir>
        <imgdir name="1">
            <canvas name="mail" width="21" height="19">
                <vector name="origin" x="5" y="11" />
                <imgdir name="map">
                    <vector name="navel" x="0" y="0" />
                </imgdir>
                <string name="z" value="pantsOverShoesBelowMailChest" />
            </canvas>
        </imgdir>
    </imgdir>
    <imgdir name="stabOF">
        <imgdir name="0">
            <canvas name="mail" width="15" height="18">
                <vector name="origin" x="12" y="13" />
                <imgdir name="map">
                    <vector name="navel" x="0" y="0" />
                </imgdir>
                <string name="z" value="pantsOverShoesBelowMailChest" />
            </canvas>
        </imgdir>
        <imgdir name="1">
            <canvas name="mail" width="19" height="18">
                <vector name="origin" x="12" y="9" />
                <imgdir name="map">
                    <vector name="navel" x="0" y="0" />
                </imgdir>
                <string name="z" value="pantsOverShoesBelowMailChest" />
            </canvas>
        </imgdir>
        <imgdir name="2">
            <canvas name="mail" width="21" height="18">
                <vector name="origin" x="9" y="12" />
                <imgdir name="map">
                    <vector name="navel" x="0" y="0" />
                </imgdir>
                <string name="z" value="pantsOverShoesBelowMailChest" />
            </canvas>
        </imgdir>
    </imgdir>
    <imgdir name="stabT1">
        <imgdir name="0">
            <canvas name="mail" width="18" height="21">
                <vector name="origin" x="8" y="13" />
                <imgdir name="map">
                    <vector name="navel" x="0" y="0" />
                </imgdir>
                <string name="z" value="pantsOverShoesBelowMailChest" />
            </canvas>
        </imgdir>
        <imgdir name="1">
            <canvas name="mail" width="23" height="20">
                <vector name="origin" x="7" y="11" />
                <imgdir name="map">
                    <vector name="navel" x="0" y="0" />
                </imgdir>
                <string name="z" value="pantsOverShoesBelowMailChest" />
            </canvas>
        </imgdir>
        <imgdir name="2">
            <canvas name="mail" width="23" height="18">
                <vector name="origin" x="8" y="11" />
                <imgdir name="map">
                    <vector name="navel" x="0" y="0" />
                </imgdir>
                <string name="z" value="pantsOverShoesBelowMailChest" />
            </canvas>
        </imgdir>
    </imgdir>
    <imgdir name="stabT2">
        <imgdir name="0">
            <canvas name="mail" width="17" height="21">
                <vector name="origin" x="6" y="14" />
                <imgdir name="map">
                    <vector name="navel" x="0" y="0" />
                </imgdir>
                <string name="z" value="pantsOverShoesBelowMailChest" />
            </canvas>
        </imgdir>
        <imgdir name="1">
            <canvas name="mail" width="23" height="20">
                <vector name="origin" x="12" y="13" />
                <imgdir name="map">
                    <vector name="navel" x="0" y="0" />
                </imgdir>
                <string name="z" value="pantsOverShoesBelowMailChest" />
            </canvas>
        </imgdir>
        <imgdir name="2">
            <canvas name="mail" width="21" height="19">
                <vector name="origin" x="8" y="12" />
                <imgdir name="map">
                    <vector name="navel" x="0" y="0" />
                </imgdir>
                <string name="z" value="pantsOverShoesBelowMailChest" />
            </canvas>
        </imgdir>
    </imgdir>
    <imgdir name="stabTF">
        <imgdir name="0">
            <uol name="mail" value="../../swingPF/0/mail" />
        </imgdir>
        <imgdir name="1">
            <uol name="mail" value="../../swingPF/1/mail" />
        </imgdir>
        <imgdir name="2">
            <canvas name="mail" width="17" height="21">
                <vector name="origin" x="8" y="10" />
                <imgdir name="map">
                    <vector name="navel" x="2" y="1" />
                </imgdir>
                <string name="z" value="pantsOverShoesBelowMailChest" />
            </canvas>
        </imgdir>
        <imgdir name="3">
            <uol name="mail" value="../../stabT1/2/mail" />
        </imgdir>
    </imgdir>
    <imgdir name="shoot1">
        <imgdir name="0">
            <canvas name="mail" width="15" height="21">
                <vector name="origin" x="7" y="12" />
                <imgdir name="map">
                    <vector name="navel" x="0" y="0" />
                </imgdir>
                <string name="z" value="pantsOverShoesBelowMailChest" />
            </canvas>
        </imgdir>
        <imgdir name="1">
            <canvas name="mail" width="15" height="21">
                <vector name="origin" x="7" y="12" />
                <imgdir name="map">
                    <vector name="navel" x="0" y="0" />
                </imgdir>
                <string name="z" value="pantsOverShoesBelowMailChest" />
            </canvas>
        </imgdir>
        <imgdir name="2">
            <uol name="mail" value="../1/mail" />
        </imgdir>
    </imgdir>
    <imgdir name="shoot2">
        <imgdir name="0">
            <canvas name="mail" width="15" height="20">
                <vector name="origin" x="5" y="12" />
                <imgdir name="map">
                    <vector name="navel" x="0" y="0" />
                </imgdir>
                <string name="z" value="pantsOverShoesBelowMailChest" />
            </canvas>
        </imgdir>
        <imgdir name="1">
            <canvas name="mail" width="15" height="20">
                <vector name="origin" x="5" y="12" />
                <imgdir name="map">
                    <vector name="navel" x="0" y="0" />
                </imgdir>
                <string name="z" value="pantsOverShoesBelowMailChest" />
            </canvas>
        </imgdir>
        <imgdir name="2">
            <canvas name="mail" width="15" height="20">
                <vector name="origin" x="5" y="12" />
                <imgdir name="map">
                    <vector name="navel" x="0" y="0" />
                </imgdir>
                <string name="z" value="pantsOverShoesBelowMailChest" />
            </canvas>
        </imgdir>
        <imgdir name="3">
            <canvas name="mail" width="15" height="20">
                <vector name="origin" x="5" y="12" />
                <imgdir name="map">
                    <vector name="navel" x="0" y="0" />
                </imgdir>
                <string name="z" value="pantsOverShoesBelowMailChest" />
            </canvas>
        </imgdir>
        <imgdir name="4">
            <canvas name="mail" width="15" height="20">
                <vector name="origin" x="5" y="12" />
                <imgdir name="map">
                    <vector name="navel" x="0" y="0" />
                </imgdir>
                <string name="z" value="pantsOverShoesBelowMailChest" />
            </canvas>
        </imgdir>
    </imgdir>
    <imgdir name="shootF">
        <imgdir name="0">
            <canvas name="mail" width="16" height="21">
                <vector name="origin" x="10" y="12" />
                <imgdir name="map">
                    <vector name="navel" x="0" y="0" />
                </imgdir>
                <string name="z" value="pantsOverShoesBelowMailChest" />
            </canvas>
        </imgdir>
        <imgdir name="1">
            <canvas name="mail" width="16" height="21">
                <vector name="origin" x="10" y="12" />
                <imgdir name="map">
                    <vector name="navel" x="0" y="0" />
                </imgdir>
                <string name="z" value="pantsOverShoesBelowMailChest" />
            </canvas>
        </imgdir>
        <imgdir name="2">
            <uol name="mail" value="../1/mail" />
        </imgdir>
    </imgdir>
    <imgdir name="proneStab">
        <imgdir name="0">
            <canvas name="mail" width="37" height="15">
                <vector name="origin" x="26" y="12" />
                <imgdir name="map">
                    <vector name="navel" x="0" y="0" />
                </imgdir>
                <string name="z" value="pantsOverShoesBelowMailChest" />
            </canvas>
        </imgdir>
        <imgdir name="1">
            <canvas name="mail" width="37" height="15">
                <vector name="origin" x="26" y="12" />
                <imgdir name="map">
                    <vector name="navel" x="0" y="0" />
                </imgdir>
                <string name="z" value="pantsOverShoesBelowMailChest" />
            </canvas>
        </imgdir>
    </imgdir>
    <imgdir name="prone">
        <imgdir name="0">
            <uol name="mail" value="../../proneStab/0/mail" />
        </imgdir>
    </imgdir>
    <imgdir name="heal">
        <imgdir name="0">
            <uol name="mail" value="../../alert/1/mail" />
        </imgdir>
        <imgdir name="1">
            <uol name="mail" value="../../swingO2/1/mail" />
        </imgdir>
        <imgdir name="2">
            <uol name="mail" value="../../swingO2/0/mail" />
        </imgdir>
    </imgdir>
    <imgdir name="fly">
        <imgdir name="0">
            <canvas name="mail" width="14" height="20">
                <vector name="origin" x="5" y="12" />
                <imgdir name="map">
                    <vector name="navel" x="0" y="0" />
                </imgdir>
                <string name="z" value="pantsOverShoesBelowMailChest" />
            </canvas>
        </imgdir>
        <imgdir name="1">
            <canvas name="mail" width="14" height="20">
                <vector name="origin" x="5" y="12" />
                <imgdir name="map">
                    <vector name="navel" x="0" y="0" />
                </imgdir>
                <string name="z" value="pantsOverShoesBelowMailChest" />
            </canvas>
        </imgdir>
    </imgdir>
    <imgdir name="jump">
        <imgdir name="0">
            <canvas name="mail" width="16" height="21">
                <vector name="origin" x="5" y="11" />
                <imgdir name="map">
                    <vector name="navel" x="0" y="0" />
                </imgdir>
                <string name="z" value="pantsOverShoesBelowMailChest" />
            </canvas>
        </imgdir>
    </imgdir>
    <imgdir name="sit">
        <imgdir name="0">
            <canvas name="mail" width="15" height="18">
                <vector name="origin" x="6" y="11" />
                <imgdir name="map">
                    <vector name="navel" x="0" y="0" />
                </imgdir>
                <string name="z" value="pantsOverShoesBelowMailChest" />
            </canvas>
        </imgdir>
    </imgdir>
    <imgdir name="ladder">
        <imgdir name="0">
            <canvas name="mail" width="16" height="18">
                <vector name="origin" x="8" y="7" />
                <imgdir name="map">
                    <vector name="navel" x="0" y="0" />
                </imgdir>
                <string name="z" value="backPants" />
            </canvas>
        </imgdir>
        <imgdir name="1">
            <canvas name="mail" width="16" height="18">
                <vector name="origin" x="8" y="7" />
                <imgdir name="map">
                    <vector name="navel" x="0" y="0" />
                </imgdir>
                <string name="z" value="backPants" />
            </canvas>
        </imgdir>
    </imgdir>
    <imgdir name="rope">
        <imgdir name="0">
            <canvas name="mail" width="15" height="18">
                <vector name="origin" x="8" y="7" />
                <imgdir name="map">
                    <vector name="navel" x="0" y="0" />
                </imgdir>
                <string name="z" value="backPants" />
            </canvas>
        </imgdir>
        <imgdir name="1">
            <canvas name="mail" width="17" height="17">
                <vector name="origin" x="8" y="8" />
                <imgdir name="map">
                    <vector name="navel" x="0" y="0" />
                </imgdir>
                <string name="z" value="backPants" />
            </canvas>
        </imgdir>
    </imgdir>
</imgdir>