<?xml version="1.0" encoding="utf-8" standalone="yes"?>
<imgdir name="01050018.img">
    <imgdir name="info">
        <canvas name="icon" width="30" height="29">
            <vector name="origin" x="-1" y="29" />
        </canvas>
        <canvas name="iconRaw" width="30" height="25">
            <vector name="origin" x="-1" y="29" />
        </canvas>
        <string name="islot" value="MaPn" />
        <string name="vslot" value="MaPn" />
        <int name="reqJob" value="0" />
        <int name="reqLevel" value="30" />
        <int name="reqSTR" value="0" />
        <int name="reqDEX" value="0" />
        <int name="reqINT" value="0" />
        <int name="reqLUK" value="0" />
        <int name="incPDD" value="30" />
        <int name="incEVA" value="10" />
        <int name="tuc" value="10" />
        <int name="price" value="2300" />
        <int name="cash" value="0" />
        <float name="recovery" value="1.5" />
    </imgdir>
    <imgdir name="walk1">
        <imgdir name="0">
            <canvas name="mail" width="17" height="20">
                <vector name="origin" x="11" y="9" />
                <imgdir name="map">
                    <vector name="navel" x="-5" y="1" />
                </imgdir>
                <string name="z" value="mailChest" />
            </canvas>
            <canvas name="mailArm" width="11" height="9">
                <vector name="origin" x="4" y="3" />
                <imgdir name="map">
                    <vector name="navel" x="-10" y="7" />
                </imgdir>
                <string name="z" value="mailArm" />
            </canvas>
        </imgdir>
        <imgdir name="1">
            <canvas name="mail" width="16" height="19">
                <vector name="origin" x="11" y="9" />
                <imgdir name="map">
                    <vector name="navel" x="-5" y="0" />
                </imgdir>
                <string name="z" value="mailChest" />
            </canvas>
            <canvas name="mailArm" width="7" height="15">
                <vector name="origin" x="3" y="5" />
                <imgdir name="map">
                    <vector name="navel" x="-9" y="3" />
                </imgdir>
                <string name="z" value="mailArm" />
            </canvas>
        </imgdir>
        <imgdir name="2">
            <uol name="mail" value="../0/mail" />
            <uol name="mailArm" value="../0/mailArm" />
        </imgdir>
        <imgdir name="3">
            <canvas name="mail" width="22" height="19">
                <vector name="origin" x="11" y="9" />
                <imgdir name="map">
                    <vector name="navel" x="0" y="2" />
                </imgdir>
                <string name="z" value="mailChest" />
            </canvas>
            <canvas name="mailArm" width="13" height="8">
                <vector name="origin" x="4" y="2" />
                <imgdir name="map">
                    <vector name="navel" x="-10" y="9" />
                </imgdir>
                <string name="z" value="mailArm" />
            </canvas>
        </imgdir>
    </imgdir>
    <imgdir name="walk2">
        <imgdir name="0">
            <canvas name="mail" width="19" height="19">
                <vector name="origin" x="11" y="9" />
                <imgdir name="map">
                    <vector name="navel" x="-4" y="1" />
                </imgdir>
                <string name="z" value="mailChest" />
            </canvas>
            <canvas name="mailArm" width="7" height="13">
                <vector name="origin" x="3" y="5" />
                <imgdir name="map">
                    <vector name="navel" x="-9" y="4" />
                </imgdir>
                <string name="z" value="mailArm" />
            </canvas>
        </imgdir>
        <imgdir name="1">
            <canvas name="mail" width="17" height="18">
                <vector name="origin" x="11" y="9" />
                <imgdir name="map">
                    <vector name="navel" x="-5" y="0" />
                </imgdir>
                <string name="z" value="mailChest" />
            </canvas>
            <canvas name="mailArm" width="7" height="13">
                <vector name="origin" x="3" y="5" />
                <imgdir name="map">
                    <vector name="navel" x="-8" y="3" />
                </imgdir>
                <string name="z" value="mailArm" />
            </canvas>
        </imgdir>
        <imgdir name="2">
            <uol name="mail" value="../0/mail" />
            <uol name="mailArm" value="../0/mailArm" />
        </imgdir>
        <imgdir name="3">
            <canvas name="mail" width="17" height="19">
                <vector name="origin" x="11" y="9" />
                <imgdir name="map">
                    <vector name="navel" x="-4" y="2" />
                </imgdir>
                <string name="z" value="mailChest" />
            </canvas>
            <canvas name="mailArm" width="7" height="13">
                <vector name="origin" x="3" y="4" />
                <imgdir name="map">
                    <vector name="navel" x="-10" y="6" />
                </imgdir>
                <string name="z" value="mailArm" />
            </canvas>
        </imgdir>
    </imgdir>
    <imgdir name="stand1">
        <imgdir name="0">
            <canvas name="mail" width="14" height="20">
                <vector name="origin" x="11" y="9" />
                <imgdir name="map">
                    <vector name="navel" x="-8" y="0" />
                </imgdir>
                <string name="z" value="mailChest" />
            </canvas>
            <canvas name="mailArm" width="8" height="11">
                <vector name="origin" x="3" y="4" />
                <imgdir name="map">
                    <vector name="navel" x="-12" y="4" />
                </imgdir>
                <string name="z" value="mailArm" />
            </canvas>
        </imgdir>
        <imgdir name="1">
            <canvas name="mail" width="16" height="20">
                <vector name="origin" x="10" y="9" />
                <imgdir name="map">
                    <vector name="navel" x="-4" y="1" />
                </imgdir>
                <string name="z" value="mailChest" />
            </canvas>
            <canvas name="mailArm" width="8" height="12">
                <vector name="origin" x="3" y="4" />
                <imgdir name="map">
                    <vector name="navel" x="-11" y="6" />
                </imgdir>
                <string name="z" value="mailArm" />
            </canvas>
        </imgdir>
        <imgdir name="2">
            <canvas name="mail" width="17" height="20">
                <vector name="origin" x="10" y="9" />
                <imgdir name="map">
                    <vector name="navel" x="-3" y="0" />
                </imgdir>
                <string name="z" value="mailChest" />
            </canvas>
            <canvas name="mailArm" width="10" height="11">
                <vector name="origin" x="4" y="4" />
                <imgdir name="map">
                    <vector name="navel" x="-11" y="4" />
                </imgdir>
                <string name="z" value="mailArm" />
            </canvas>
        </imgdir>
    </imgdir>
    <imgdir name="stand2">
        <imgdir name="0">
            <canvas name="mail" width="16" height="20">
                <vector name="origin" x="11" y="9" />
                <imgdir name="map">
                    <vector name="navel" x="-6" y="0" />
                </imgdir>
                <string name="z" value="mailChest" />
            </canvas>
            <canvas name="mailArm" width="7" height="13">
                <vector name="origin" x="3" y="5" />
                <imgdir name="map">
                    <vector name="navel" x="-9" y="3" />
                </imgdir>
                <string name="z" value="mailArm" />
            </canvas>
        </imgdir>
        <imgdir name="1">
            <canvas name="mail" width="17" height="20">
                <vector name="origin" x="10" y="9" />
                <imgdir name="map">
                    <vector name="navel" x="-4" y="1" />
                </imgdir>
                <string name="z" value="mailChest" />
            </canvas>
            <canvas name="mailArm" width="7" height="13">
                <vector name="origin" x="3" y="5" />
                <imgdir name="map">
                    <vector name="navel" x="-9" y="4" />
                </imgdir>
                <string name="z" value="mailArm" />
            </canvas>
        </imgdir>
        <imgdir name="2">
            <canvas name="mail" width="18" height="20">
                <vector name="origin" x="10" y="9" />
                <imgdir name="map">
                    <vector name="navel" x="-2" y="0" />
                </imgdir>
                <string name="z" value="mailChest" />
            </canvas>
            <canvas name="mailArm" width="8" height="13">
                <vector name="origin" x="3" y="4" />
                <imgdir name="map">
                    <vector name="navel" x="-8" y="4" />
                </imgdir>
                <string name="z" value="mailArm" />
            </canvas>
        </imgdir>
    </imgdir>
    <imgdir name="alert">
        <imgdir name="0">
            <canvas name="mail" width="18" height="20">
                <vector name="origin" x="10" y="10" />
                <imgdir name="map">
                    <vector name="navel" x="-1" y="0" />
                </imgdir>
                <string name="z" value="mailChest" />
            </canvas>
            <canvas name="mailArm" width="8" height="13">
                <vector name="origin" x="4" y="4" />
                <imgdir name="map">
                    <vector name="navel" x="-9" y="5" />
                </imgdir>
                <string name="z" value="mailArmOverHair" />
            </canvas>
        </imgdir>
        <imgdir name="1">
            <canvas name="mail" width="18" height="21">
                <vector name="origin" x="10" y="10" />
                <imgdir name="map">
                    <vector name="navel" x="-2" y="0" />
                </imgdir>
                <string name="z" value="mailChest" />
            </canvas>
            <canvas name="mailArm" width="7" height="14">
                <vector name="origin" x="3" y="5" />
                <imgdir name="map">
                    <vector name="navel" x="-8" y="4" />
                </imgdir>
                <string name="z" value="mailArmOverHair" />
            </canvas>
        </imgdir>
        <imgdir name="2">
            <canvas name="mail" width="15" height="20">
                <vector name="origin" x="11" y="9" />
                <imgdir name="map">
                    <vector name="navel" x="-3" y="1" />
                </imgdir>
                <string name="z" value="mailChest" />
            </canvas>
            <canvas name="mailArm" width="7" height="16">
                <vector name="origin" x="3" y="5" />
                <imgdir name="map">
                    <vector name="navel" x="-8" y="4" />
                </imgdir>
                <string name="z" value="mailArmOverHair" />
            </canvas>
        </imgdir>
    </imgdir>
    <imgdir name="swingO1">
        <imgdir name="0">
            <canvas name="mail" width="18" height="19">
                <vector name="origin" x="11" y="9" />
                <imgdir name="map">
                    <vector name="navel" x="-5" y="2" />
                </imgdir>
                <string name="z" value="mailChest" />
            </canvas>
            <canvas name="mailArm" width="8" height="8">
                <vector name="origin" x="3" y="5" />
                <imgdir name="map">
                    <vector name="navel" x="9" y="3" />
                </imgdir>
                <string name="z" value="mailArm" />
            </canvas>
        </imgdir>
        <imgdir name="1">
            <canvas name="mail" width="18" height="20">
                <vector name="origin" x="10" y="10" />
                <imgdir name="map">
                    <vector name="navel" x="-7" y="0" />
                </imgdir>
                <string name="z" value="mailChest" />
            </canvas>
            <canvas name="mailArm" width="11" height="8">
                <vector name="origin" x="3" y="5" />
                <imgdir name="map">
                    <vector name="navel" x="7" y="6" />
                </imgdir>
                <string name="z" value="mailArmOverHair" />
            </canvas>
        </imgdir>
        <imgdir name="2">
            <canvas name="mail" width="23" height="17">
                <vector name="origin" x="11" y="9" />
                <imgdir name="map">
                    <vector name="navel" x="-5" y="0" />
                </imgdir>
                <string name="z" value="mailChest" />
            </canvas>
            <canvas name="mailArm" width="14" height="14">
                <vector name="origin" x="3" y="5" />
                <imgdir name="map">
                    <vector name="navel" x="-5" y="15" />
                </imgdir>
                <string name="z" value="mailArmOverHair" />
            </canvas>
        </imgdir>
    </imgdir>
    <imgdir name="swingO2">
        <imgdir name="0">
            <canvas name="mail" width="15" height="20">
                <vector name="origin" x="10" y="10" />
                <imgdir name="map">
                    <vector name="navel" x="-4" y="0" />
                </imgdir>
                <string name="z" value="mailChest" />
            </canvas>
            <canvas name="mailArm" width="18" height="8">
                <vector name="origin" x="4" y="4" />
                <imgdir name="map">
                    <vector name="navel" x="13" y="9" />
                </imgdir>
                <string name="z" value="mailArmBelowHead" />
            </canvas>
        </imgdir>
        <imgdir name="1">
            <canvas name="mail" width="18" height="22">
                <vector name="origin" x="10" y="10" />
                <imgdir name="map">
                    <vector name="navel" x="-3" y="2" />
                </imgdir>
                <string name="z" value="mailChest" />
            </canvas>
            <canvas name="mailArm" width="17" height="7">
                <vector name="origin" x="3" y="5" />
                <imgdir name="map">
                    <vector name="navel" x="15" y="5" />
                </imgdir>
                <string name="z" value="mailArmBelowHeadOverMailChest" />
            </canvas>
        </imgdir>
        <imgdir name="2">
            <canvas name="mail" width="19" height="20">
                <vector name="origin" x="11" y="9" />
                <imgdir name="map">
                    <vector name="navel" x="-4" y="3" />
                </imgdir>
                <string name="z" value="mailChest" />
            </canvas>
            <canvas name="mailArm" width="12" height="12">
                <vector name="origin" x="3" y="5" />
                <imgdir name="map">
                    <vector name="navel" x="-7" y="6" />
                </imgdir>
                <string name="z" value="mailArm" />
            </canvas>
        </imgdir>
    </imgdir>
    <imgdir name="swingO3">
        <imgdir name="0">
            <canvas name="mail" width="30" height="18">
                <vector name="origin" x="10" y="10" />
                <imgdir name="map">
                    <vector name="navel" x="9" y="0" />
                </imgdir>
                <string name="z" value="mailChest" />
            </canvas>
            <canvas name="mailArm" width="13" height="8">
                <vector name="origin" x="4" y="4" />
                <imgdir name="map">
                    <vector name="navel" x="-7" y="9" />
                </imgdir>
                <string name="z" value="mailArm" />
            </canvas>
        </imgdir>
        <imgdir name="1">
            <canvas name="mail" width="18" height="20">
                <vector name="origin" x="10" y="10" />
                <imgdir name="map">
                    <vector name="navel" x="-6" y="2" />
                </imgdir>
                <string name="z" value="mailChest" />
            </canvas>
            <canvas name="mailArm" width="14" height="9">
                <vector name="origin" x="3" y="5" />
                <imgdir name="map">
                    <vector name="navel" x="12" y="6" />
                </imgdir>
                <string name="z" value="mailArm" />
            </canvas>
        </imgdir>
        <imgdir name="2">
            <canvas name="mail" width="19" height="19">
                <vector name="origin" x="11" y="9" />
                <imgdir name="map">
                    <vector name="navel" x="-8" y="2" />
                </imgdir>
                <string name="z" value="mailChest" />
            </canvas>
            <canvas name="mailArm" width="8" height="9">
                <vector name="origin" x="3" y="5" />
                <imgdir name="map">
                    <vector name="navel" x="5" y="4" />
                </imgdir>
                <string name="z" value="mailArm" />
            </canvas>
        </imgdir>
    </imgdir>
    <imgdir name="swingOF">
        <imgdir name="0">
            <canvas name="mail" width="32" height="24">
                <vector name="origin" x="10" y="10" />
                <imgdir name="map">
                    <vector name="navel" x="4" y="4" />
                </imgdir>
                <string name="z" value="mailChest" />
            </canvas>
        </imgdir>
        <imgdir name="1">
            <canvas name="mail" width="31" height="26">
                <vector name="origin" x="10" y="10" />
                <imgdir name="map">
                    <vector name="navel" x="3" y="5" />
                </imgdir>
                <string name="z" value="backMailChest" />
            </canvas>
        </imgdir>
        <imgdir name="2">
            <canvas name="mail" width="29" height="19">
                <vector name="origin" x="11" y="9" />
                <imgdir name="map">
                    <vector name="navel" x="6" y="4" />
                </imgdir>
                <string name="z" value="mailChest" />
            </canvas>
        </imgdir>
        <imgdir name="3">
            <canvas name="mail" width="26" height="24">
                <vector name="origin" x="10" y="10" />
                <imgdir name="map">
                    <vector name="navel" x="0" y="7" />
                </imgdir>
                <string name="z" value="mailChest" />
            </canvas>
            <canvas name="mailArm" width="5" height="14">
                <vector name="origin" x="4" y="4" />
                <imgdir name="map">
                    <vector name="navel" x="11" y="3" />
                </imgdir>
                <string name="z" value="mailArmBelowHeadOverMailChest" />
            </canvas>
        </imgdir>
    </imgdir>
    <imgdir name="swingT1">
        <imgdir name="0">
            <canvas name="mail" width="15" height="19">
                <vector name="origin" x="10" y="10" />
                <imgdir name="map">
                    <vector name="navel" x="-5" y="-1" />
                </imgdir>
                <string name="z" value="mailChest" />
            </canvas>
            <canvas name="mailArm" width="8" height="12">
                <vector name="origin" x="4" y="4" />
                <imgdir name="map">
                    <vector name="navel" x="-2" y="15" />
                </imgdir>
                <string name="z" value="mailArmOverHair" />
            </canvas>
            <canvas name="mailArmOverHair" width="12" height="16">
                <vector name="origin" x="6" y="8" />
                <imgdir name="map">
                    <vector name="navel" x="-12" y="14" />
                </imgdir>
                <string name="z" value="mailArmOverHair" />
            </canvas>
        </imgdir>
        <imgdir name="1">
            <canvas name="mail" width="15" height="20">
                <vector name="origin" x="10" y="10" />
                <imgdir name="map">
                    <vector name="navel" x="-5" y="2" />
                </imgdir>
                <string name="z" value="mailChest" />
            </canvas>
            <canvas name="mailArm" width="13" height="5">
                <vector name="origin" x="3" y="5" />
                <imgdir name="map">
                    <vector name="navel" x="15" y="2" />
                </imgdir>
                <string name="z" value="mailArmOverHairBelowWeapon" />
            </canvas>
            <canvas name="mailArmOverHair" width="13" height="10">
                <vector name="origin" x="7" y="6" />
                <imgdir name="map">
                    <vector name="navel" x="5" y="10" />
                </imgdir>
                <string name="z" value="mailArmOverHair" />
            </canvas>
        </imgdir>
        <imgdir name="2">
            <canvas name="mail" width="22" height="18">
                <vector name="origin" x="11" y="9" />
                <imgdir name="map">
                    <vector name="navel" x="-3" y="1" />
                </imgdir>
                <string name="z" value="mailChest" />
            </canvas>
            <canvas name="mailArm" width="11" height="15">
                <vector name="origin" x="3" y="5" />
                <imgdir name="map">
                    <vector name="navel" x="11" y="1" />
                </imgdir>
                <string name="z" value="mailArm" />
            </canvas>
        </imgdir>
    </imgdir>
    <imgdir name="swingT2">
        <imgdir name="0">
            <canvas name="mail" width="26" height="22">
                <vector name="origin" x="10" y="10" />
                <imgdir name="map">
                    <vector name="navel" x="1" y="3" />
                </imgdir>
                <string name="z" value="mailChest" />
            </canvas>
        </imgdir>
        <imgdir name="1">
            <canvas name="mail" width="22" height="18">
                <vector name="origin" x="10" y="10" />
                <imgdir name="map">
                    <vector name="navel" x="2" y="1" />
                </imgdir>
                <string name="z" value="mailChest" />
            </canvas>
            <canvas name="mailArm" width="15" height="7">
                <vector name="origin" x="3" y="5" />
                <imgdir name="map">
                    <vector name="navel" x="7" y="4" />
                </imgdir>
                <string name="z" value="mailArm" />
            </canvas>
        </imgdir>
        <imgdir name="2">
            <canvas name="mail" width="14" height="18">
                <vector name="origin" x="11" y="9" />
                <imgdir name="map">
                    <vector name="navel" x="-4" y="1" />
                </imgdir>
                <string name="z" value="mailChest" />
            </canvas>
            <canvas name="mailArm" width="20" height="15">
                <vector name="origin" x="3" y="5" />
                <imgdir name="map">
                    <vector name="navel" x="6" y="6" />
                </imgdir>
                <string name="z" value="mailArmBelowHeadOverMailChest" />
            </canvas>
        </imgdir>
    </imgdir>
    <imgdir name="swingT3">
        <imgdir name="0">
            <canvas name="mail" width="18" height="20">
                <vector name="origin" x="10" y="10" />
                <imgdir name="map">
                    <vector name="navel" x="-3" y="1" />
                </imgdir>
                <string name="z" value="mailChest" />
            </canvas>
            <canvas name="mailArm" width="11" height="10">
                <vector name="origin" x="4" y="4" />
                <imgdir name="map">
                    <vector name="navel" x="1" y="4" />
                </imgdir>
                <string name="z" value="mailArm" />
            </canvas>
        </imgdir>
        <imgdir name="1">
            <canvas name="mail" width="10" height="15">
                <vector name="origin" x="10" y="10" />
                <imgdir name="map">
                    <vector name="navel" x="-3" y="-3" />
                </imgdir>
                <string name="z" value="mailChest" />
            </canvas>
            <canvas name="mailArm" width="18" height="12">
                <vector name="origin" x="3" y="5" />
                <imgdir name="map">
                    <vector name="navel" x="5" y="3" />
                </imgdir>
                <string name="z" value="mailArmBelowHeadOverMailChest" />
            </canvas>
        </imgdir>
        <imgdir name="2">
            <canvas name="mail" width="23" height="18">
                <vector name="origin" x="11" y="9" />
                <imgdir name="map">
                    <vector name="navel" x="-2" y="1" />
                </imgdir>
                <string name="z" value="mailChest" />
            </canvas>
            <canvas name="mailArm" width="14" height="6">
                <vector name="origin" x="3" y="5" />
                <imgdir name="map">
                    <vector name="navel" x="16" y="4" />
                </imgdir>
                <string name="z" value="mailArmBelowHead" />
            </canvas>
        </imgdir>
    </imgdir>
    <imgdir name="swingTF">
        <imgdir name="0">
            <canvas name="mail" width="19" height="18">
                <vector name="origin" x="10" y="10" />
                <imgdir name="map">
                    <vector name="navel" x="-1" y="1" />
                </imgdir>
                <string name="z" value="backMailChest" />
            </canvas>
        </imgdir>
        <imgdir name="1">
            <canvas name="mail" width="21" height="19">
                <vector name="origin" x="10" y="10" />
                <imgdir name="map">
                    <vector name="navel" x="2" y="0" />
                </imgdir>
                <string name="z" value="mailChest" />
            </canvas>
            <canvas name="mailArm" width="18" height="7">
                <vector name="origin" x="3" y="5" />
                <imgdir name="map">
                    <vector name="navel" x="1" y="7" />
                </imgdir>
                <string name="z" value="mailArmBelowHeadOverMailChest" />
            </canvas>
        </imgdir>
        <imgdir name="2">
            <canvas name="mail" width="20" height="16">
                <vector name="origin" x="11" y="9" />
                <imgdir name="map">
                    <vector name="navel" x="-3" y="0" />
                </imgdir>
                <string name="z" value="mailChest" />
            </canvas>
            <canvas name="mailArm" width="17" height="18">
                <vector name="origin" x="3" y="5" />
                <imgdir name="map">
                    <vector name="navel" x="9" y="18" />
                </imgdir>
                <string name="z" value="mailArmOverHair" />
            </canvas>
        </imgdir>
        <imgdir name="3">
            <canvas name="mail" width="22" height="17">
                <vector name="origin" x="11" y="9" />
                <imgdir name="map">
                    <vector name="navel" x="-1" y="2" />
                </imgdir>
                <string name="z" value="mailChest" />
            </canvas>
            <canvas name="mailArm" width="11" height="15">
                <vector name="origin" x="3" y="5" />
                <imgdir name="map">
                    <vector name="navel" x="13" y="3" />
                </imgdir>
                <string name="z" value="mailArmOverHair" />
            </canvas>
        </imgdir>
    </imgdir>
    <imgdir name="swingP1">
        <imgdir name="0">
            <canvas name="mail" width="16" height="19">
                <vector name="origin" x="10" y="10" />
                <imgdir name="map">
                    <vector name="navel" x="-4" y="0" />
                </imgdir>
                <string name="z" value="mailChest" />
            </canvas>
            <canvas name="mailArm" width="10" height="14">
                <vector name="origin" x="4" y="4" />
                <imgdir name="map">
                    <vector name="navel" x="5" y="17" />
                </imgdir>
                <string name="z" value="mailArmOverHairBelowWeapon" />
            </canvas>
            <canvas name="mailArmOverHair" width="12" height="16">
                <vector name="origin" x="6" y="8" />
                <imgdir name="map">
                    <vector name="navel" x="-11" y="15" />
                </imgdir>
                <string name="z" value="mailArmOverHair" />
            </canvas>
        </imgdir>
        <imgdir name="1">
            <canvas name="mail" width="26" height="21">
                <vector name="origin" x="10" y="10" />
                <imgdir name="map">
                    <vector name="navel" x="6" y="3" />
                </imgdir>
                <string name="z" value="mailChest" />
            </canvas>
            <canvas name="mailArm" width="12" height="10">
                <vector name="origin" x="3" y="5" />
                <imgdir name="map">
                    <vector name="navel" x="8" y="12" />
                </imgdir>
                <string name="z" value="mailArmOverHair" />
            </canvas>
        </imgdir>
        <imgdir name="2">
            <canvas name="mail" width="22" height="18">
                <vector name="origin" x="11" y="9" />
                <imgdir name="map">
                    <vector name="navel" x="-3" y="2" />
                </imgdir>
                <string name="z" value="mailChest" />
            </canvas>
            <canvas name="mailArm" width="11" height="15">
                <vector name="origin" x="3" y="5" />
                <imgdir name="map">
                    <vector name="navel" x="11" y="2" />
                </imgdir>
                <string name="z" value="mailArm" />
            </canvas>
        </imgdir>
    </imgdir>
    <imgdir name="swingP2">
        <imgdir name="0">
            <canvas name="mail" width="16" height="19">
                <vector name="origin" x="10" y="10" />
                <imgdir name="map">
                    <vector name="navel" x="-3" y="0" />
                </imgdir>
                <string name="z" value="mailChest" />
            </canvas>
            <canvas name="mailArm" width="17" height="8">
                <vector name="origin" x="4" y="4" />
                <imgdir name="map">
                    <vector name="navel" x="12" y="5" />
                </imgdir>
                <string name="z" value="mailArm" />
            </canvas>
        </imgdir>
        <imgdir name="1">
            <canvas name="mail" width="26" height="21">
                <vector name="origin" x="10" y="10" />
                <imgdir name="map">
                    <vector name="navel" x="5" y="2" />
                </imgdir>
                <string name="z" value="mailChest" />
            </canvas>
            <canvas name="mailArm" width="14" height="9">
                <vector name="origin" x="3" y="5" />
                <imgdir name="map">
                    <vector name="navel" x="9" y="2" />
                </imgdir>
                <string name="z" value="mailArm" />
            </canvas>
        </imgdir>
        <imgdir name="2">
            <canvas name="mail" width="14" height="18">
                <vector name="origin" x="11" y="9" />
                <imgdir name="map">
                    <vector name="navel" x="-4" y="1" />
                </imgdir>
                <string name="z" value="mailChest" />
            </canvas>
            <canvas name="mailArm" width="20" height="15">
                <vector name="origin" x="3" y="5" />
                <imgdir name="map">
                    <vector name="navel" x="6" y="6" />
                </imgdir>
                <string name="z" value="mailArmBelowHead" />
            </canvas>
        </imgdir>
    </imgdir>
    <imgdir name="swingPF">
        <imgdir name="0">
            <canvas name="mail" width="42" height="20">
                <vector name="origin" x="10" y="10" />
                <imgdir name="map">
                    <vector name="navel" x="5" y="1" />
                </imgdir>
                <string name="z" value="mailChest" />
            </canvas>
            <canvas name="mailArm" width="20" height="12">
                <vector name="origin" x="4" y="4" />
                <imgdir name="map">
                    <vector name="navel" x="-11" y="13" />
                </imgdir>
                <string name="z" value="mailArm" />
            </canvas>
        </imgdir>
        <imgdir name="1">
            <canvas name="mail" width="29" height="21">
                <vector name="origin" x="10" y="10" />
                <imgdir name="map">
                    <vector name="navel" x="4" y="1" />
                </imgdir>
                <string name="z" value="mailChest" />
            </canvas>
            <canvas name="mailArm" width="18" height="7">
                <vector name="origin" x="3" y="5" />
                <imgdir name="map">
                    <vector name="navel" x="-10" y="11" />
                </imgdir>
                <string name="z" value="mailArm" />
            </canvas>
        </imgdir>
        <imgdir name="2">
            <canvas name="mail" width="21" height="19">
                <vector name="origin" x="11" y="9" />
                <imgdir name="map">
                    <vector name="navel" x="2" y="1" />
                </imgdir>
                <string name="z" value="mailChest" />
            </canvas>
            <canvas name="mailArm" width="9" height="14">
                <vector name="origin" x="3" y="5" />
                <imgdir name="map">
                    <vector name="navel" x="12" y="16" />
                </imgdir>
                <string name="z" value="mailArmOverHair" />
            </canvas>
            <canvas name="mailArmOverHair" width="10" height="15">
                <vector name="origin" x="6" y="8" />
                <imgdir name="map">
                    <vector name="navel" x="-8" y="15" />
                </imgdir>
                <string name="z" value="mailArmOverHair" />
            </canvas>
        </imgdir>
        <imgdir name="3">
            <canvas name="mail" width="21" height="18">
                <vector name="origin" x="10" y="10" />
                <imgdir name="map">
                    <vector name="navel" x="0" y="1" />
                </imgdir>
                <string name="z" value="mailChest" />
            </canvas>
            <canvas name="mailArm" width="11" height="15">
                <vector name="origin" x="3" y="5" />
                <imgdir name="map">
                    <vector name="navel" x="13" y="2" />
                </imgdir>
                <string name="z" value="mailArmOverHair" />
            </canvas>
        </imgdir>
    </imgdir>
    <imgdir name="stabO1">
        <imgdir name="0">
            <canvas name="mail" width="27" height="18">
                <vector name="origin" x="10" y="10" />
                <imgdir name="map">
                    <vector name="navel" x="6" y="0" />
                </imgdir>
                <string name="z" value="mailChest" />
            </canvas>
            <canvas name="mailArm" width="12" height="10">
                <vector name="origin" x="4" y="4" />
                <imgdir name="map">
                    <vector name="navel" x="-9" y="7" />
                </imgdir>
                <string name="z" value="mailArm" />
            </canvas>
        </imgdir>
        <imgdir name="1">
            <canvas name="mail" width="21" height="18">
                <vector name="origin" x="10" y="10" />
                <imgdir name="map">
                    <vector name="navel" x="-2" y="1" />
                </imgdir>
                <string name="z" value="mailChest" />
            </canvas>
            <canvas name="mailArm" width="17" height="6">
                <vector name="origin" x="3" y="5" />
                <imgdir name="map">
                    <vector name="navel" x="18" y="6" />
                </imgdir>
                <string name="z" value="mailArmOverHair" />
            </canvas>
        </imgdir>
    </imgdir>
    <imgdir name="stabO2">
        <imgdir name="0">
            <canvas name="mail" width="25" height="19">
                <vector name="origin" x="10" y="10" />
                <imgdir name="map">
                    <vector name="navel" x="6" y="0" />
                </imgdir>
                <string name="z" value="mailChest" />
            </canvas>
            <canvas name="mailArm" width="11" height="6">
                <vector name="origin" x="4" y="4" />
                <imgdir name="map">
                    <vector name="navel" x="-11" y="7" />
                </imgdir>
                <string name="z" value="mailArmOverHair" />
            </canvas>
        </imgdir>
        <imgdir name="1">
            <canvas name="mail" width="20" height="19">
                <vector name="origin" x="10" y="10" />
                <imgdir name="map">
                    <vector name="navel" x="-5" y="1" />
                </imgdir>
                <string name="z" value="mailChest" />
            </canvas>
            <canvas name="mailArm" width="17" height="5">
                <vector name="origin" x="3" y="5" />
                <imgdir name="map">
                    <vector name="navel" x="16" y="5" />
                </imgdir>
                <string name="z" value="mailArmOverHair" />
            </canvas>
        </imgdir>
    </imgdir>
    <imgdir name="stabOF">
        <imgdir name="0">
            <canvas name="mail" width="16" height="16">
                <vector name="origin" x="10" y="10" />
                <imgdir name="map">
                    <vector name="navel" x="2" y="1" />
                </imgdir>
                <string name="z" value="mailChest" />
            </canvas>
            <canvas name="mailArm" width="13" height="8">
                <vector name="origin" x="4" y="4" />
                <imgdir name="map">
                    <vector name="navel" x="-1" y="9" />
                </imgdir>
                <string name="z" value="mailArmOverHair" />
            </canvas>
        </imgdir>
        <imgdir name="1">
            <canvas name="mail" width="34" height="19">
                <vector name="origin" x="10" y="10" />
                <imgdir name="map">
                    <vector name="navel" x="15" y="-1" />
                </imgdir>
                <string name="z" value="mailChest" />
            </canvas>
            <canvas name="mailArm" width="15" height="7">
                <vector name="origin" x="3" y="5" />
                <imgdir name="map">
                    <vector name="navel" x="-1" y="4" />
                </imgdir>
                <string name="z" value="mailArmOverHair" />
            </canvas>
        </imgdir>
        <imgdir name="2">
            <canvas name="mail" width="29" height="18">
                <vector name="origin" x="10" y="10" />
                <imgdir name="map">
                    <vector name="navel" x="7" y="1" />
                </imgdir>
                <string name="z" value="mailChest" />
            </canvas>
            <canvas name="mailArm" width="17" height="6">
                <vector name="origin" x="3" y="5" />
                <imgdir name="map">
                    <vector name="navel" x="18" y="5" />
                </imgdir>
                <string name="z" value="mailArmOverHair" />
            </canvas>
        </imgdir>
    </imgdir>
    <imgdir name="stabT1">
        <imgdir name="0">
            <canvas name="mail" width="21" height="20">
                <vector name="origin" x="10" y="10" />
                <imgdir name="map">
                    <vector name="navel" x="0" y="1" />
                </imgdir>
                <string name="z" value="mailChest" />
            </canvas>
            <canvas name="mailArm" width="17" height="8">
                <vector name="origin" x="4" y="4" />
                <imgdir name="map">
                    <vector name="navel" x="-6" y="8" />
                </imgdir>
                <string name="z" value="mailArmBelowHead" />
            </canvas>
        </imgdir>
        <imgdir name="1">
            <canvas name="mail" width="22" height="17">
                <vector name="origin" x="10" y="10" />
                <imgdir name="map">
                    <vector name="navel" x="-2" y="-2" />
                </imgdir>
                <string name="z" value="mailChest" />
            </canvas>
            <canvas name="mailArm" width="16" height="7">
                <vector name="origin" x="3" y="5" />
                <imgdir name="map">
                    <vector name="navel" x="-7" y="8" />
                </imgdir>
                <string name="z" value="mailArmBelowHead" />
            </canvas>
        </imgdir>
        <imgdir name="2">
            <canvas name="mail" width="34" height="17">
                <vector name="origin" x="10" y="10" />
                <imgdir name="map">
                    <vector name="navel" x="10" y="0" />
                </imgdir>
                <string name="z" value="mailChest" />
            </canvas>
            <canvas name="mailArm" width="12" height="8">
                <vector name="origin" x="3" y="5" />
                <imgdir name="map">
                    <vector name="navel" x="-5" y="6" />
                </imgdir>
                <string name="z" value="mailArmBelowHead" />
            </canvas>
        </imgdir>
    </imgdir>
    <imgdir name="stabT2">
        <imgdir name="0">
            <canvas name="mail" width="25" height="20">
                <vector name="origin" x="10" y="10" />
                <imgdir name="map">
                    <vector name="navel" x="3" y="2" />
                </imgdir>
                <string name="z" value="mailChest" />
            </canvas>
            <canvas name="mailArm" width="15" height="9">
                <vector name="origin" x="4" y="4" />
                <imgdir name="map">
                    <vector name="navel" x="-7" y="10" />
                </imgdir>
                <string name="z" value="mailArmBelowHead" />
            </canvas>
        </imgdir>
        <imgdir name="1">
            <canvas name="mail" width="23" height="16">
                <vector name="origin" x="10" y="10" />
                <imgdir name="map">
                    <vector name="navel" x="3" y="-1" />
                </imgdir>
                <string name="z" value="mailChest" />
            </canvas>
            <canvas name="mailArm" width="10" height="8">
                <vector name="origin" x="3" y="5" />
                <imgdir name="map">
                    <vector name="navel" x="-7" y="11" />
                </imgdir>
                <string name="z" value="mailArmBelowHead" />
            </canvas>
        </imgdir>
        <imgdir name="2">
            <canvas name="mail" width="29" height="16">
                <vector name="origin" x="11" y="9" />
                <imgdir name="map">
                    <vector name="navel" x="9" y="1" />
                </imgdir>
                <string name="z" value="mailChest" />
            </canvas>
            <canvas name="mailArm" width="13" height="13">
                <vector name="origin" x="3" y="5" />
                <imgdir name="map">
                    <vector name="navel" x="-4" y="7" />
                </imgdir>
                <string name="z" value="mailArmBelowHead" />
            </canvas>
        </imgdir>
    </imgdir>
    <imgdir name="stabTF">
        <imgdir name="0">
            <uol name="mail" value="../../swingPF/0/mail" />
            <uol name="mailArm" value="../../swingPF/0/mailArm" />
        </imgdir>
        <imgdir name="1">
            <uol name="mail" value="../../swingPF/1/mail" />
            <uol name="mailArm" value="../../swingPF/1/mailArm" />
        </imgdir>
        <imgdir name="2">
            <canvas name="mail" width="21" height="20">
                <vector name="origin" x="10" y="10" />
                <imgdir name="map">
                    <vector name="navel" x="3" y="1" />
                </imgdir>
                <string name="z" value="mailChest" />
            </canvas>
            <canvas name="mailArm" width="18" height="6">
                <vector name="origin" x="3" y="5" />
                <imgdir name="map">
                    <vector name="navel" x="-6" y="11" />
                </imgdir>
                <string name="z" value="mailArmBelowHead" />
            </canvas>
            <canvas name="mailArmOverHair" width="13" height="8">
                <vector name="origin" x="6" y="8" />
                <imgdir name="map">
                    <vector name="navel" x="0" y="1" />
                </imgdir>
                <string name="z" value="mailArmOverHair" />
            </canvas>
        </imgdir>
        <imgdir name="3">
            <uol name="mail" value="../../stabT1/2/mail" />
            <uol name="mailArm" value="../../stabT1/2/mailArm" />
        </imgdir>
    </imgdir>
    <imgdir name="shoot1">
        <imgdir name="0">
            <canvas name="mail" width="26" height="18">
                <vector name="origin" x="10" y="10" />
                <imgdir name="map">
                    <vector name="navel" x="8" y="0" />
                </imgdir>
                <string name="z" value="mailChest" />
            </canvas>
            <canvas name="mailArm" width="14" height="9">
                <vector name="origin" x="4" y="4" />
                <imgdir name="map">
                    <vector name="navel" x="0" y="10" />
                </imgdir>
                <string name="z" value="mailArmOverHair" />
            </canvas>
        </imgdir>
        <imgdir name="1">
            <canvas name="mail" width="26" height="18">
                <vector name="origin" x="10" y="10" />
                <imgdir name="map">
                    <vector name="navel" x="8" y="0" />
                </imgdir>
                <string name="z" value="mailChest" />
            </canvas>
            <canvas name="mailArm" width="11" height="8">
                <vector name="origin" x="3" y="5" />
                <imgdir name="map">
                    <vector name="navel" x="-9" y="8" />
                </imgdir>
                <string name="z" value="mailArmOverHair" />
            </canvas>
        </imgdir>
        <imgdir name="2">
            <uol name="mail" value="../1/mail" />
            <uol name="mailArm" value="../1/mailArm" />
        </imgdir>
    </imgdir>
    <imgdir name="shoot2">
        <imgdir name="0">
            <canvas name="mail" width="21" height="18">
                <vector name="origin" x="10" y="10" />
                <imgdir name="map">
                    <vector name="navel" x="0" y="1" />
                </imgdir>
                <string name="z" value="mailChest" />
            </canvas>
            <canvas name="mailArm" width="10" height="9">
                <vector name="origin" x="4" y="4" />
                <imgdir name="map">
                    <vector name="navel" x="-9" y="8" />
                </imgdir>
                <string name="z" value="mailArmOverHair" />
            </canvas>
        </imgdir>
        <imgdir name="1">
            <canvas name="mail" width="21" height="16">
                <vector name="origin" x="10" y="10" />
                <imgdir name="map">
                    <vector name="navel" x="0" y="-1" />
                </imgdir>
                <string name="z" value="mailChest" />
            </canvas>
            <canvas name="mailArm" width="14" height="6">
                <vector name="origin" x="3" y="5" />
                <imgdir name="map">
                    <vector name="navel" x="2" y="8" />
                </imgdir>
                <string name="z" value="mailArmOverHair" />
            </canvas>
        </imgdir>
        <imgdir name="2">
            <canvas name="mail" width="21" height="17">
                <vector name="origin" x="11" y="9" />
                <imgdir name="map">
                    <vector name="navel" x="-1" y="1" />
                </imgdir>
                <string name="z" value="mailChest" />
            </canvas>
            <canvas name="mailArm" width="7" height="5">
                <vector name="origin" x="3" y="5" />
                <imgdir name="map">
                    <vector name="navel" x="-10" y="7" />
                </imgdir>
                <string name="z" value="mailArmOverHair" />
            </canvas>
        </imgdir>
        <imgdir name="3">
            <canvas name="mail" width="21" height="18">
                <vector name="origin" x="11" y="9" />
                <imgdir name="map">
                    <vector name="navel" x="-1" y="2" />
                </imgdir>
                <string name="z" value="mailChest" />
            </canvas>
            <canvas name="mailArm" width="10" height="7">
                <vector name="origin" x="3" y="5" />
                <imgdir name="map">
                    <vector name="navel" x="-8" y="6" />
                </imgdir>
                <string name="z" value="mailArmOverHair" />
            </canvas>
        </imgdir>
        <imgdir name="4">
            <canvas name="mail" width="20" height="18">
                <vector name="origin" x="11" y="9" />
                <imgdir name="map">
                    <vector name="navel" x="-2" y="2" />
                </imgdir>
                <string name="z" value="mailChest" />
            </canvas>
            <canvas name="mailArm" width="11" height="8">
                <vector name="origin" x="3" y="5" />
                <imgdir name="map">
                    <vector name="navel" x="-9" y="7" />
                </imgdir>
                <string name="z" value="mailArmOverHair" />
            </canvas>
        </imgdir>
    </imgdir>
    <imgdir name="shootF">
        <imgdir name="0">
            <canvas name="mail" width="28" height="20">
                <vector name="origin" x="10" y="10" />
                <imgdir name="map">
                    <vector name="navel" x="11" y="3" />
                </imgdir>
                <string name="z" value="mailChest" />
            </canvas>
            <canvas name="mailArm" width="12" height="10">
                <vector name="origin" x="4" y="4" />
                <imgdir name="map">
                    <vector name="navel" x="-1" y="12" />
                </imgdir>
                <string name="z" value="mailArmOverHair" />
            </canvas>
        </imgdir>
        <imgdir name="1">
            <canvas name="mail" width="30" height="22">
                <vector name="origin" x="10" y="10" />
                <imgdir name="map">
                    <vector name="navel" x="11" y="4" />
                </imgdir>
                <string name="z" value="mailChest" />
            </canvas>
            <canvas name="mailArm" width="9" height="9">
                <vector name="origin" x="3" y="5" />
                <imgdir name="map">
                    <vector name="navel" x="-11" y="5" />
                </imgdir>
                <string name="z" value="mailArmOverHair" />
            </canvas>
        </imgdir>
        <imgdir name="2">
            <uol name="mail" value="../1/mail" />
            <uol name="mailArm" value="../1/mailArm" />
        </imgdir>
    </imgdir>
    <imgdir name="proneStab">
        <imgdir name="0">
            <canvas name="mail" width="44" height="12">
                <vector name="origin" x="10" y="10" />
                <imgdir name="map">
                    <vector name="navel" x="22" y="-1" />
                </imgdir>
                <string name="z" value="mailChest" />
            </canvas>
            <canvas name="mailArm" width="10" height="6">
                <vector name="origin" x="4" y="4" />
                <imgdir name="map">
                    <vector name="navel" x="0" y="-1" />
                </imgdir>
                <string name="z" value="mailArmOverHair" />
            </canvas>
        </imgdir>
        <imgdir name="1">
            <canvas name="mail" width="44" height="12">
                <vector name="origin" x="10" y="10" />
                <imgdir name="map">
                    <vector name="navel" x="22" y="-1" />
                </imgdir>
                <string name="z" value="mailChest" />
            </canvas>
            <canvas name="mailArm" width="18" height="8">
                <vector name="origin" x="3" y="5" />
                <imgdir name="map">
                    <vector name="navel" x="16" y="0" />
                </imgdir>
                <string name="z" value="mailArmOverHair" />
            </canvas>
        </imgdir>
    </imgdir>
    <imgdir name="prone">
        <imgdir name="0">
            <uol name="mail" value="../../proneStab/0/mail" />
            <uol name="mailArm" value="../../proneStab/0/mailArm" />
        </imgdir>
    </imgdir>
    <imgdir name="heal">
        <imgdir name="0">
            <uol name="mail" value="../../alert/1/mail" />
            <uol name="mailArm" value="../../alert/1/mailArm" />
        </imgdir>
        <imgdir name="1">
            <uol name="mail" value="../../swingO2/1/mail" />
            <uol name="mailArm" value="../../swingO2/1/mailArm" />
        </imgdir>
        <imgdir name="2">
            <uol name="mail" value="../../swingO2/0/mail" />
            <uol name="mailArm" value="../../swingO2/0/mailArm" />
        </imgdir>
    </imgdir>
    <imgdir name="fly">
        <imgdir name="0">
            <canvas name="mail" width="15" height="17">
                <vector name="origin" x="10" y="10" />
                <imgdir name="map">
                    <vector name="navel" x="-4" y="0" />
                </imgdir>
                <string name="z" value="mailChest" />
            </canvas>
            <canvas name="mailArm" width="6" height="7">
                <vector name="origin" x="4" y="4" />
                <imgdir name="map">
                    <vector name="navel" x="-10" y="5" />
                </imgdir>
                <string name="z" value="mailArmOverHair" />
            </canvas>
        </imgdir>
        <imgdir name="1">
            <uol name="mail" value="../0/mail" />
            <uol name="mailArm" value="../0/mailArm" />
        </imgdir>
    </imgdir>
    <imgdir name="jump">
        <imgdir name="0">
            <canvas name="mail" width="18" height="19">
                <vector name="origin" x="10" y="10" />
                <imgdir name="map">
                    <vector name="navel" x="-3" y="-1" />
                </imgdir>
                <string name="z" value="mailChest" />
            </canvas>
            <canvas name="mailArm" width="6" height="8">
                <vector name="origin" x="4" y="4" />
                <imgdir name="map">
                    <vector name="navel" x="-11" y="5" />
                </imgdir>
                <string name="z" value="mailArmOverHair" />
            </canvas>
        </imgdir>
    </imgdir>
    <imgdir name="sit">
        <imgdir name="0">
            <canvas name="mail" width="16" height="15">
                <vector name="origin" x="10" y="10" />
                <imgdir name="map">
                    <vector name="navel" x="-1" y="0" />
                </imgdir>
                <string name="z" value="mailChest" />
            </canvas>
            <canvas name="mailArm" width="5" height="11">
                <vector name="origin" x="4" y="4" />
                <imgdir name="map">
                    <vector name="navel" x="-9" y="5" />
                </imgdir>
                <string name="z" value="mailArmOverHair" />
            </canvas>
        </imgdir>
    </imgdir>
    <imgdir name="ladder">
        <imgdir name="0">
            <canvas name="mail" width="22" height="19">
                <vector name="origin" x="10" y="10" />
                <imgdir name="map">
                    <vector name="navel" x="1" y="-1" />
                </imgdir>
                <string name="z" value="backMailChest" />
            </canvas>
        </imgdir>
        <imgdir name="1">
            <canvas name="mail" width="22" height="19">
                <vector name="origin" x="10" y="10" />
                <imgdir name="map">
                    <vector name="navel" x="1" y="-1" />
                </imgdir>
                <string name="z" value="backMailChest" />
            </canvas>
        </imgdir>
    </imgdir>
    <imgdir name="rope">
        <imgdir name="0">
            <canvas name="mail" width="20" height="19">
                <vector name="origin" x="10" y="10" />
                <imgdir name="map">
                    <vector name="navel" x="0" y="-1" />
                </imgdir>
                <string name="z" value="backMailChest" />
            </canvas>
        </imgdir>
        <imgdir name="1">
            <canvas name="mail" width="19" height="19">
                <vector name="origin" x="10" y="10" />
                <imgdir name="map">
                    <vector name="navel" x="-1" y="-1" />
                </imgdir>
                <string name="z" value="backMailChest" />
            </canvas>
        </imgdir>
    </imgdir>
</imgdir>