<?xml version="1.0" encoding="utf-8" standalone="yes"?>
<imgdir name="01102160.img">
    <imgdir name="info">
        <canvas name="icon" width="27" height="32">
            <vector name="origin" x="-4" y="32" />
        </canvas>
        <canvas name="iconRaw" width="27" height="31">
            <vector name="origin" x="-5" y="32" />
        </canvas>
        <string name="islot" value="Sr" />
        <string name="vslot" value="Sr" />
        <int name="reqJob" value="0" />
        <int name="reqLevel" value="0" />
        <int name="reqSTR" value="0" />
        <int name="reqDEX" value="0" />
        <int name="reqINT" value="0" />
        <int name="reqLUK" value="0" />
        <int name="cash" value="1" />
    </imgdir>
    <imgdir name="walk1">
        <imgdir name="0">
            <canvas name="cape" width="40" height="37">
                <vector name="origin" x="7" y="28" />
                <imgdir name="map">
                    <vector name="navel" x="0" y="0" />
                </imgdir>
                <string name="z" value="backWing" />
            </canvas>
        </imgdir>
        <imgdir name="1">
            <canvas name="cape" width="40" height="40">
                <vector name="origin" x="6" y="27" />
                <imgdir name="map">
                    <vector name="navel" x="0" y="0" />
                </imgdir>
                <string name="z" value="backWing" />
            </canvas>
        </imgdir>
        <imgdir name="2">
            <canvas name="cape" width="40" height="46">
                <vector name="origin" x="7" y="28" />
                <imgdir name="map">
                    <vector name="navel" x="0" y="0" />
                </imgdir>
                <string name="z" value="backWing" />
            </canvas>
        </imgdir>
        <imgdir name="3">
            <canvas name="cape" width="40" height="40">
                <vector name="origin" x="8" y="29" />
                <imgdir name="map">
                    <vector name="navel" x="0" y="0" />
                </imgdir>
                <string name="z" value="backWing" />
            </canvas>
        </imgdir>
    </imgdir>
    <imgdir name="walk2">
        <imgdir name="0">
            <uol name="cape" value="../../walk1/0/cape" />
        </imgdir>
        <imgdir name="1">
            <uol name="cape" value="../../walk1/1/cape" />
        </imgdir>
        <imgdir name="2">
            <uol name="cape" value="../../walk1/2/cape" />
        </imgdir>
        <imgdir name="3">
            <uol name="cape" value="../../walk1/3/cape" />
        </imgdir>
    </imgdir>
    <imgdir name="stand1">
        <imgdir name="0">
            <canvas name="cape" width="40" height="37">
                <vector name="origin" x="4" y="25" />
                <imgdir name="map">
                    <vector name="navel" x="0" y="0" />
                </imgdir>
                <string name="z" value="backWing" />
            </canvas>
        </imgdir>
        <imgdir name="1">
            <canvas name="cape" width="40" height="40">
                <vector name="origin" x="6" y="26" />
                <imgdir name="map">
                    <vector name="navel" x="0" y="0" />
                </imgdir>
                <string name="z" value="backWing" />
            </canvas>
        </imgdir>
        <imgdir name="2">
            <canvas name="cape" width="40" height="46">
                <vector name="origin" x="8" y="25" />
                <imgdir name="map">
                    <vector name="navel" x="0" y="0" />
                </imgdir>
                <string name="z" value="backWing" />
            </canvas>
        </imgdir>
    </imgdir>
    <imgdir name="stand2">
        <imgdir name="0">
            <uol name="cape" value="../../stand1/0/cape" />
        </imgdir>
        <imgdir name="1">
            <uol name="cape" value="../../stand1/1/cape" />
        </imgdir>
        <imgdir name="2">
            <uol name="cape" value="../../stand1/2/cape" />
        </imgdir>
    </imgdir>
    <imgdir name="alert">
        <imgdir name="0">
            <canvas name="cape" width="40" height="37">
                <vector name="origin" x="8" y="25" />
                <imgdir name="map">
                    <vector name="navel" x="0" y="0" />
                </imgdir>
                <string name="z" value="backWing" />
            </canvas>
        </imgdir>
        <imgdir name="1">
            <canvas name="cape" width="40" height="40">
                <vector name="origin" x="8" y="25" />
                <imgdir name="map">
                    <vector name="navel" x="0" y="0" />
                </imgdir>
                <string name="z" value="backWing" />
            </canvas>
        </imgdir>
        <imgdir name="2">
            <canvas name="cape" width="40" height="46">
                <vector name="origin" x="8" y="25" />
                <imgdir name="map">
                    <vector name="navel" x="0" y="0" />
                </imgdir>
                <string name="z" value="backWing" />
            </canvas>
        </imgdir>
    </imgdir>
    <imgdir name="swingO1">
        <imgdir name="0">
            <canvas name="cape" width="42" height="42">
                <vector name="origin" x="7" y="39" />
                <imgdir name="map">
                    <vector name="navel" x="0" y="0" />
                </imgdir>
                <string name="z" value="capeOverHead" />
            </canvas>
        </imgdir>
        <imgdir name="1">
            <canvas name="cape" width="41" height="42">
                <vector name="origin" x="5" y="32" />
                <imgdir name="map">
                    <vector name="navel" x="0" y="0" />
                </imgdir>
                <string name="z" value="capeOverHead" />
            </canvas>
        </imgdir>
        <imgdir name="2">
            <canvas name="cape" width="49" height="49">
                <vector name="origin" x="8" y="37" />
                <imgdir name="map">
                    <vector name="navel" x="0" y="0" />
                </imgdir>
                <string name="z" value="backWing" />
            </canvas>
        </imgdir>
    </imgdir>
    <imgdir name="swingO2">
        <imgdir name="0">
            <canvas name="cape" width="40" height="40">
                <vector name="origin" x="7" y="26" />
                <imgdir name="map">
                    <vector name="navel" x="0" y="0" />
                </imgdir>
                <string name="z" value="backWing" />
            </canvas>
        </imgdir>
        <imgdir name="1">
            <canvas name="cape" width="40" height="37">
                <vector name="origin" x="11" y="27" />
                <imgdir name="map">
                    <vector name="navel" x="0" y="0" />
                </imgdir>
                <string name="z" value="backWing" />
            </canvas>
        </imgdir>
        <imgdir name="2">
            <canvas name="cape" width="44" height="55">
                <vector name="origin" x="9" y="35" />
                <imgdir name="map">
                    <vector name="navel" x="0" y="0" />
                </imgdir>
                <string name="z" value="backWing" />
            </canvas>
        </imgdir>
    </imgdir>
    <imgdir name="swingO3">
        <imgdir name="0">
            <canvas name="cape" width="40" height="37">
                <vector name="origin" x="11" y="25" />
                <imgdir name="map">
                    <vector name="navel" x="0" y="0" />
                </imgdir>
                <string name="z" value="backWing" />
            </canvas>
        </imgdir>
        <imgdir name="1">
            <canvas name="cape" width="36" height="42">
                <vector name="origin" x="9" y="39" />
                <imgdir name="map">
                    <vector name="navel" x="0" y="0" />
                </imgdir>
                <string name="z" value="capeOverHead" />
            </canvas>
        </imgdir>
        <imgdir name="2">
            <canvas name="cape" width="42" height="53">
                <vector name="origin" x="5" y="48" />
                <imgdir name="map">
                    <vector name="navel" x="0" y="0" />
                </imgdir>
                <string name="z" value="capeOverHead" />
            </canvas>
        </imgdir>
    </imgdir>
    <imgdir name="swingOF">
        <imgdir name="0">
            <canvas name="cape" width="40" height="40">
                <vector name="origin" x="13" y="29" />
                <imgdir name="map">
                    <vector name="navel" x="0" y="0" />
                </imgdir>
                <string name="z" value="backWing" />
            </canvas>
        </imgdir>
        <imgdir name="1">
            <canvas name="cape" width="30" height="42">
                <vector name="origin" x="11" y="33" />
                <imgdir name="map">
                    <vector name="navel" x="0" y="0" />
                </imgdir>
                <string name="z" value="capeOverHead" />
            </canvas>
        </imgdir>
        <imgdir name="2">
            <canvas name="cape" width="37" height="42">
                <vector name="origin" x="8" y="36" />
                <imgdir name="map">
                    <vector name="navel" x="0" y="0" />
                </imgdir>
                <string name="z" value="capeOverHead" />
            </canvas>
        </imgdir>
        <imgdir name="3">
            <canvas name="cape" width="44" height="46">
                <vector name="origin" x="14" y="39" />
                <imgdir name="map">
                    <vector name="navel" x="0" y="0" />
                </imgdir>
                <string name="z" value="backWing" />
            </canvas>
        </imgdir>
    </imgdir>
    <imgdir name="swingT1">
        <imgdir name="0">
            <canvas name="cape" width="35" height="48">
                <vector name="origin" x="4" y="28" />
                <imgdir name="map">
                    <vector name="navel" x="0" y="0" />
                </imgdir>
                <string name="z" value="backWing" />
            </canvas>
        </imgdir>
        <imgdir name="1">
            <canvas name="cape" width="39" height="42">
                <vector name="origin" x="9" y="33" />
                <imgdir name="map">
                    <vector name="navel" x="0" y="0" />
                </imgdir>
                <string name="z" value="backWing" />
            </canvas>
        </imgdir>
        <imgdir name="2">
            <canvas name="cape" width="45" height="54">
                <vector name="origin" x="10" y="42" />
                <imgdir name="map">
                    <vector name="navel" x="0" y="0" />
                </imgdir>
                <string name="z" value="backWing" />
            </canvas>
        </imgdir>
    </imgdir>
    <imgdir name="swingT2">
        <imgdir name="0">
            <canvas name="cape" width="41" height="41">
                <vector name="origin" x="0" y="31" />
                <imgdir name="map">
                    <vector name="navel" x="0" y="0" />
                </imgdir>
                <string name="z" value="capeOverHead" />
            </canvas>
        </imgdir>
        <imgdir name="1">
            <canvas name="cape" width="40" height="37">
                <vector name="origin" x="8" y="27" />
                <imgdir name="map">
                    <vector name="navel" x="0" y="0" />
                </imgdir>
                <string name="z" value="backWing" />
            </canvas>
        </imgdir>
        <imgdir name="2">
            <canvas name="cape" width="45" height="54">
                <vector name="origin" x="11" y="45" />
                <imgdir name="map">
                    <vector name="navel" x="0" y="0" />
                </imgdir>
                <string name="z" value="backWing" />
            </canvas>
        </imgdir>
    </imgdir>
    <imgdir name="swingT3">
        <imgdir name="0">
            <canvas name="cape" width="35" height="48">
                <vector name="origin" x="7" y="30" />
                <imgdir name="map">
                    <vector name="navel" x="0" y="0" />
                </imgdir>
                <string name="z" value="backWing" />
            </canvas>
        </imgdir>
        <imgdir name="1">
            <canvas name="cape" width="39" height="42">
                <vector name="origin" x="10" y="29" />
                <imgdir name="map">
                    <vector name="navel" x="0" y="0" />
                </imgdir>
                <string name="z" value="backWing" />
            </canvas>
        </imgdir>
        <imgdir name="2">
            <canvas name="cape" width="43" height="52">
                <vector name="origin" x="11" y="44" />
                <imgdir name="map">
                    <vector name="navel" x="0" y="0" />
                </imgdir>
                <string name="z" value="capeOverHead" />
            </canvas>
        </imgdir>
    </imgdir>
    <imgdir name="swingTF">
        <imgdir name="0">
            <canvas name="cape" width="30" height="42">
                <vector name="origin" x="14" y="33" />
                <imgdir name="map">
                    <vector name="navel" x="0" y="0" />
                </imgdir>
                <string name="z" value="capeOverHead" />
            </canvas>
        </imgdir>
        <imgdir name="1">
            <canvas name="cape" width="40" height="37">
                <vector name="origin" x="11" y="25" />
                <imgdir name="map">
                    <vector name="navel" x="0" y="0" />
                </imgdir>
                <string name="z" value="backWing" />
            </canvas>
        </imgdir>
        <imgdir name="2">
            <canvas name="cape" width="41" height="43">
                <vector name="origin" x="10" y="32" />
                <imgdir name="map">
                    <vector name="navel" x="0" y="0" />
                </imgdir>
                <string name="z" value="backWing" />
            </canvas>
        </imgdir>
        <imgdir name="3">
            <canvas name="cape" width="45" height="54">
                <vector name="origin" x="12" y="44" />
                <imgdir name="map">
                    <vector name="navel" x="0" y="0" />
                </imgdir>
                <string name="z" value="backWing" />
            </canvas>
        </imgdir>
    </imgdir>
    <imgdir name="swingP1">
        <imgdir name="0">
            <canvas name="cape" width="35" height="48">
                <vector name="origin" x="5" y="29" />
                <imgdir name="map">
                    <vector name="navel" x="0" y="0" />
                </imgdir>
                <string name="z" value="backWing" />
            </canvas>
        </imgdir>
        <imgdir name="1">
            <canvas name="cape" width="39" height="42">
                <vector name="origin" x="9" y="34" />
                <imgdir name="map">
                    <vector name="navel" x="0" y="0" />
                </imgdir>
                <string name="z" value="backWing" />
            </canvas>
        </imgdir>
        <imgdir name="2">
            <canvas name="cape" width="45" height="54">
                <vector name="origin" x="10" y="43" />
                <imgdir name="map">
                    <vector name="navel" x="0" y="0" />
                </imgdir>
                <string name="z" value="backWing" />
            </canvas>
        </imgdir>
    </imgdir>
    <imgdir name="swingP2">
        <imgdir name="0">
            <canvas name="cape" width="41" height="41">
                <vector name="origin" x="1" y="30" />
                <imgdir name="map">
                    <vector name="navel" x="0" y="0" />
                </imgdir>
                <string name="z" value="capeOverHead" />
            </canvas>
        </imgdir>
        <imgdir name="1">
            <canvas name="cape" width="40" height="37">
                <vector name="origin" x="9" y="27" />
                <imgdir name="map">
                    <vector name="navel" x="0" y="0" />
                </imgdir>
                <string name="z" value="backWing" />
            </canvas>
        </imgdir>
        <imgdir name="2">
            <canvas name="cape" width="45" height="54">
                <vector name="origin" x="11" y="45" />
                <imgdir name="map">
                    <vector name="navel" x="0" y="0" />
                </imgdir>
                <string name="z" value="backWing" />
            </canvas>
        </imgdir>
    </imgdir>
    <imgdir name="swingPF">
        <imgdir name="0">
            <canvas name="cape" width="39" height="42">
                <vector name="origin" x="6" y="32" />
                <imgdir name="map">
                    <vector name="navel" x="0" y="0" />
                </imgdir>
                <string name="z" value="backWing" />
            </canvas>
        </imgdir>
        <imgdir name="1">
            <canvas name="cape" width="41" height="43">
                <vector name="origin" x="6" y="32" />
                <imgdir name="map">
                    <vector name="navel" x="0" y="0" />
                </imgdir>
                <string name="z" value="backWing" />
            </canvas>
        </imgdir>
        <imgdir name="2">
            <canvas name="cape" width="35" height="48">
                <vector name="origin" x="10" y="29" />
                <imgdir name="map">
                    <vector name="navel" x="0" y="0" />
                </imgdir>
                <string name="z" value="backWing" />
            </canvas>
        </imgdir>
        <imgdir name="3">
            <canvas name="cape" width="42" height="52">
                <vector name="origin" x="11" y="45" />
                <imgdir name="map">
                    <vector name="navel" x="0" y="0" />
                </imgdir>
                <string name="z" value="capeOverHead" />
            </canvas>
        </imgdir>
    </imgdir>
    <imgdir name="stabO1">
        <imgdir name="0">
            <canvas name="cape" width="38" height="42">
                <vector name="origin" x="9" y="28" />
                <imgdir name="map">
                    <vector name="navel" x="0" y="0" />
                </imgdir>
                <string name="z" value="backWing" />
            </canvas>
        </imgdir>
        <imgdir name="1">
            <canvas name="cape" width="38" height="53">
                <vector name="origin" x="9" y="50" />
                <imgdir name="map">
                    <vector name="navel" x="0" y="0" />
                </imgdir>
                <string name="z" value="capeOverHead" />
            </canvas>
        </imgdir>
    </imgdir>
    <imgdir name="stabO2">
        <imgdir name="0">
            <canvas name="cape" width="38" height="42">
                <vector name="origin" x="6" y="28" />
                <imgdir name="map">
                    <vector name="navel" x="0" y="0" />
                </imgdir>
                <string name="z" value="backWing" />
            </canvas>
        </imgdir>
        <imgdir name="1">
            <canvas name="cape" width="38" height="53">
                <vector name="origin" x="7" y="49" />
                <imgdir name="map">
                    <vector name="navel" x="0" y="0" />
                </imgdir>
                <string name="z" value="capeOverHead" />
            </canvas>
        </imgdir>
    </imgdir>
    <imgdir name="stabOF">
        <imgdir name="0">
            <canvas name="cape" width="39" height="42">
                <vector name="origin" x="13" y="33" />
                <imgdir name="map">
                    <vector name="navel" x="0" y="0" />
                </imgdir>
                <string name="z" value="backWing" />
            </canvas>
        </imgdir>
        <imgdir name="1">
            <canvas name="cape" width="41" height="43">
                <vector name="origin" x="16" y="30" />
                <imgdir name="map">
                    <vector name="navel" x="0" y="0" />
                </imgdir>
                <string name="z" value="backWing" />
            </canvas>
        </imgdir>
        <imgdir name="2">
            <canvas name="cape" width="43" height="53">
                <vector name="origin" x="10" y="41" />
                <imgdir name="map">
                    <vector name="navel" x="0" y="0" />
                </imgdir>
                <string name="z" value="backWing" />
            </canvas>
        </imgdir>
    </imgdir>
    <imgdir name="stabT1">
        <imgdir name="0">
            <canvas name="cape" width="39" height="42">
                <vector name="origin" x="9" y="32" />
                <imgdir name="map">
                    <vector name="navel" x="0" y="0" />
                </imgdir>
                <string name="z" value="backWing" />
            </canvas>
        </imgdir>
        <imgdir name="1">
            <canvas name="cape" width="43" height="43">
                <vector name="origin" x="9" y="31" />
                <imgdir name="map">
                    <vector name="navel" x="0" y="0" />
                </imgdir>
                <string name="z" value="backWing" />
            </canvas>
        </imgdir>
        <imgdir name="2">
            <canvas name="cape" width="43" height="53">
                <vector name="origin" x="8" y="43" />
                <imgdir name="map">
                    <vector name="navel" x="0" y="0" />
                </imgdir>
                <string name="z" value="backWing" />
            </canvas>
        </imgdir>
    </imgdir>
    <imgdir name="stabT2">
        <imgdir name="0">
            <canvas name="cape" width="39" height="42">
                <vector name="origin" x="8" y="32" />
                <imgdir name="map">
                    <vector name="navel" x="0" y="0" />
                </imgdir>
                <string name="z" value="backWing" />
            </canvas>
        </imgdir>
        <imgdir name="1">
            <canvas name="cape" width="43" height="43">
                <vector name="origin" x="13" y="31" />
                <imgdir name="map">
                    <vector name="navel" x="0" y="0" />
                </imgdir>
                <string name="z" value="backWing" />
            </canvas>
        </imgdir>
        <imgdir name="2">
            <canvas name="cape" width="43" height="53">
                <vector name="origin" x="12" y="42" />
                <imgdir name="map">
                    <vector name="navel" x="0" y="0" />
                </imgdir>
                <string name="z" value="backWing" />
            </canvas>
        </imgdir>
    </imgdir>
    <imgdir name="stabTF">
        <imgdir name="0">
            <uol name="cape" value="../../swingPF/0/cape" />
        </imgdir>
        <imgdir name="1">
            <uol name="cape" value="../../swingPF/1/cape" />
        </imgdir>
        <imgdir name="2">
            <canvas name="cape" width="35" height="48">
                <vector name="origin" x="11" y="31" />
                <imgdir name="map">
                    <vector name="navel" x="0" y="0" />
                </imgdir>
                <string name="z" value="backWing" />
            </canvas>
        </imgdir>
        <imgdir name="3">
            <canvas name="cape" width="43" height="53">
                <vector name="origin" x="10" y="41" />
                <imgdir name="map">
                    <vector name="navel" x="0" y="0" />
                </imgdir>
                <string name="z" value="backWing" />
            </canvas>
        </imgdir>
    </imgdir>
    <imgdir name="shoot1">
        <imgdir name="0">
            <canvas name="cape" width="39" height="40">
                <vector name="origin" x="6" y="33" />
                <imgdir name="map">
                    <vector name="navel" x="0" y="0" />
                </imgdir>
                <string name="z" value="backWing" />
            </canvas>
        </imgdir>
        <imgdir name="1">
            <canvas name="cape" width="41" height="42">
                <vector name="origin" x="6" y="33" />
                <imgdir name="map">
                    <vector name="navel" x="0" y="0" />
                </imgdir>
                <string name="z" value="backWing" />
            </canvas>
        </imgdir>
        <imgdir name="2">
            <uol name="cape" value="../1/cape" />
        </imgdir>
    </imgdir>
    <imgdir name="shoot2">
        <imgdir name="0">
            <canvas name="cape" width="39" height="40">
                <vector name="origin" x="5" y="33" />
                <imgdir name="map">
                    <vector name="navel" x="0" y="0" />
                </imgdir>
                <string name="z" value="backWing" />
            </canvas>
        </imgdir>
        <imgdir name="1">
            <canvas name="cape" width="41" height="42">
                <vector name="origin" x="5" y="33" />
                <imgdir name="map">
                    <vector name="navel" x="0" y="0" />
                </imgdir>
                <string name="z" value="backWing" />
            </canvas>
        </imgdir>
        <imgdir name="2">
            <uol name="cape" value="../0/cape" />
        </imgdir>
        <imgdir name="3">
            <uol name="cape" value="../0/cape" />
        </imgdir>
        <imgdir name="4">
            <canvas name="cape" width="41" height="42">
                <vector name="origin" x="4" y="33" />
                <imgdir name="map">
                    <vector name="navel" x="0" y="0" />
                </imgdir>
                <string name="z" value="backWing" />
            </canvas>
        </imgdir>
    </imgdir>
    <imgdir name="shootF">
        <imgdir name="0">
            <canvas name="cape" width="39" height="40">
                <vector name="origin" x="10" y="30" />
                <imgdir name="map">
                    <vector name="navel" x="0" y="0" />
                </imgdir>
                <string name="z" value="backWing" />
            </canvas>
        </imgdir>
        <imgdir name="1">
            <canvas name="cape" width="41" height="42">
                <vector name="origin" x="10" y="30" />
                <imgdir name="map">
                    <vector name="navel" x="0" y="0" />
                </imgdir>
                <string name="z" value="backWing" />
            </canvas>
        </imgdir>
        <imgdir name="2">
            <uol name="cape" value="../1/cape" />
        </imgdir>
    </imgdir>
    <imgdir name="proneStab">
        <imgdir name="0">
            <canvas name="cape" width="32" height="45">
                <vector name="origin" x="24" y="58" />
                <imgdir name="map">
                    <vector name="navel" x="0" y="0" />
                </imgdir>
                <string name="z" value="cape" />
            </canvas>
        </imgdir>
        <imgdir name="1">
            <canvas name="cape" width="35" height="56">
                <vector name="origin" x="24" y="69" />
                <imgdir name="map">
                    <vector name="navel" x="0" y="0" />
                </imgdir>
                <string name="z" value="cape" />
            </canvas>
        </imgdir>
    </imgdir>
    <imgdir name="prone">
        <imgdir name="0">
            <uol name="cape" value="../../proneStab/0/cape" />
        </imgdir>
    </imgdir>
    <imgdir name="heal">
        <imgdir name="0">
            <uol name="cape" value="../../alert/1/cape" />
        </imgdir>
        <imgdir name="1">
            <uol name="cape" value="../../swingO2/1/cape" />
        </imgdir>
        <imgdir name="2">
            <uol name="cape" value="../../swingO2/0/cape" />
        </imgdir>
    </imgdir>
    <imgdir name="fly">
        <imgdir name="0">
            <canvas name="cape" width="40" height="37">
                <vector name="origin" x="9" y="26" />
                <imgdir name="map">
                    <vector name="navel" x="0" y="0" />
                </imgdir>
                <string name="z" value="backWing" />
            </canvas>
        </imgdir>
        <imgdir name="1">
            <canvas name="cape" width="40" height="46">
                <vector name="origin" x="9" y="26" />
                <imgdir name="map">
                    <vector name="navel" x="0" y="0" />
                </imgdir>
                <string name="z" value="backWing" />
            </canvas>
        </imgdir>
    </imgdir>
    <imgdir name="jump">
        <imgdir name="0">
            <canvas name="cape" width="49" height="46">
                <vector name="origin" x="8" y="34" />
                <imgdir name="map">
                    <vector name="navel" x="0" y="0" />
                </imgdir>
                <string name="z" value="backWing" />
            </canvas>
        </imgdir>
    </imgdir>
    <imgdir name="sit">
        <imgdir name="0">
            <canvas name="cape" width="40" height="37">
                <vector name="origin" x="9" y="29" />
                <imgdir name="map">
                    <vector name="navel" x="0" y="0" />
                </imgdir>
                <string name="z" value="backWing" />
            </canvas>
        </imgdir>
    </imgdir>
    <imgdir name="ladder">
        <imgdir name="0">
            <canvas name="cape" width="30" height="42">
                <vector name="origin" x="14" y="31" />
                <imgdir name="map">
                    <vector name="navel" x="0" y="0" />
                </imgdir>
                <string name="z" value="backHairOverCape" />
            </canvas>
        </imgdir>
        <imgdir name="1">
            <canvas name="cape" width="35" height="43">
                <vector name="origin" x="13" y="31" />
                <imgdir name="map">
                    <vector name="navel" x="0" y="0" />
                </imgdir>
                <string name="z" value="backHairOverCape" />
            </canvas>
        </imgdir>
    </imgdir>
    <imgdir name="rope">
        <imgdir name="0">
            <canvas name="cape" width="30" height="42">
                <vector name="origin" x="14" y="31" />
                <imgdir name="map">
                    <vector name="navel" x="0" y="0" />
                </imgdir>
                <string name="z" value="backHairOverCape" />
            </canvas>
        </imgdir>
        <imgdir name="1">
            <canvas name="cape" width="35" height="43">
                <vector name="origin" x="13" y="32" />
                <imgdir name="map">
                    <vector name="navel" x="0" y="0" />
                </imgdir>
                <string name="z" value="backHairOverCape" />
            </canvas>
        </imgdir>
    </imgdir>
</imgdir>