<?xml version="1.0" encoding="utf-8" standalone="yes"?>
<imgdir name="01102265.img">
    <imgdir name="info">
        <canvas name="icon" width="30" height="31">
            <vector name="origin" x="-1" y="31" />
        </canvas>
        <canvas name="iconRaw" width="30" height="30">
            <vector name="origin" x="-1" y="31" />
        </canvas>
        <string name="islot" value="Sr" />
        <string name="vslot" value="Sr" />
        <int name="tuc" value="7" />
        <int name="reqJob" value="8" />
        <int name="reqLevel" value="120" />
        <int name="reqSTR" value="0" />
        <int name="reqDEX" value="0" />
        <int name="reqINT" value="0" />
        <int name="reqLUK" value="0" />
        <int name="incPDD" value="55" />
        <int name="incMDD" value="60" />
        <int name="incSTR" value="1" />
        <int name="incDEX" value="1" />
        <int name="incINT" value="1" />
        <int name="incLUK" value="1" />
        <int name="price" value="1" />
        <int name="cash" value="0" />
        <int name="setItemID" value="9" />
        <int name="tradeBlock" value="1" />
        <int name="tradeAvailable" value="2" />
        <int name="charmEXP" value="80" />
    </imgdir>
    <imgdir name="walk1">
        <imgdir name="0">
            <canvas name="cape" width="46" height="35">
                <vector name="origin" x="7" y="13" />
                <imgdir name="map">
                    <vector name="navel" x="0" y="0" />
                </imgdir>
                <string name="z" value="capeBelowBody" />
            </canvas>
        </imgdir>
        <imgdir name="1">
            <canvas name="cape" width="46" height="34">
                <vector name="origin" x="8" y="12" />
                <imgdir name="map">
                    <vector name="navel" x="0" y="0" />
                </imgdir>
                <string name="z" value="capeBelowBody" />
            </canvas>
        </imgdir>
        <imgdir name="2">
            <canvas name="cape" width="48" height="33">
                <vector name="origin" x="7" y="13" />
                <imgdir name="map">
                    <vector name="navel" x="0" y="0" />
                </imgdir>
                <string name="z" value="capeBelowBody" />
            </canvas>
        </imgdir>
        <imgdir name="3">
            <canvas name="cape" width="46" height="34">
                <vector name="origin" x="8" y="14" />
                <imgdir name="map">
                    <vector name="navel" x="0" y="0" />
                </imgdir>
                <string name="z" value="capeBelowBody" />
            </canvas>
        </imgdir>
    </imgdir>
    <imgdir name="walk2">
        <imgdir name="0">
            <uol name="cape" value="../../walk1/0/cape" />
        </imgdir>
        <imgdir name="1">
            <uol name="cape" value="../../walk1/1/cape" />
        </imgdir>
        <imgdir name="2">
            <uol name="cape" value="../../walk1/2/cape" />
        </imgdir>
        <imgdir name="3">
            <uol name="cape" value="../../walk1/3/cape" />
        </imgdir>
    </imgdir>
    <imgdir name="stand1">
        <imgdir name="0">
            <canvas name="cape" width="46" height="35">
                <vector name="origin" x="5" y="12" />
                <imgdir name="map">
                    <vector name="navel" x="0" y="0" />
                </imgdir>
                <string name="z" value="capeBelowBody" />
            </canvas>
        </imgdir>
        <imgdir name="1">
            <canvas name="cape" width="46" height="34">
                <vector name="origin" x="7" y="13" />
                <imgdir name="map">
                    <vector name="navel" x="0" y="0" />
                </imgdir>
                <string name="z" value="capeBelowBody" />
            </canvas>
        </imgdir>
        <imgdir name="2">
            <canvas name="cape" width="48" height="33">
                <vector name="origin" x="9" y="12" />
                <imgdir name="map">
                    <vector name="navel" x="0" y="0" />
                </imgdir>
                <string name="z" value="capeBelowBody" />
            </canvas>
        </imgdir>
    </imgdir>
    <imgdir name="stand2">
        <imgdir name="0">
            <uol name="cape" value="../../stand1/0/cape" />
        </imgdir>
        <imgdir name="1">
            <uol name="cape" value="../../stand1/1/cape" />
        </imgdir>
        <imgdir name="2">
            <uol name="cape" value="../../stand1/2/cape" />
        </imgdir>
    </imgdir>
    <imgdir name="alert">
        <imgdir name="0">
            <canvas name="cape" width="46" height="34">
                <vector name="origin" x="8" y="13" />
                <imgdir name="map">
                    <vector name="navel" x="0" y="0" />
                </imgdir>
                <string name="z" value="capeBelowBody" />
            </canvas>
        </imgdir>
        <imgdir name="1">
            <canvas name="cape" width="46" height="34">
                <vector name="origin" x="9" y="13" />
                <imgdir name="map">
                    <vector name="navel" x="0" y="0" />
                </imgdir>
                <string name="z" value="capeBelowBody" />
            </canvas>
        </imgdir>
        <imgdir name="2">
            <canvas name="cape" width="48" height="33">
                <vector name="origin" x="10" y="12" />
                <imgdir name="map">
                    <vector name="navel" x="0" y="0" />
                </imgdir>
                <string name="z" value="capeBelowBody" />
            </canvas>
        </imgdir>
    </imgdir>
    <imgdir name="swingO1">
        <imgdir name="0">
            <canvas name="cape" width="46" height="26">
                <vector name="origin" x="11" y="16" />
                <imgdir name="map">
                    <vector name="navel" x="0" y="0" />
                </imgdir>
                <string name="z" value="capeOverHead" />
            </canvas>
        </imgdir>
        <imgdir name="1">
            <canvas name="cape" width="49" height="31">
                <vector name="origin" x="5" y="16" />
                <imgdir name="map">
                    <vector name="navel" x="0" y="0" />
                </imgdir>
                <string name="z" value="capeOverHead" />
            </canvas>
        </imgdir>
        <imgdir name="2">
            <canvas name="cape" width="48" height="33">
                <vector name="origin" x="8" y="13" />
                <imgdir name="map">
                    <vector name="navel" x="0" y="0" />
                </imgdir>
                <string name="z" value="capeBelowBody" />
            </canvas>
        </imgdir>
    </imgdir>
    <imgdir name="swingO2">
        <imgdir name="0">
            <canvas name="cape" width="44" height="34">
                <vector name="origin" x="7" y="12" />
                <imgdir name="map">
                    <vector name="navel" x="0" y="0" />
                </imgdir>
                <string name="z" value="capeBelowBody" />
            </canvas>
        </imgdir>
        <imgdir name="1">
            <canvas name="cape" width="44" height="33">
                <vector name="origin" x="8" y="14" />
                <imgdir name="map">
                    <vector name="navel" x="0" y="0" />
                </imgdir>
                <string name="z" value="capeBelowBody" />
            </canvas>
        </imgdir>
        <imgdir name="2">
            <canvas name="cape" width="48" height="33">
                <vector name="origin" x="8" y="15" />
                <imgdir name="map">
                    <vector name="navel" x="0" y="0" />
                </imgdir>
                <string name="z" value="capeBelowBody" />
            </canvas>
        </imgdir>
    </imgdir>
    <imgdir name="swingO3">
        <imgdir name="0">
            <canvas name="cape" width="46" height="33">
                <vector name="origin" x="11" y="14" />
                <imgdir name="map">
                    <vector name="navel" x="0" y="0" />
                </imgdir>
                <string name="z" value="capeBelowBody" />
            </canvas>
        </imgdir>
        <imgdir name="1">
            <canvas name="cape" width="49" height="31">
                <vector name="origin" x="8" y="17" />
                <imgdir name="map">
                    <vector name="navel" x="0" y="0" />
                </imgdir>
                <string name="z" value="capeOverHead" />
            </canvas>
        </imgdir>
        <imgdir name="2">
            <canvas name="cape" width="46" height="26">
                <vector name="origin" x="7" y="16" />
                <imgdir name="map">
                    <vector name="navel" x="0" y="0" />
                </imgdir>
                <string name="z" value="capeOverHead" />
            </canvas>
        </imgdir>
    </imgdir>
    <imgdir name="swingOF">
        <imgdir name="0">
            <canvas name="cape" width="46" height="35">
                <vector name="origin" x="11" y="14" />
                <imgdir name="map">
                    <vector name="navel" x="0" y="0" />
                </imgdir>
                <string name="z" value="capeBelowBody" />
            </canvas>
        </imgdir>
        <imgdir name="1">
            <canvas name="cape" width="45" height="27">
                <vector name="origin" x="15" y="14" />
                <imgdir name="map">
                    <vector name="navel" x="0" y="0" />
                </imgdir>
                <string name="z" value="capeOverHead" />
            </canvas>
        </imgdir>
        <imgdir name="2">
            <canvas name="cape" width="51" height="24">
                <vector name="origin" x="7" y="20" />
                <imgdir name="map">
                    <vector name="navel" x="0" y="0" />
                </imgdir>
                <string name="z" value="capeOverHead" />
            </canvas>
        </imgdir>
        <imgdir name="3">
            <canvas name="cape" width="48" height="33">
                <vector name="origin" x="16" y="14" />
                <imgdir name="map">
                    <vector name="navel" x="0" y="0" />
                </imgdir>
                <string name="z" value="capeBelowBody" />
            </canvas>
        </imgdir>
    </imgdir>
    <imgdir name="swingT1">
        <imgdir name="0">
            <canvas name="cape" width="46" height="35">
                <vector name="origin" x="7" y="12" />
                <imgdir name="map">
                    <vector name="navel" x="0" y="0" />
                </imgdir>
                <string name="z" value="capeBelowBody" />
            </canvas>
        </imgdir>
        <imgdir name="1">
            <canvas name="cape" width="46" height="34">
                <vector name="origin" x="10" y="15" />
                <imgdir name="map">
                    <vector name="navel" x="0" y="0" />
                </imgdir>
                <string name="z" value="capeBelowBody" />
            </canvas>
        </imgdir>
        <imgdir name="2">
            <canvas name="cape" width="48" height="33">
                <vector name="origin" x="11" y="12" />
                <imgdir name="map">
                    <vector name="navel" x="0" y="0" />
                </imgdir>
                <string name="z" value="capeBelowBody" />
            </canvas>
        </imgdir>
    </imgdir>
    <imgdir name="swingT2">
        <imgdir name="0">
            <canvas name="cape" width="49" height="29">
                <vector name="origin" x="1" y="15" />
                <imgdir name="map">
                    <vector name="navel" x="0" y="0" />
                </imgdir>
                <string name="z" value="capeOverHead" />
            </canvas>
        </imgdir>
        <imgdir name="1">
            <canvas name="cape" width="46" height="34">
                <vector name="origin" x="10" y="14" />
                <imgdir name="map">
                    <vector name="navel" x="0" y="0" />
                </imgdir>
                <string name="z" value="capeBelowBody" />
            </canvas>
        </imgdir>
        <imgdir name="2">
            <canvas name="cape" width="48" height="33">
                <vector name="origin" x="13" y="14" />
                <imgdir name="map">
                    <vector name="navel" x="0" y="0" />
                </imgdir>
                <string name="z" value="capeBelowBody" />
            </canvas>
        </imgdir>
    </imgdir>
    <imgdir name="swingT3">
        <imgdir name="0">
            <canvas name="cape" width="46" height="35">
                <vector name="origin" x="11" y="14" />
                <imgdir name="map">
                    <vector name="navel" x="0" y="0" />
                </imgdir>
                <string name="z" value="capeBelowBody" />
            </canvas>
        </imgdir>
        <imgdir name="1">
            <canvas name="cape" width="46" height="32">
                <vector name="origin" x="12" y="12" />
                <imgdir name="map">
                    <vector name="navel" x="0" y="0" />
                </imgdir>
                <string name="z" value="capeBelowBody" />
            </canvas>
        </imgdir>
        <imgdir name="2">
            <canvas name="cape" width="48" height="33">
                <vector name="origin" x="11" y="13" />
                <imgdir name="map">
                    <vector name="navel" x="0" y="0" />
                </imgdir>
                <string name="z" value="capeBelowBody" />
            </canvas>
        </imgdir>
    </imgdir>
    <imgdir name="swingTF">
        <imgdir name="0">
            <canvas name="cape" width="49" height="28">
                <vector name="origin" x="12" y="12" />
                <imgdir name="map">
                    <vector name="navel" x="0" y="0" />
                </imgdir>
                <string name="z" value="capeOverHead" />
            </canvas>
        </imgdir>
        <imgdir name="1">
            <canvas name="cape" width="46" height="35">
                <vector name="origin" x="13" y="12" />
                <imgdir name="map">
                    <vector name="navel" x="0" y="0" />
                </imgdir>
                <string name="z" value="capeBelowBody" />
            </canvas>
        </imgdir>
        <imgdir name="2">
            <canvas name="cape" width="46" height="34">
                <vector name="origin" x="11" y="14" />
                <imgdir name="map">
                    <vector name="navel" x="0" y="0" />
                </imgdir>
                <string name="z" value="capeBelowBody" />
            </canvas>
        </imgdir>
        <imgdir name="3">
            <canvas name="cape" width="48" height="33">
                <vector name="origin" x="14" y="13" />
                <imgdir name="map">
                    <vector name="navel" x="0" y="0" />
                </imgdir>
                <string name="z" value="capeBelowBody" />
            </canvas>
        </imgdir>
    </imgdir>
    <imgdir name="swingP1">
        <imgdir name="0">
            <canvas name="cape" width="46" height="35">
                <vector name="origin" x="8" y="13" />
                <imgdir name="map">
                    <vector name="navel" x="0" y="0" />
                </imgdir>
                <string name="z" value="capeBelowBody" />
            </canvas>
        </imgdir>
        <imgdir name="1">
            <canvas name="cape" width="46" height="34">
                <vector name="origin" x="10" y="16" />
                <imgdir name="map">
                    <vector name="navel" x="0" y="0" />
                </imgdir>
                <string name="z" value="capeBelowBody" />
            </canvas>
        </imgdir>
        <imgdir name="2">
            <canvas name="cape" width="48" height="33">
                <vector name="origin" x="11" y="13" />
                <imgdir name="map">
                    <vector name="navel" x="0" y="0" />
                </imgdir>
                <string name="z" value="capeBelowBody" />
            </canvas>
        </imgdir>
    </imgdir>
    <imgdir name="swingP2">
        <imgdir name="0">
            <canvas name="cape" width="50" height="29">
                <vector name="origin" x="3" y="15" />
                <imgdir name="map">
                    <vector name="navel" x="0" y="0" />
                </imgdir>
                <string name="z" value="capeOverHead" />
            </canvas>
        </imgdir>
        <imgdir name="1">
            <canvas name="cape" width="46" height="34">
                <vector name="origin" x="11" y="14" />
                <imgdir name="map">
                    <vector name="navel" x="0" y="0" />
                </imgdir>
                <string name="z" value="capeBelowBody" />
            </canvas>
        </imgdir>
        <imgdir name="2">
            <canvas name="cape" width="48" height="33">
                <vector name="origin" x="13" y="14" />
                <imgdir name="map">
                    <vector name="navel" x="0" y="0" />
                </imgdir>
                <string name="z" value="capeBelowBody" />
            </canvas>
        </imgdir>
    </imgdir>
    <imgdir name="swingPF">
        <imgdir name="0">
            <canvas name="cape" width="46" height="35">
                <vector name="origin" x="9" y="15" />
                <imgdir name="map">
                    <vector name="navel" x="0" y="0" />
                </imgdir>
                <string name="z" value="capeBelowBody" />
            </canvas>
        </imgdir>
        <imgdir name="1">
            <canvas name="cape" width="46" height="34">
                <vector name="origin" x="10" y="14" />
                <imgdir name="map">
                    <vector name="navel" x="0" y="0" />
                </imgdir>
                <string name="z" value="capeBelowBody" />
            </canvas>
        </imgdir>
        <imgdir name="2">
            <canvas name="cape" width="48" height="33">
                <vector name="origin" x="13" y="14" />
                <imgdir name="map">
                    <vector name="navel" x="0" y="0" />
                </imgdir>
                <string name="z" value="capeBelowBody" />
            </canvas>
        </imgdir>
        <imgdir name="3">
            <canvas name="cape" width="46" height="34">
                <vector name="origin" x="14" y="13" />
                <imgdir name="map">
                    <vector name="navel" x="0" y="0" />
                </imgdir>
                <string name="z" value="capeBelowBody" />
            </canvas>
        </imgdir>
    </imgdir>
    <imgdir name="stabO1">
        <imgdir name="0">
            <canvas name="cape" width="46" height="35">
                <vector name="origin" x="9" y="14" />
                <imgdir name="map">
                    <vector name="navel" x="0" y="0" />
                </imgdir>
                <string name="z" value="capeBelowBody" />
            </canvas>
        </imgdir>
        <imgdir name="1">
            <canvas name="cape" width="45" height="31">
                <vector name="origin" x="8" y="17" />
                <imgdir name="map">
                    <vector name="navel" x="0" y="0" />
                </imgdir>
                <string name="z" value="capeOverHead" />
            </canvas>
        </imgdir>
    </imgdir>
    <imgdir name="stabO2">
        <imgdir name="0">
            <canvas name="cape" width="46" height="35">
                <vector name="origin" x="10" y="14" />
                <imgdir name="map">
                    <vector name="navel" x="0" y="0" />
                </imgdir>
                <string name="z" value="capeBelowBody" />
            </canvas>
        </imgdir>
        <imgdir name="1">
            <canvas name="cape" width="45" height="31">
                <vector name="origin" x="7" y="16" />
                <imgdir name="map">
                    <vector name="navel" x="0" y="0" />
                </imgdir>
                <string name="z" value="capeOverHead" />
            </canvas>
        </imgdir>
    </imgdir>
    <imgdir name="stabOF">
        <imgdir name="0">
            <canvas name="cape" width="46" height="34">
                <vector name="origin" x="15" y="17" />
                <imgdir name="map">
                    <vector name="navel" x="0" y="0" />
                </imgdir>
                <string name="z" value="capeBelowBody" />
            </canvas>
        </imgdir>
        <imgdir name="1">
            <canvas name="cape" width="46" height="34">
                <vector name="origin" x="17" y="12" />
                <imgdir name="map">
                    <vector name="navel" x="0" y="0" />
                </imgdir>
                <string name="z" value="capeBelowBody" />
            </canvas>
        </imgdir>
        <imgdir name="2">
            <canvas name="cape" width="48" height="33">
                <vector name="origin" x="13" y="14" />
                <imgdir name="map">
                    <vector name="navel" x="0" y="0" />
                </imgdir>
                <string name="z" value="capeBelowBody" />
            </canvas>
        </imgdir>
    </imgdir>
    <imgdir name="stabT1">
        <imgdir name="0">
            <canvas name="cape" width="46" height="35">
                <vector name="origin" x="14" y="14" />
                <imgdir name="map">
                    <vector name="navel" x="0" y="0" />
                </imgdir>
                <string name="z" value="capeBelowBody" />
            </canvas>
        </imgdir>
        <imgdir name="1">
            <canvas name="cape" width="46" height="34">
                <vector name="origin" x="11" y="12" />
                <imgdir name="map">
                    <vector name="navel" x="0" y="0" />
                </imgdir>
                <string name="z" value="capeBelowBody" />
            </canvas>
        </imgdir>
        <imgdir name="2">
            <canvas name="cape" width="48" height="33">
                <vector name="origin" x="12" y="14" />
                <imgdir name="map">
                    <vector name="navel" x="0" y="0" />
                </imgdir>
                <string name="z" value="capeBelowBody" />
            </canvas>
        </imgdir>
    </imgdir>
    <imgdir name="stabT2">
        <imgdir name="0">
            <canvas name="cape" width="46" height="35">
                <vector name="origin" x="10" y="15" />
                <imgdir name="map">
                    <vector name="navel" x="0" y="0" />
                </imgdir>
                <string name="z" value="capeBelowBody" />
            </canvas>
        </imgdir>
        <imgdir name="1">
            <canvas name="cape" width="46" height="34">
                <vector name="origin" x="13" y="14" />
                <imgdir name="map">
                    <vector name="navel" x="0" y="0" />
                </imgdir>
                <string name="z" value="capeBelowBody" />
            </canvas>
        </imgdir>
        <imgdir name="2">
            <canvas name="cape" width="48" height="33">
                <vector name="origin" x="13" y="14" />
                <imgdir name="map">
                    <vector name="navel" x="0" y="0" />
                </imgdir>
                <string name="z" value="capeBelowBody" />
            </canvas>
        </imgdir>
    </imgdir>
    <imgdir name="stabTF">
        <imgdir name="0">
            <uol name="cape" value="../../swingPF/0/cape" />
        </imgdir>
        <imgdir name="1">
            <uol name="cape" value="../../swingPF/1/cape" />
        </imgdir>
        <imgdir name="2">
            <canvas name="cape" width="48" height="33">
                <vector name="origin" x="11" y="14" />
                <imgdir name="map">
                    <vector name="navel" x="0" y="0" />
                </imgdir>
                <string name="z" value="capeBelowBody" />
            </canvas>
        </imgdir>
        <imgdir name="3">
            <uol name="cape" value="../../stabT1/2/cape" />
        </imgdir>
    </imgdir>
    <imgdir name="shoot1">
        <imgdir name="0">
            <canvas name="cape" width="46" height="35">
                <vector name="origin" x="11" y="14" />
                <imgdir name="map">
                    <vector name="navel" x="0" y="0" />
                </imgdir>
                <string name="z" value="capeBelowBody" />
            </canvas>
        </imgdir>
        <imgdir name="1">
            <canvas name="cape" width="46" height="34">
                <vector name="origin" x="11" y="14" />
                <imgdir name="map">
                    <vector name="navel" x="0" y="0" />
                </imgdir>
                <string name="z" value="capeBelowBody" />
            </canvas>
        </imgdir>
        <imgdir name="2">
            <canvas name="cape" width="48" height="33">
                <vector name="origin" x="11" y="14" />
                <imgdir name="map">
                    <vector name="navel" x="0" y="0" />
                </imgdir>
                <string name="z" value="capeBelowBody" />
            </canvas>
        </imgdir>
    </imgdir>
    <imgdir name="shoot2">
        <imgdir name="0">
            <canvas name="cape" width="46" height="35">
                <vector name="origin" x="8" y="15" />
                <imgdir name="map">
                    <vector name="navel" x="0" y="0" />
                </imgdir>
                <string name="z" value="capeBelowBody" />
            </canvas>
        </imgdir>
        <imgdir name="1">
            <canvas name="cape" width="46" height="34">
                <vector name="origin" x="8" y="15" />
                <imgdir name="map">
                    <vector name="navel" x="0" y="0" />
                </imgdir>
                <string name="z" value="capeBelowBody" />
            </canvas>
        </imgdir>
        <imgdir name="2">
            <canvas name="cape" width="48" height="33">
                <vector name="origin" x="8" y="15" />
                <imgdir name="map">
                    <vector name="navel" x="0" y="0" />
                </imgdir>
                <string name="z" value="capeBelowBody" />
            </canvas>
        </imgdir>
        <imgdir name="3">
            <canvas name="cape" width="46" height="34">
                <vector name="origin" x="8" y="15" />
                <imgdir name="map">
                    <vector name="navel" x="0" y="0" />
                </imgdir>
                <string name="z" value="capeBelowBody" />
            </canvas>
        </imgdir>
        <imgdir name="4">
            <canvas name="cape" width="48" height="33">
                <vector name="origin" x="10" y="15" />
                <imgdir name="map">
                    <vector name="navel" x="0" y="0" />
                </imgdir>
                <string name="z" value="capeBelowBody" />
            </canvas>
        </imgdir>
    </imgdir>
    <imgdir name="shootF">
        <imgdir name="0">
            <canvas name="cape" width="46" height="35">
                <vector name="origin" x="14" y="14" />
                <imgdir name="map">
                    <vector name="navel" x="0" y="0" />
                </imgdir>
                <string name="z" value="capeBelowBody" />
            </canvas>
        </imgdir>
        <imgdir name="1">
            <canvas name="cape" width="46" height="34">
                <vector name="origin" x="15" y="14" />
                <imgdir name="map">
                    <vector name="navel" x="0" y="0" />
                </imgdir>
                <string name="z" value="capeBelowBody" />
            </canvas>
        </imgdir>
        <imgdir name="2">
            <uol name="cape" value="../1/cape" />
        </imgdir>
    </imgdir>
    <imgdir name="proneStab">
        <imgdir name="0">
            <canvas name="cape" width="57" height="25">
                <vector name="origin" x="26" y="21" />
                <imgdir name="map">
                    <vector name="navel" x="0" y="0" />
                </imgdir>
                <string name="z" value="cape" />
            </canvas>
        </imgdir>
        <imgdir name="1">
            <canvas name="cape" width="61" height="22">
                <vector name="origin" x="26" y="19" />
                <imgdir name="map">
                    <vector name="navel" x="0" y="0" />
                </imgdir>
                <string name="z" value="cape" />
            </canvas>
        </imgdir>
    </imgdir>
    <imgdir name="prone">
        <imgdir name="0">
            <uol name="cape" value="../../proneStab/0/cape" />
        </imgdir>
    </imgdir>
    <imgdir name="heal">
        <imgdir name="0">
            <uol name="cape" value="../../alert/1/cape" />
        </imgdir>
        <imgdir name="1">
            <uol name="cape" value="../../swingO2/1/cape" />
        </imgdir>
        <imgdir name="2">
            <uol name="cape" value="../../swingO2/0/cape" />
        </imgdir>
    </imgdir>
    <imgdir name="fly">
        <imgdir name="0">
            <canvas name="cape" width="46" height="35">
                <vector name="origin" x="9" y="14" />
                <imgdir name="map">
                    <vector name="navel" x="0" y="0" />
                </imgdir>
                <string name="z" value="capeBelowBody" />
            </canvas>
        </imgdir>
        <imgdir name="1">
            <canvas name="cape" width="46" height="34">
                <vector name="origin" x="10" y="14" />
                <imgdir name="map">
                    <vector name="navel" x="0" y="0" />
                </imgdir>
                <string name="z" value="capeBelowBody" />
            </canvas>
        </imgdir>
    </imgdir>
    <imgdir name="jump">
        <imgdir name="0">
            <canvas name="cape" width="48" height="33">
                <vector name="origin" x="9" y="13" />
                <imgdir name="map">
                    <vector name="navel" x="0" y="0" />
                </imgdir>
                <string name="z" value="capeBelowBody" />
            </canvas>
        </imgdir>
    </imgdir>
    <imgdir name="sit">
        <imgdir name="0">
            <canvas name="cape" width="42" height="31">
                <vector name="origin" x="8" y="13" />
                <imgdir name="map">
                    <vector name="navel" x="0" y="0" />
                </imgdir>
                <string name="z" value="capeBelowBody" />
            </canvas>
        </imgdir>
    </imgdir>
    <imgdir name="ladder">
        <imgdir name="0">
            <canvas name="cape" width="46" height="34">
                <vector name="origin" x="15" y="11" />
                <imgdir name="map">
                    <vector name="navel" x="0" y="0" />
                </imgdir>
                <string name="z" value="backCape" />
            </canvas>
        </imgdir>
        <imgdir name="1">
            <canvas name="cape" width="48" height="31">
                <vector name="origin" x="13" y="11" />
                <imgdir name="map">
                    <vector name="navel" x="0" y="0" />
                </imgdir>
                <string name="z" value="backCape" />
            </canvas>
        </imgdir>
    </imgdir>
    <imgdir name="rope">
        <imgdir name="0">
            <canvas name="cape" width="36" height="30">
                <vector name="origin" x="14" y="8" />
                <imgdir name="map">
                    <vector name="navel" x="0" y="0" />
                </imgdir>
                <string name="z" value="backCape" />
            </canvas>
        </imgdir>
        <imgdir name="1">
            <canvas name="cape" width="39" height="27">
                <vector name="origin" x="12" y="9" />
                <imgdir name="map">
                    <vector name="navel" x="0" y="0" />
                </imgdir>
                <string name="z" value="backCape" />
            </canvas>
        </imgdir>
    </imgdir>
</imgdir>