<?xml version="1.0" encoding="utf-8" standalone="yes"?>
<imgdir name="01102288.img">
    <imgdir name="info">
        <canvas name="icon" width="32" height="34">
            <vector name="origin" x="0" y="33" />
        </canvas>
        <canvas name="iconRaw" width="32" height="34">
            <vector name="origin" x="0" y="33" />
        </canvas>
        <string name="islot" value="Sr" />
        <string name="vslot" value="Sr" />
        <int name="reqJob" value="0" />
        <int name="reqLevel" value="0" />
        <int name="reqSTR" value="0" />
        <int name="reqDEX" value="0" />
        <int name="reqINT" value="0" />
        <int name="reqLUK" value="0" />
        <int name="cash" value="1" />
    </imgdir>
    <imgdir name="walk1">
        <imgdir name="0">
            <canvas name="cape" width="98" height="65">
                <vector name="origin" x="9" y="51" />
                <imgdir name="map">
                    <vector name="navel" x="0" y="0" />
                </imgdir>
                <string name="z" value="backWing" />
            </canvas>
        </imgdir>
        <imgdir name="1">
            <canvas name="cape" width="111" height="66">
                <vector name="origin" x="9" y="51" />
                <imgdir name="map">
                    <vector name="navel" x="0" y="0" />
                </imgdir>
                <string name="z" value="backWing" />
            </canvas>
        </imgdir>
        <imgdir name="2">
            <canvas name="cape" width="117" height="63">
                <vector name="origin" x="9" y="49" />
                <imgdir name="map">
                    <vector name="navel" x="0" y="0" />
                </imgdir>
                <string name="z" value="backWing" />
            </canvas>
        </imgdir>
        <imgdir name="3">
            <canvas name="cape" width="124" height="68">
                <vector name="origin" x="9" y="54" />
                <imgdir name="map">
                    <vector name="navel" x="0" y="0" />
                </imgdir>
                <string name="z" value="backWing" />
            </canvas>
        </imgdir>
    </imgdir>
    <imgdir name="walk2">
        <imgdir name="0">
            <canvas name="cape" width="98" height="65">
                <vector name="origin" x="9" y="51" />
                <imgdir name="map">
                    <vector name="navel" x="0" y="0" />
                </imgdir>
                <string name="z" value="backWing" />
            </canvas>
        </imgdir>
        <imgdir name="1">
            <canvas name="cape" width="111" height="66">
                <vector name="origin" x="9" y="51" />
                <imgdir name="map">
                    <vector name="navel" x="0" y="0" />
                </imgdir>
                <string name="z" value="backWing" />
            </canvas>
        </imgdir>
        <imgdir name="2">
            <canvas name="cape" width="117" height="63">
                <vector name="origin" x="9" y="49" />
                <imgdir name="map">
                    <vector name="navel" x="0" y="0" />
                </imgdir>
                <string name="z" value="backWing" />
            </canvas>
        </imgdir>
        <imgdir name="3">
            <canvas name="cape" width="124" height="68">
                <vector name="origin" x="9" y="54" />
                <imgdir name="map">
                    <vector name="navel" x="0" y="0" />
                </imgdir>
                <string name="z" value="backWing" />
            </canvas>
        </imgdir>
    </imgdir>
    <imgdir name="stand1">
        <imgdir name="0">
            <canvas name="cape" width="100" height="84">
                <vector name="origin" x="31" y="65" />
                <imgdir name="map">
                    <vector name="navel" x="0" y="0" />
                </imgdir>
                <string name="z" value="backWing" />
            </canvas>
        </imgdir>
        <imgdir name="1">
            <canvas name="cape" width="100" height="91">
                <vector name="origin" x="32" y="73" />
                <imgdir name="map">
                    <vector name="navel" x="0" y="0" />
                </imgdir>
                <string name="z" value="backWing" />
            </canvas>
        </imgdir>
        <imgdir name="2">
            <canvas name="cape" width="96" height="90">
                <vector name="origin" x="35" y="71" />
                <imgdir name="map">
                    <vector name="navel" x="0" y="0" />
                </imgdir>
                <string name="z" value="backWing" />
            </canvas>
        </imgdir>
    </imgdir>
    <imgdir name="stand2">
        <imgdir name="0">
            <canvas name="cape" width="100" height="86">
                <vector name="origin" x="31" y="67" />
                <imgdir name="map">
                    <vector name="navel" x="0" y="0" />
                </imgdir>
                <string name="z" value="backWing" />
            </canvas>
        </imgdir>
        <imgdir name="1">
            <canvas name="cape" width="100" height="93">
                <vector name="origin" x="32" y="75" />
                <imgdir name="map">
                    <vector name="navel" x="0" y="0" />
                </imgdir>
                <string name="z" value="backWing" />
            </canvas>
        </imgdir>
        <imgdir name="2">
            <canvas name="cape" width="96" height="92">
                <vector name="origin" x="35" y="73" />
                <imgdir name="map">
                    <vector name="navel" x="0" y="0" />
                </imgdir>
                <string name="z" value="backWing" />
            </canvas>
        </imgdir>
    </imgdir>
    <imgdir name="alert">
        <imgdir name="0">
            <canvas name="cape" width="44" height="57">
                <vector name="origin" x="10" y="39" />
                <imgdir name="map">
                    <vector name="navel" x="0" y="0" />
                </imgdir>
                <string name="z" value="backWing" />
            </canvas>
        </imgdir>
        <imgdir name="1">
            <canvas name="cape" width="44" height="57">
                <vector name="origin" x="10" y="39" />
                <imgdir name="map">
                    <vector name="navel" x="0" y="0" />
                </imgdir>
                <string name="z" value="backWing" />
            </canvas>
        </imgdir>
        <imgdir name="2">
            <canvas name="cape" width="44" height="57">
                <vector name="origin" x="10" y="39" />
                <imgdir name="map">
                    <vector name="navel" x="0" y="0" />
                </imgdir>
                <string name="z" value="backWing" />
            </canvas>
        </imgdir>
    </imgdir>
    <imgdir name="swingO1">
        <imgdir name="0">
            <canvas name="cape" width="40" height="52">
                <vector name="origin" x="8" y="44" />
                <imgdir name="map">
                    <vector name="navel" x="0" y="0" />
                </imgdir>
                <string name="z" value="capeOverHead" />
            </canvas>
        </imgdir>
        <imgdir name="1">
            <canvas name="cape" width="31" height="60">
                <vector name="origin" x="-2" y="46" />
                <imgdir name="map">
                    <vector name="navel" x="0" y="0" />
                </imgdir>
                <string name="z" value="capeOverHead" />
            </canvas>
        </imgdir>
        <imgdir name="2">
            <canvas name="cape" width="54" height="57">
                <vector name="origin" x="7" y="46" />
                <imgdir name="map">
                    <vector name="navel" x="0" y="0" />
                </imgdir>
                <string name="z" value="backWing" />
            </canvas>
        </imgdir>
    </imgdir>
    <imgdir name="swingO2">
        <imgdir name="0">
            <canvas name="cape" width="51" height="52">
                <vector name="origin" x="10" y="38" />
                <imgdir name="map">
                    <vector name="navel" x="0" y="0" />
                </imgdir>
                <string name="z" value="backWing" />
            </canvas>
        </imgdir>
        <imgdir name="1">
            <canvas name="cape" width="54" height="54">
                <vector name="origin" x="13" y="43" />
                <imgdir name="map">
                    <vector name="navel" x="0" y="0" />
                </imgdir>
                <string name="z" value="backWing" />
            </canvas>
        </imgdir>
        <imgdir name="2">
            <canvas name="cape" width="57" height="54">
                <vector name="origin" x="12" y="43" />
                <imgdir name="map">
                    <vector name="navel" x="0" y="0" />
                </imgdir>
                <string name="z" value="backWing" />
            </canvas>
        </imgdir>
    </imgdir>
    <imgdir name="swingO3">
        <imgdir name="0">
            <canvas name="cape" width="53" height="54">
                <vector name="origin" x="12" y="43" />
                <imgdir name="map">
                    <vector name="navel" x="0" y="0" />
                </imgdir>
                <string name="z" value="backWing" />
            </canvas>
        </imgdir>
        <imgdir name="1">
            <canvas name="cape" width="39" height="57">
                <vector name="origin" x="8" y="47" />
                <imgdir name="map">
                    <vector name="navel" x="0" y="0" />
                </imgdir>
                <string name="z" value="capeOverHead" />
            </canvas>
        </imgdir>
        <imgdir name="2">
            <canvas name="cape" width="40" height="52">
                <vector name="origin" x="3" y="45" />
                <imgdir name="map">
                    <vector name="navel" x="0" y="0" />
                </imgdir>
                <string name="z" value="capeOverHead" />
            </canvas>
        </imgdir>
    </imgdir>
    <imgdir name="swingOF">
        <imgdir name="0">
            <canvas name="cape" width="48" height="52">
                <vector name="origin" x="42" y="34" />
                <imgdir name="map">
                    <vector name="navel" x="0" y="0" />
                </imgdir>
                <string name="z" value="backWing" />
            </canvas>
        </imgdir>
        <imgdir name="1">
            <canvas name="cape" width="47" height="53">
                <vector name="origin" x="35" y="39" />
                <imgdir name="map">
                    <vector name="navel" x="0" y="0" />
                </imgdir>
                <string name="z" value="capeOverHead" />
            </canvas>
        </imgdir>
        <imgdir name="2">
            <canvas name="cape" width="31" height="60">
                <vector name="origin" x="-2" y="48" />
                <imgdir name="map">
                    <vector name="navel" x="0" y="0" />
                </imgdir>
                <string name="z" value="capeOverHead" />
            </canvas>
        </imgdir>
        <imgdir name="3">
            <canvas name="cape" width="54" height="57">
                <vector name="origin" x="14" y="50" />
                <imgdir name="map">
                    <vector name="navel" x="0" y="0" />
                </imgdir>
                <string name="z" value="backWing" />
            </canvas>
        </imgdir>
    </imgdir>
    <imgdir name="swingT1">
        <imgdir name="0">
            <canvas name="cape" width="48" height="52">
                <vector name="origin" x="5" y="35" />
                <imgdir name="map">
                    <vector name="navel" x="0" y="0" />
                </imgdir>
                <string name="z" value="backWing" />
            </canvas>
        </imgdir>
        <imgdir name="1">
            <canvas name="cape" width="53" height="54">
                <vector name="origin" x="13" y="42" />
                <imgdir name="map">
                    <vector name="navel" x="0" y="0" />
                </imgdir>
                <string name="z" value="backWing" />
            </canvas>
        </imgdir>
        <imgdir name="2">
            <canvas name="cape" width="53" height="57">
                <vector name="origin" x="8" y="46" />
                <imgdir name="map">
                    <vector name="navel" x="0" y="0" />
                </imgdir>
                <string name="z" value="backWing" />
            </canvas>
        </imgdir>
    </imgdir>
    <imgdir name="swingT2">
        <imgdir name="0">
            <canvas name="cape" width="34" height="61">
                <vector name="origin" x="-6" y="42" />
                <imgdir name="map">
                    <vector name="navel" x="0" y="0" />
                </imgdir>
                <string name="z" value="capeOverHead" />
            </canvas>
        </imgdir>
        <imgdir name="1">
            <canvas name="cape" width="46" height="52">
                <vector name="origin" x="7" y="37" />
                <imgdir name="map">
                    <vector name="navel" x="0" y="0" />
                </imgdir>
                <string name="z" value="backWing" />
            </canvas>
        </imgdir>
        <imgdir name="2">
            <canvas name="cape" width="53" height="54">
                <vector name="origin" x="13" y="41" />
                <imgdir name="map">
                    <vector name="navel" x="0" y="0" />
                </imgdir>
                <string name="z" value="backWing" />
            </canvas>
        </imgdir>
    </imgdir>
    <imgdir name="swingT3">
        <imgdir name="0">
            <canvas name="cape" width="48" height="52">
                <vector name="origin" x="38" y="32" />
                <imgdir name="map">
                    <vector name="navel" x="0" y="0" />
                </imgdir>
                <string name="z" value="backWing" />
            </canvas>
        </imgdir>
        <imgdir name="1">
            <canvas name="cape" width="53" height="54">
                <vector name="origin" x="15" y="42" />
                <imgdir name="map">
                    <vector name="navel" x="0" y="0" />
                </imgdir>
                <string name="z" value="backWing" />
            </canvas>
        </imgdir>
        <imgdir name="2">
            <canvas name="cape" width="53" height="57">
                <vector name="origin" x="8" y="46" />
                <imgdir name="map">
                    <vector name="navel" x="0" y="0" />
                </imgdir>
                <string name="z" value="capeOverHead" />
            </canvas>
        </imgdir>
    </imgdir>
    <imgdir name="swingTF">
        <imgdir name="0">
            <canvas name="cape" width="37" height="54">
                <vector name="origin" x="27" y="40" />
                <imgdir name="map">
                    <vector name="navel" x="0" y="0" />
                </imgdir>
                <string name="z" value="capeOverHead" />
            </canvas>
        </imgdir>
        <imgdir name="1">
            <canvas name="cape" width="45" height="54">
                <vector name="origin" x="40" y="35" />
                <imgdir name="map">
                    <vector name="navel" x="0" y="0" />
                </imgdir>
                <string name="z" value="backWing" />
            </canvas>
        </imgdir>
        <imgdir name="2">
            <canvas name="cape" width="46" height="52">
                <vector name="origin" x="10" y="40" />
                <imgdir name="map">
                    <vector name="navel" x="0" y="0" />
                </imgdir>
                <string name="z" value="backWing" />
            </canvas>
        </imgdir>
        <imgdir name="3">
            <canvas name="cape" width="53" height="57">
                <vector name="origin" x="10" y="48" />
                <imgdir name="map">
                    <vector name="navel" x="0" y="0" />
                </imgdir>
                <string name="z" value="backWing" />
            </canvas>
        </imgdir>
    </imgdir>
    <imgdir name="swingP1">
        <imgdir name="0">
            <canvas name="cape" width="48" height="52">
                <vector name="origin" x="9" y="37" />
                <imgdir name="map">
                    <vector name="navel" x="0" y="0" />
                </imgdir>
                <string name="z" value="backWing" />
            </canvas>
        </imgdir>
        <imgdir name="1">
            <canvas name="cape" width="50" height="54">
                <vector name="origin" x="10" y="43" />
                <imgdir name="map">
                    <vector name="navel" x="0" y="0" />
                </imgdir>
                <string name="z" value="backWing" />
            </canvas>
        </imgdir>
        <imgdir name="2">
            <canvas name="cape" width="53" height="57">
                <vector name="origin" x="7" y="46" />
                <imgdir name="map">
                    <vector name="navel" x="0" y="0" />
                </imgdir>
                <string name="z" value="backWing" />
            </canvas>
        </imgdir>
    </imgdir>
    <imgdir name="swingP2">
        <imgdir name="0">
            <canvas name="cape" width="34" height="61">
                <vector name="origin" x="-2" y="40" />
                <imgdir name="map">
                    <vector name="navel" x="0" y="0" />
                </imgdir>
                <string name="z" value="capeOverHead" />
            </canvas>
        </imgdir>
        <imgdir name="1">
            <canvas name="cape" width="46" height="52">
                <vector name="origin" x="8" y="38" />
                <imgdir name="map">
                    <vector name="navel" x="0" y="0" />
                </imgdir>
                <string name="z" value="backWing" />
            </canvas>
        </imgdir>
        <imgdir name="2">
            <canvas name="cape" width="55" height="54">
                <vector name="origin" x="16" y="41" />
                <imgdir name="map">
                    <vector name="navel" x="0" y="0" />
                </imgdir>
                <string name="z" value="backWing" />
            </canvas>
        </imgdir>
    </imgdir>
    <imgdir name="swingPF">
        <imgdir name="0">
            <canvas name="cape" width="55" height="53">
                <vector name="origin" x="8" y="43" />
                <imgdir name="map">
                    <vector name="navel" x="0" y="0" />
                </imgdir>
                <string name="z" value="backWing" />
            </canvas>
        </imgdir>
        <imgdir name="1">
            <canvas name="cape" width="57" height="53">
                <vector name="origin" x="8" y="43" />
                <imgdir name="map">
                    <vector name="navel" x="0" y="0" />
                </imgdir>
                <string name="z" value="backWing" />
            </canvas>
        </imgdir>
        <imgdir name="2">
            <canvas name="cape" width="46" height="52">
                <vector name="origin" x="12" y="36" />
                <imgdir name="map">
                    <vector name="navel" x="0" y="0" />
                </imgdir>
                <string name="z" value="backWing" />
            </canvas>
        </imgdir>
        <imgdir name="3">
            <canvas name="cape" width="54" height="57">
                <vector name="origin" x="11" y="46" />
                <imgdir name="map">
                    <vector name="navel" x="0" y="0" />
                </imgdir>
                <string name="z" value="backWing" />
            </canvas>
        </imgdir>
    </imgdir>
    <imgdir name="stabO1">
        <imgdir name="0">
            <canvas name="cape" width="48" height="52">
                <vector name="origin" x="34" y="37" />
                <imgdir name="map">
                    <vector name="navel" x="0" y="0" />
                </imgdir>
                <string name="z" value="backWing" />
            </canvas>
        </imgdir>
        <imgdir name="1">
            <canvas name="cape" width="47" height="50">
                <vector name="origin" x="9" y="44" />
                <imgdir name="map">
                    <vector name="navel" x="0" y="0" />
                </imgdir>
                <string name="z" value="capeOverHead" />
            </canvas>
        </imgdir>
    </imgdir>
    <imgdir name="stabO2">
        <imgdir name="0">
            <canvas name="cape" width="55" height="53">
                <vector name="origin" x="9" y="41" />
                <imgdir name="map">
                    <vector name="navel" x="0" y="0" />
                </imgdir>
                <string name="z" value="backWing" />
            </canvas>
        </imgdir>
        <imgdir name="1">
            <canvas name="cape" width="47" height="50">
                <vector name="origin" x="10" y="43" />
                <imgdir name="map">
                    <vector name="navel" x="0" y="0" />
                </imgdir>
                <string name="z" value="capeOverHead" />
            </canvas>
        </imgdir>
    </imgdir>
    <imgdir name="stabOF">
        <imgdir name="0">
            <canvas name="cape" width="45" height="56">
                <vector name="origin" x="16" y="43" />
                <imgdir name="map">
                    <vector name="navel" x="0" y="0" />
                </imgdir>
                <string name="z" value="backWing" />
            </canvas>
        </imgdir>
        <imgdir name="1">
            <canvas name="cape" width="55" height="53">
                <vector name="origin" x="17" y="41" />
                <imgdir name="map">
                    <vector name="navel" x="0" y="0" />
                </imgdir>
                <string name="z" value="backWing" />
            </canvas>
        </imgdir>
        <imgdir name="2">
            <canvas name="cape" width="53" height="57">
                <vector name="origin" x="10" y="46" />
                <imgdir name="map">
                    <vector name="navel" x="0" y="0" />
                </imgdir>
                <string name="z" value="backWing" />
            </canvas>
        </imgdir>
    </imgdir>
    <imgdir name="stabT1">
        <imgdir name="0">
            <canvas name="cape" width="50" height="53">
                <vector name="origin" x="14" y="40" />
                <imgdir name="map">
                    <vector name="navel" x="0" y="0" />
                </imgdir>
                <string name="z" value="backWing" />
            </canvas>
        </imgdir>
        <imgdir name="1">
            <canvas name="cape" width="52" height="58">
                <vector name="origin" x="9" y="44" />
                <imgdir name="map">
                    <vector name="navel" x="0" y="0" />
                </imgdir>
                <string name="z" value="backWing" />
            </canvas>
        </imgdir>
        <imgdir name="2">
            <canvas name="cape" width="54" height="57">
                <vector name="origin" x="7" y="47" />
                <imgdir name="map">
                    <vector name="navel" x="0" y="0" />
                </imgdir>
                <string name="z" value="backWing" />
            </canvas>
        </imgdir>
    </imgdir>
    <imgdir name="stabT2">
        <imgdir name="0">
            <canvas name="cape" width="50" height="53">
                <vector name="origin" x="12" y="42" />
                <imgdir name="map">
                    <vector name="navel" x="0" y="0" />
                </imgdir>
                <string name="z" value="backWing" />
            </canvas>
        </imgdir>
        <imgdir name="1">
            <canvas name="cape" width="52" height="58">
                <vector name="origin" x="17" y="46" />
                <imgdir name="map">
                    <vector name="navel" x="0" y="0" />
                </imgdir>
                <string name="z" value="backWing" />
            </canvas>
        </imgdir>
        <imgdir name="2">
            <canvas name="cape" width="54" height="57">
                <vector name="origin" x="10" y="47" />
                <imgdir name="map">
                    <vector name="navel" x="0" y="0" />
                </imgdir>
                <string name="z" value="backWing" />
            </canvas>
        </imgdir>
    </imgdir>
    <imgdir name="stabTF">
        <imgdir name="0">
            <uol name="cape" value="../../swingPF/0/cape" />
        </imgdir>
        <imgdir name="1">
            <uol name="cape" value="../../swingPF/1/cape" />
        </imgdir>
        <imgdir name="2">
            <canvas name="cape" width="46" height="52">
                <vector name="origin" x="12" y="39" />
                <imgdir name="map">
                    <vector name="navel" x="0" y="0" />
                </imgdir>
                <string name="z" value="backWing" />
            </canvas>
        </imgdir>
        <imgdir name="3">
            <canvas name="cape" width="54" height="57">
                <vector name="origin" x="7" y="47" />
                <imgdir name="map">
                    <vector name="navel" x="0" y="0" />
                </imgdir>
                <string name="z" value="backWing" />
            </canvas>
        </imgdir>
    </imgdir>
    <imgdir name="shoot1">
        <imgdir name="0">
            <canvas name="cape" width="43" height="56">
                <vector name="origin" x="10" y="40" />
                <imgdir name="map">
                    <vector name="navel" x="0" y="0" />
                </imgdir>
                <string name="z" value="backWing" />
            </canvas>
        </imgdir>
        <imgdir name="1">
            <canvas name="cape" width="43" height="56">
                <vector name="origin" x="10" y="40" />
                <imgdir name="map">
                    <vector name="navel" x="0" y="0" />
                </imgdir>
                <string name="z" value="backWing" />
            </canvas>
        </imgdir>
        <imgdir name="2">
            <uol name="cape" value="../1/cape" />
        </imgdir>
    </imgdir>
    <imgdir name="shoot2">
        <imgdir name="0">
            <canvas name="cape" width="43" height="56">
                <vector name="origin" x="7" y="42" />
                <imgdir name="map">
                    <vector name="navel" x="0" y="0" />
                </imgdir>
                <string name="z" value="backWing" />
            </canvas>
        </imgdir>
        <imgdir name="1">
            <canvas name="cape" width="43" height="56">
                <vector name="origin" x="7" y="42" />
                <imgdir name="map">
                    <vector name="navel" x="0" y="0" />
                </imgdir>
                <string name="z" value="backWing" />
            </canvas>
        </imgdir>
        <imgdir name="2">
            <canvas name="cape" width="43" height="56">
                <vector name="origin" x="7" y="42" />
                <imgdir name="map">
                    <vector name="navel" x="0" y="0" />
                </imgdir>
                <string name="z" value="backWing" />
            </canvas>
        </imgdir>
        <imgdir name="3">
            <canvas name="cape" width="43" height="56">
                <vector name="origin" x="7" y="42" />
                <imgdir name="map">
                    <vector name="navel" x="0" y="0" />
                </imgdir>
                <string name="z" value="backWing" />
            </canvas>
        </imgdir>
        <imgdir name="4">
            <canvas name="cape" width="43" height="56">
                <vector name="origin" x="7" y="42" />
                <imgdir name="map">
                    <vector name="navel" x="0" y="0" />
                </imgdir>
                <string name="z" value="backWing" />
            </canvas>
        </imgdir>
    </imgdir>
    <imgdir name="shootF">
        <imgdir name="0">
            <canvas name="cape" width="48" height="52">
                <vector name="origin" x="37" y="36" />
                <imgdir name="map">
                    <vector name="navel" x="0" y="0" />
                </imgdir>
                <string name="z" value="backWing" />
            </canvas>
        </imgdir>
        <imgdir name="1">
            <canvas name="cape" width="48" height="52">
                <vector name="origin" x="36" y="37" />
                <imgdir name="map">
                    <vector name="navel" x="0" y="0" />
                </imgdir>
                <string name="z" value="backWing" />
            </canvas>
        </imgdir>
        <imgdir name="2">
            <uol name="cape" value="../1/cape" />
        </imgdir>
    </imgdir>
    <imgdir name="proneStab">
        <imgdir name="0">
            <canvas name="cape" width="38" height="42">
                <vector name="origin" x="20" y="47" />
                <imgdir name="map">
                    <vector name="navel" x="0" y="0" />
                </imgdir>
                <string name="z" value="cape" />
            </canvas>
        </imgdir>
        <imgdir name="1">
            <canvas name="cape" width="38" height="42">
                <vector name="origin" x="20" y="47" />
                <imgdir name="map">
                    <vector name="navel" x="0" y="0" />
                </imgdir>
                <string name="z" value="cape" />
            </canvas>
        </imgdir>
    </imgdir>
    <imgdir name="prone">
        <imgdir name="0">
            <uol name="cape" value="../../proneStab/0/cape" />
        </imgdir>
    </imgdir>
    <imgdir name="heal">
        <imgdir name="0">
            <uol name="cape" value="../../alert/1/cape" />
        </imgdir>
        <imgdir name="1">
            <uol name="cape" value="../../swingO2/1/cape" />
        </imgdir>
        <imgdir name="2">
            <uol name="cape" value="../../swingO2/0/cape" />
        </imgdir>
    </imgdir>
    <imgdir name="fly">
        <imgdir name="0">
            <canvas name="cape" width="55" height="53">
                <vector name="origin" x="10" y="42" />
                <imgdir name="map">
                    <vector name="navel" x="0" y="0" />
                </imgdir>
                <string name="z" value="backWing" />
            </canvas>
        </imgdir>
        <imgdir name="1">
            <canvas name="cape" width="50" height="53">
                <vector name="origin" x="10" y="42" />
                <imgdir name="map">
                    <vector name="navel" x="0" y="0" />
                </imgdir>
                <string name="z" value="backWing" />
            </canvas>
        </imgdir>
    </imgdir>
    <imgdir name="jump">
        <imgdir name="0">
            <canvas name="cape" width="96" height="83">
                <vector name="origin" x="34" y="70" />
                <imgdir name="map">
                    <vector name="navel" x="0" y="0" />
                </imgdir>
                <string name="z" value="backWing" />
            </canvas>
        </imgdir>
    </imgdir>
    <imgdir name="sit">
        <imgdir name="0">
            <canvas name="cape" width="46" height="52">
                <vector name="origin" x="4" y="39" />
                <imgdir name="map">
                    <vector name="navel" x="0" y="0" />
                </imgdir>
                <string name="z" value="backWing" />
            </canvas>
        </imgdir>
    </imgdir>
    <imgdir name="ladder">
        <imgdir name="0">
            <canvas name="cape" width="36" height="58">
                <vector name="origin" x="21" y="41" />
                <imgdir name="map">
                    <vector name="navel" x="0" y="0" />
                </imgdir>
                <string name="z" value="weaponOverGlove" />
            </canvas>
        </imgdir>
        <imgdir name="1">
            <canvas name="cape" width="36" height="57">
                <vector name="origin" x="20" y="41" />
                <imgdir name="map">
                    <vector name="navel" x="0" y="0" />
                </imgdir>
                <string name="z" value="weaponOverGlove" />
            </canvas>
        </imgdir>
    </imgdir>
    <imgdir name="rope">
        <imgdir name="0">
            <canvas name="cape" width="36" height="58">
                <vector name="origin" x="20" y="38" />
                <imgdir name="map">
                    <vector name="navel" x="0" y="0" />
                </imgdir>
                <string name="z" value="weaponOverGlove" />
            </canvas>
        </imgdir>
        <imgdir name="1">
            <canvas name="cape" width="36" height="57">
                <vector name="origin" x="19" y="42" />
                <imgdir name="map">
                    <vector name="navel" x="0" y="0" />
                </imgdir>
                <string name="z" value="weaponOverGlove" />
            </canvas>
        </imgdir>
    </imgdir>
</imgdir>