<?xml version="1.0" encoding="utf-8" standalone="yes"?>
<imgdir name="01102253.img">
    <imgdir name="info">
        <canvas name="icon" width="34" height="30">
            <vector name="origin" x="0" y="32" />
        </canvas>
        <canvas name="iconRaw" width="34" height="27">
            <vector name="origin" x="0" y="32" />
        </canvas>
        <string name="islot" value="Sr" />
        <string name="vslot" value="Sr" />
        <int name="reqJob" value="0" />
        <int name="reqLevel" value="0" />
        <int name="reqSTR" value="0" />
        <int name="reqDEX" value="0" />
        <int name="reqINT" value="0" />
        <int name="reqLUK" value="0" />
        <int name="cash" value="1" />
    </imgdir>
    <imgdir name="walk1">
        <imgdir name="0">
            <canvas name="cape" width="69" height="22">
                <vector name="origin" x="28" y="25" />
                <imgdir name="map">
                    <vector name="navel" x="0" y="0" />
                </imgdir>
                <string name="z" value="capeBelowBody" />
            </canvas>
        </imgdir>
        <imgdir name="1">
            <canvas name="cape" width="69" height="22">
                <vector name="origin" x="28" y="24" />
                <imgdir name="map">
                    <vector name="navel" x="0" y="0" />
                </imgdir>
                <string name="z" value="capeBelowBody" />
            </canvas>
        </imgdir>
        <imgdir name="2">
            <canvas name="cape" width="69" height="22">
                <vector name="origin" x="28" y="25" />
                <imgdir name="map">
                    <vector name="navel" x="0" y="0" />
                </imgdir>
                <string name="z" value="capeBelowBody" />
            </canvas>
        </imgdir>
        <imgdir name="3">
            <canvas name="cape" width="69" height="22">
                <vector name="origin" x="28" y="26" />
                <imgdir name="map">
                    <vector name="navel" x="0" y="0" />
                </imgdir>
                <string name="z" value="capeBelowBody" />
            </canvas>
        </imgdir>
    </imgdir>
    <imgdir name="walk2">
        <imgdir name="0">
            <uol name="cape" value="../../walk1/0/cape" />
        </imgdir>
        <imgdir name="1">
            <uol name="cape" value="../../walk1/1/cape" />
        </imgdir>
        <imgdir name="2">
            <uol name="cape" value="../../walk1/2/cape" />
        </imgdir>
        <imgdir name="3">
            <uol name="cape" value="../../walk1/3/cape" />
        </imgdir>
    </imgdir>
    <imgdir name="stand1">
        <imgdir name="0">
            <canvas name="cape" width="69" height="22">
                <vector name="origin" x="24" y="23" />
                <imgdir name="map">
                    <vector name="navel" x="0" y="0" />
                </imgdir>
                <string name="z" value="capeBelowBody" />
            </canvas>
        </imgdir>
        <imgdir name="1">
            <canvas name="cape" width="69" height="22">
                <vector name="origin" x="26" y="24" />
                <imgdir name="map">
                    <vector name="navel" x="0" y="0" />
                </imgdir>
                <string name="z" value="capeBelowBody" />
            </canvas>
        </imgdir>
        <imgdir name="2">
            <canvas name="cape" width="69" height="22">
                <vector name="origin" x="28" y="23" />
                <imgdir name="map">
                    <vector name="navel" x="0" y="0" />
                </imgdir>
                <string name="z" value="capeBelowBody" />
            </canvas>
        </imgdir>
    </imgdir>
    <imgdir name="stand2">
        <imgdir name="0">
            <uol name="cape" value="../../stand1/0/cape" />
        </imgdir>
        <imgdir name="1">
            <uol name="cape" value="../../stand1/1/cape" />
        </imgdir>
        <imgdir name="2">
            <uol name="cape" value="../../stand1/2/cape" />
        </imgdir>
    </imgdir>
    <imgdir name="alert">
        <imgdir name="0">
            <canvas name="cape" width="71" height="22">
                <vector name="origin" x="30" y="25" />
                <imgdir name="map">
                    <vector name="navel" x="0" y="0" />
                </imgdir>
                <string name="z" value="capeBelowBody" />
            </canvas>
        </imgdir>
        <imgdir name="1">
            <canvas name="cape" width="71" height="22">
                <vector name="origin" x="30" y="25" />
                <imgdir name="map">
                    <vector name="navel" x="0" y="0" />
                </imgdir>
                <string name="z" value="capeBelowBody" />
            </canvas>
        </imgdir>
        <imgdir name="2">
            <canvas name="cape" width="71" height="22">
                <vector name="origin" x="30" y="25" />
                <imgdir name="map">
                    <vector name="navel" x="0" y="0" />
                </imgdir>
                <string name="z" value="capeBelowBody" />
            </canvas>
        </imgdir>
    </imgdir>
    <imgdir name="swingO1">
        <imgdir name="0">
            <canvas name="cape" width="71" height="22">
                <vector name="origin" x="33" y="23" />
                <imgdir name="map">
                    <vector name="navel" x="0" y="0" />
                </imgdir>
                <string name="z" value="capeOverHead" />
            </canvas>
        </imgdir>
        <imgdir name="1">
            <canvas name="cape" width="34" height="22">
                <vector name="origin" x="-2" y="24" />
                <imgdir name="map">
                    <vector name="navel" x="0" y="0" />
                </imgdir>
                <string name="z" value="capeOverHead" />
            </canvas>
            <canvas name="cape1" width="35" height="22">
                <vector name="origin" x="-12" y="24" />
                <imgdir name="map">
                    <vector name="navel" x="0" y="0" />
                </imgdir>
                <string name="z" value="capeBelowBody" />
            </canvas>
        </imgdir>
        <imgdir name="2">
            <canvas name="cape" width="70" height="22">
                <vector name="origin" x="31" y="24" />
                <imgdir name="map">
                    <vector name="navel" x="0" y="0" />
                </imgdir>
                <string name="z" value="capeBelowBody" />
            </canvas>
        </imgdir>
    </imgdir>
    <imgdir name="swingO2">
        <imgdir name="0">
            <canvas name="cape" width="34" height="22">
                <vector name="origin" x="-6" y="23" />
                <imgdir name="map">
                    <vector name="navel" x="0" y="0" />
                </imgdir>
                <string name="z" value="capeBelowBody" />
            </canvas>
            <canvas name="cape1" width="35" height="22">
                <vector name="origin" x="-2" y="24" />
                <imgdir name="map">
                    <vector name="navel" x="0" y="0" />
                </imgdir>
                <string name="z" value="capeBelowBody" />
            </canvas>
        </imgdir>
        <imgdir name="1">
            <canvas name="cape" width="32" height="22">
                <vector name="origin" x="-3" y="27" />
                <imgdir name="map">
                    <vector name="navel" x="0" y="0" />
                </imgdir>
                <string name="z" value="capeBelowBody" />
            </canvas>
            <canvas name="cape1" width="35" height="22">
                <vector name="origin" x="30" y="24" />
                <imgdir name="map">
                    <vector name="navel" x="0" y="0" />
                </imgdir>
                <string name="z" value="capeBelowBody" />
            </canvas>
        </imgdir>
        <imgdir name="2">
            <canvas name="cape" width="71" height="22">
                <vector name="origin" x="32" y="27" />
                <imgdir name="map">
                    <vector name="navel" x="0" y="0" />
                </imgdir>
                <string name="z" value="capeBelowBody" />
            </canvas>
        </imgdir>
    </imgdir>
    <imgdir name="swingO3">
        <imgdir name="0">
            <canvas name="cape" width="74" height="22">
                <vector name="origin" x="33" y="25" />
                <imgdir name="map">
                    <vector name="navel" x="0" y="0" />
                </imgdir>
                <string name="z" value="capeBelowBody" />
            </canvas>
        </imgdir>
        <imgdir name="1">
            <canvas name="cape" width="34" height="22">
                <vector name="origin" x="-2" y="27" />
                <imgdir name="map">
                    <vector name="navel" x="0" y="0" />
                </imgdir>
                <string name="z" value="capeOverHead" />
            </canvas>
            <canvas name="cape1" width="35" height="22">
                <vector name="origin" x="-7" y="25" />
                <imgdir name="map">
                    <vector name="navel" x="0" y="0" />
                </imgdir>
                <string name="z" value="capeBelowBody" />
            </canvas>
        </imgdir>
        <imgdir name="2">
            <canvas name="cape" width="71" height="22">
                <vector name="origin" x="29" y="24" />
                <imgdir name="map">
                    <vector name="navel" x="0" y="0" />
                </imgdir>
                <string name="z" value="capeOverHead" />
            </canvas>
        </imgdir>
    </imgdir>
    <imgdir name="swingOF">
        <imgdir name="0">
            <canvas name="cape" width="72" height="24">
                <vector name="origin" x="35" y="24" />
                <imgdir name="map">
                    <vector name="navel" x="0" y="0" />
                </imgdir>
                <string name="z" value="capeBelowBody" />
            </canvas>
        </imgdir>
        <imgdir name="1">
            <canvas name="cape" width="72" height="22">
                <vector name="origin" x="36" y="23" />
                <imgdir name="map">
                    <vector name="navel" x="0" y="0" />
                </imgdir>
                <string name="z" value="capeOverHead" />
            </canvas>
        </imgdir>
        <imgdir name="2">
            <canvas name="cape" width="34" height="22">
                <vector name="origin" x="-3" y="27" />
                <imgdir name="map">
                    <vector name="navel" x="0" y="0" />
                </imgdir>
                <string name="z" value="capeOverHead" />
            </canvas>
            <canvas name="cape1" width="35" height="22">
                <vector name="origin" x="-9" y="27" />
                <imgdir name="map">
                    <vector name="navel" x="0" y="0" />
                </imgdir>
                <string name="z" value="capeBelowBody" />
            </canvas>
        </imgdir>
        <imgdir name="3">
            <canvas name="cape" width="71" height="22">
                <vector name="origin" x="38" y="25" />
                <imgdir name="map">
                    <vector name="navel" x="0" y="0" />
                </imgdir>
                <string name="z" value="capeBelowBody" />
            </canvas>
        </imgdir>
    </imgdir>
    <imgdir name="swingT1">
        <imgdir name="0">
            <canvas name="cape" width="71" height="22">
                <vector name="origin" x="28" y="23" />
                <imgdir name="map">
                    <vector name="navel" x="0" y="0" />
                </imgdir>
                <string name="z" value="capeBelowBody" />
            </canvas>
        </imgdir>
        <imgdir name="1">
            <canvas name="cape" width="70" height="23">
                <vector name="origin" x="34" y="26" />
                <imgdir name="map">
                    <vector name="navel" x="0" y="0" />
                </imgdir>
                <string name="z" value="capeBelowBody" />
            </canvas>
        </imgdir>
        <imgdir name="2">
            <canvas name="cape" width="71" height="22">
                <vector name="origin" x="34" y="23" />
                <imgdir name="map">
                    <vector name="navel" x="0" y="0" />
                </imgdir>
                <string name="z" value="capeBelowBody" />
            </canvas>
        </imgdir>
    </imgdir>
    <imgdir name="swingT2">
        <imgdir name="0">
            <canvas name="cape" width="71" height="22">
                <vector name="origin" x="29" y="24" />
                <imgdir name="map">
                    <vector name="navel" x="0" y="0" />
                </imgdir>
                <string name="z" value="capeOverHead" />
            </canvas>
        </imgdir>
        <imgdir name="1">
            <canvas name="cape" width="74" height="22">
                <vector name="origin" x="32" y="24" />
                <imgdir name="map">
                    <vector name="navel" x="0" y="0" />
                </imgdir>
                <string name="z" value="capeBelowBody" />
            </canvas>
        </imgdir>
        <imgdir name="2">
            <canvas name="cape" width="71" height="22">
                <vector name="origin" x="39" y="24" />
                <imgdir name="map">
                    <vector name="navel" x="0" y="0" />
                </imgdir>
                <string name="z" value="capeBelowBody" />
            </canvas>
        </imgdir>
    </imgdir>
    <imgdir name="swingT3">
        <imgdir name="0">
            <canvas name="cape" width="70" height="22">
                <vector name="origin" x="39" y="25" />
                <imgdir name="map">
                    <vector name="navel" x="0" y="0" />
                </imgdir>
                <string name="z" value="capeBelowBody" />
            </canvas>
        </imgdir>
        <imgdir name="1">
            <canvas name="cape" width="74" height="25">
                <vector name="origin" x="40" y="23" />
                <imgdir name="map">
                    <vector name="navel" x="0" y="0" />
                </imgdir>
                <string name="z" value="capeBelowBody" />
            </canvas>
        </imgdir>
        <imgdir name="2">
            <canvas name="cape" width="34" height="22">
                <vector name="origin" x="0" y="24" />
                <imgdir name="map">
                    <vector name="navel" x="0" y="0" />
                </imgdir>
                <string name="z" value="capeOverHead" />
            </canvas>
            <canvas name="cape1" width="35" height="22">
                <vector name="origin" x="-8" y="24" />
                <imgdir name="map">
                    <vector name="navel" x="0" y="0" />
                </imgdir>
                <string name="z" value="capeBelowBody" />
            </canvas>
        </imgdir>
    </imgdir>
    <imgdir name="swingTF">
        <imgdir name="0">
            <canvas name="cape" width="73" height="22">
                <vector name="origin" x="38" y="23" />
                <imgdir name="map">
                    <vector name="navel" x="0" y="0" />
                </imgdir>
                <string name="z" value="capeOverHead" />
            </canvas>
        </imgdir>
        <imgdir name="1">
            <canvas name="cape" width="72" height="22">
                <vector name="origin" x="38" y="24" />
                <imgdir name="map">
                    <vector name="navel" x="0" y="0" />
                </imgdir>
                <string name="z" value="capeBelowBody" />
            </canvas>
        </imgdir>
        <imgdir name="2">
            <canvas name="cape" width="70" height="25">
                <vector name="origin" x="33" y="27" />
                <imgdir name="map">
                    <vector name="navel" x="0" y="0" />
                </imgdir>
                <string name="z" value="capeBelowBody" />
            </canvas>
        </imgdir>
        <imgdir name="3">
            <canvas name="cape" width="34" height="22">
                <vector name="origin" x="0" y="26" />
                <imgdir name="map">
                    <vector name="navel" x="0" y="0" />
                </imgdir>
                <string name="z" value="capeOverHead" />
            </canvas>
            <canvas name="cape1" width="35" height="22">
                <vector name="origin" x="-7" y="26" />
                <imgdir name="map">
                    <vector name="navel" x="0" y="0" />
                </imgdir>
                <string name="z" value="capeBelowBody" />
            </canvas>
        </imgdir>
    </imgdir>
    <imgdir name="swingP1">
        <imgdir name="0">
            <canvas name="cape" width="71" height="22">
                <vector name="origin" x="29" y="24" />
                <imgdir name="map">
                    <vector name="navel" x="0" y="0" />
                </imgdir>
                <string name="z" value="capeBelowBody" />
            </canvas>
        </imgdir>
        <imgdir name="1">
            <canvas name="cape" width="70" height="23">
                <vector name="origin" x="34" y="27" />
                <imgdir name="map">
                    <vector name="navel" x="0" y="0" />
                </imgdir>
                <string name="z" value="capeBelowBody" />
            </canvas>
        </imgdir>
        <imgdir name="2">
            <canvas name="cape" width="72" height="24">
                <vector name="origin" x="34" y="26" />
                <imgdir name="map">
                    <vector name="navel" x="0" y="0" />
                </imgdir>
                <string name="z" value="capeBelowBody" />
            </canvas>
        </imgdir>
    </imgdir>
    <imgdir name="swingP2">
        <imgdir name="0">
            <canvas name="cape" width="34" height="22">
                <vector name="origin" x="26" y="24" />
                <imgdir name="map">
                    <vector name="navel" x="0" y="0" />
                </imgdir>
                <string name="z" value="capeOverHead" />
            </canvas>
            <canvas name="cape1" width="35" height="22">
                <vector name="origin" x="-2" y="24" />
                <imgdir name="map">
                    <vector name="navel" x="0" y="0" />
                </imgdir>
                <string name="z" value="capeBelowBody" />
            </canvas>
        </imgdir>
        <imgdir name="1">
            <canvas name="cape" width="69" height="22">
                <vector name="origin" x="30" y="25" />
                <imgdir name="map">
                    <vector name="navel" x="0" y="0" />
                </imgdir>
                <string name="z" value="capeBelowBody" />
            </canvas>
        </imgdir>
        <imgdir name="2">
            <canvas name="cape" width="71" height="22">
                <vector name="origin" x="41" y="24" />
                <imgdir name="map">
                    <vector name="navel" x="0" y="0" />
                </imgdir>
                <string name="z" value="capeBelowBody" />
            </canvas>
        </imgdir>
    </imgdir>
    <imgdir name="swingPF">
        <imgdir name="0">
            <canvas name="cape" width="70" height="22">
                <vector name="origin" x="28" y="25" />
                <imgdir name="map">
                    <vector name="navel" x="0" y="0" />
                </imgdir>
                <string name="z" value="capeBelowBody" />
            </canvas>
        </imgdir>
        <imgdir name="1">
            <canvas name="cape" width="70" height="22">
                <vector name="origin" x="29" y="25" />
                <imgdir name="map">
                    <vector name="navel" x="0" y="0" />
                </imgdir>
                <string name="z" value="capeBelowBody" />
            </canvas>
        </imgdir>
        <imgdir name="2">
            <canvas name="cape" width="70" height="22">
                <vector name="origin" x="33" y="24" />
                <imgdir name="map">
                    <vector name="navel" x="0" y="0" />
                </imgdir>
                <string name="z" value="capeBelowBody" />
            </canvas>
        </imgdir>
        <imgdir name="3">
            <canvas name="cape" width="34" height="22">
                <vector name="origin" x="1" y="24" />
                <imgdir name="map">
                    <vector name="navel" x="0" y="0" />
                </imgdir>
                <string name="z" value="capeOverHead" />
            </canvas>
        </imgdir>
    </imgdir>
    <imgdir name="stabO1">
        <imgdir name="0">
            <canvas name="cape" width="71" height="22">
                <vector name="origin" x="30" y="25" />
                <imgdir name="map">
                    <vector name="navel" x="0" y="0" />
                </imgdir>
                <string name="z" value="capeBelowBody" />
            </canvas>
        </imgdir>
        <imgdir name="1">
            <canvas name="cape" width="35" height="22">
                <vector name="origin" x="0" y="25" />
                <imgdir name="map">
                    <vector name="navel" x="0" y="0" />
                </imgdir>
                <string name="z" value="capeOverHead" />
            </canvas>
            <canvas name="cape1" width="35" height="22">
                <vector name="origin" x="-9" y="23" />
                <imgdir name="map">
                    <vector name="navel" x="0" y="0" />
                </imgdir>
                <string name="z" value="capeBelowBody" />
            </canvas>
        </imgdir>
    </imgdir>
    <imgdir name="stabO2">
        <imgdir name="0">
            <canvas name="cape" width="71" height="22">
                <vector name="origin" x="30" y="23" />
                <imgdir name="map">
                    <vector name="navel" x="0" y="0" />
                </imgdir>
                <string name="z" value="capeBelowBody" />
            </canvas>
        </imgdir>
        <imgdir name="1">
            <canvas name="cape" width="34" height="22">
                <vector name="origin" x="-2" y="25" />
                <imgdir name="map">
                    <vector name="navel" x="0" y="0" />
                </imgdir>
                <string name="z" value="capeOverHead" />
            </canvas>
            <canvas name="cape1" width="35" height="22">
                <vector name="origin" x="-11" y="22" />
                <imgdir name="map">
                    <vector name="navel" x="0" y="0" />
                </imgdir>
                <string name="z" value="capeBelowBody" />
            </canvas>
        </imgdir>
    </imgdir>
    <imgdir name="stabOF">
        <imgdir name="0">
            <canvas name="cape" width="74" height="22">
                <vector name="origin" x="45" y="25" />
                <imgdir name="map">
                    <vector name="navel" x="0" y="0" />
                </imgdir>
                <string name="z" value="capeBelowBody" />
            </canvas>
        </imgdir>
        <imgdir name="1">
            <canvas name="cape" width="73" height="23">
                <vector name="origin" x="40" y="24" />
                <imgdir name="map">
                    <vector name="navel" x="0" y="0" />
                </imgdir>
                <string name="z" value="capeBelowBody" />
            </canvas>
        </imgdir>
        <imgdir name="2">
            <canvas name="cape" width="34" height="22">
                <vector name="origin" x="1" y="26" />
                <imgdir name="map">
                    <vector name="navel" x="0" y="0" />
                </imgdir>
                <string name="z" value="capeBelowBody" />
            </canvas>
            <canvas name="cape1" width="35" height="22">
                <vector name="origin" x="-7" y="26" />
                <imgdir name="map">
                    <vector name="navel" x="0" y="0" />
                </imgdir>
                <string name="z" value="capeBelowBody" />
            </canvas>
        </imgdir>
    </imgdir>
    <imgdir name="stabT1">
        <imgdir name="0">
            <canvas name="cape" width="71" height="22">
                <vector name="origin" x="35" y="25" />
                <imgdir name="map">
                    <vector name="navel" x="0" y="0" />
                </imgdir>
                <string name="z" value="capeBelowBody" />
            </canvas>
        </imgdir>
        <imgdir name="1">
            <canvas name="cape" width="72" height="22">
                <vector name="origin" x="32" y="22" />
                <imgdir name="map">
                    <vector name="navel" x="0" y="0" />
                </imgdir>
                <string name="z" value="capeBelowBody" />
            </canvas>
        </imgdir>
        <imgdir name="2">
            <canvas name="cape" width="73" height="22">
                <vector name="origin" x="33" y="26" />
                <imgdir name="map">
                    <vector name="navel" x="0" y="0" />
                </imgdir>
                <string name="z" value="capeBelowBody" />
            </canvas>
        </imgdir>
    </imgdir>
    <imgdir name="stabT2">
        <imgdir name="0">
            <canvas name="cape" width="71" height="22">
                <vector name="origin" x="34" y="29" />
                <imgdir name="map">
                    <vector name="navel" x="0" y="0" />
                </imgdir>
                <string name="z" value="capeBelowBody" />
            </canvas>
        </imgdir>
        <imgdir name="1">
            <canvas name="cape" width="71" height="22">
                <vector name="origin" x="41" y="24" />
                <imgdir name="map">
                    <vector name="navel" x="0" y="0" />
                </imgdir>
                <string name="z" value="capeBelowBody" />
            </canvas>
        </imgdir>
        <imgdir name="2">
            <canvas name="cape" width="74" height="22">
                <vector name="origin" x="37" y="26" />
                <imgdir name="map">
                    <vector name="navel" x="0" y="0" />
                </imgdir>
                <string name="z" value="capeBelowBody" />
            </canvas>
        </imgdir>
    </imgdir>
    <imgdir name="stabTF">
        <imgdir name="0">
            <uol name="cape" value="../../swingPF/0/cape" />
        </imgdir>
        <imgdir name="1">
            <uol name="cape" value="../../swingPF/1/cape" />
        </imgdir>
        <imgdir name="2">
            <canvas name="cape" width="71" height="22">
                <vector name="origin" x="37" y="24" />
                <imgdir name="map">
                    <vector name="navel" x="0" y="0" />
                </imgdir>
                <string name="z" value="capeBelowBody" />
            </canvas>
        </imgdir>
        <imgdir name="3">
            <uol name="cape" value="../../stabT1/2/cape" />
        </imgdir>
    </imgdir>
    <imgdir name="shoot1">
        <imgdir name="0">
            <canvas name="cape" width="71" height="22">
                <vector name="origin" x="31" y="25" />
                <imgdir name="map">
                    <vector name="navel" x="0" y="0" />
                </imgdir>
                <string name="z" value="capeBelowBody" />
            </canvas>
        </imgdir>
        <imgdir name="1">
            <canvas name="cape" width="71" height="22">
                <vector name="origin" x="31" y="25" />
                <imgdir name="map">
                    <vector name="navel" x="0" y="0" />
                </imgdir>
                <string name="z" value="capeBelowBody" />
            </canvas>
        </imgdir>
        <imgdir name="2">
            <uol name="cape" value="../1/cape" />
        </imgdir>
    </imgdir>
    <imgdir name="shoot2">
        <imgdir name="0">
            <canvas name="cape" width="69" height="22">
                <vector name="origin" x="28" y="26" />
                <imgdir name="map">
                    <vector name="navel" x="0" y="0" />
                </imgdir>
                <string name="z" value="capeBelowBody" />
            </canvas>
        </imgdir>
        <imgdir name="1">
            <canvas name="cape" width="69" height="22">
                <vector name="origin" x="28" y="26" />
                <imgdir name="map">
                    <vector name="navel" x="0" y="0" />
                </imgdir>
                <string name="z" value="capeBelowBody" />
            </canvas>
        </imgdir>
        <imgdir name="2">
            <uol name="cape" value="../0/cape" />
        </imgdir>
        <imgdir name="3">
            <uol name="cape" value="../0/cape" />
        </imgdir>
        <imgdir name="4">
            <canvas name="cape" width="69" height="22">
                <vector name="origin" x="27" y="26" />
                <imgdir name="map">
                    <vector name="navel" x="0" y="0" />
                </imgdir>
                <string name="z" value="capeBelowBody" />
            </canvas>
        </imgdir>
    </imgdir>
    <imgdir name="shootF">
        <imgdir name="0">
            <canvas name="cape" width="72" height="22">
                <vector name="origin" x="36" y="24" />
                <imgdir name="map">
                    <vector name="navel" x="0" y="0" />
                </imgdir>
                <string name="z" value="capeBelowBody" />
            </canvas>
        </imgdir>
        <imgdir name="1">
            <canvas name="cape" width="72" height="22">
                <vector name="origin" x="34" y="24" />
                <imgdir name="map">
                    <vector name="navel" x="0" y="0" />
                </imgdir>
                <string name="z" value="capeBelowBody" />
            </canvas>
        </imgdir>
        <imgdir name="2">
            <uol name="cape" value="../1/cape" />
        </imgdir>
    </imgdir>
    <imgdir name="proneStab">
        <imgdir name="0">
            <canvas name="cape" width="35" height="22">
                <vector name="origin" x="4" y="26" />
                <imgdir name="map">
                    <vector name="navel" x="0" y="0" />
                </imgdir>
                <string name="z" value="cape" />
            </canvas>
            <canvas name="cape1" width="35" height="22">
                <vector name="origin" x="43" y="26" />
                <imgdir name="map">
                    <vector name="navel" x="0" y="0" />
                </imgdir>
                <string name="z" value="capeBelowBody" />
            </canvas>
        </imgdir>
        <imgdir name="1">
            <canvas name="cape" width="35" height="22">
                <vector name="origin" x="4" y="26" />
                <imgdir name="map">
                    <vector name="navel" x="0" y="0" />
                </imgdir>
                <string name="z" value="cape" />
            </canvas>
            <canvas name="cape1" width="35" height="22">
                <vector name="origin" x="43" y="26" />
                <imgdir name="map">
                    <vector name="navel" x="0" y="0" />
                </imgdir>
                <string name="z" value="capeBelowBody" />
            </canvas>
        </imgdir>
    </imgdir>
    <imgdir name="prone">
        <imgdir name="0">
            <uol name="cape" value="../../proneStab/0/cape" />
            <uol name="cape1" value="../../proneStab/0/cape1" />
        </imgdir>
    </imgdir>
    <imgdir name="heal">
        <imgdir name="0">
            <uol name="cape" value="../../alert/1/cape" />
        </imgdir>
        <imgdir name="1">
            <uol name="cape" value="../../swingO2/1/cape" />
            <uol name="cape1" value="../../swingO2/1/cape1" />
        </imgdir>
        <imgdir name="2">
            <uol name="cape" value="../../swingO2/0/cape" />
            <uol name="cape1" value="../../swingO2/0/cape1" />
        </imgdir>
    </imgdir>
    <imgdir name="fly">
        <imgdir name="0">
            <canvas name="cape" width="71" height="22">
                <vector name="origin" x="30" y="25" />
                <imgdir name="map">
                    <vector name="navel" x="0" y="0" />
                </imgdir>
                <string name="z" value="capeBelowBody" />
            </canvas>
        </imgdir>
        <imgdir name="1">
            <canvas name="cape" width="71" height="22">
                <vector name="origin" x="32" y="25" />
                <imgdir name="map">
                    <vector name="navel" x="0" y="0" />
                </imgdir>
                <string name="z" value="capeBelowBody" />
            </canvas>
        </imgdir>
    </imgdir>
    <imgdir name="jump">
        <imgdir name="0">
            <canvas name="cape" width="69" height="22">
                <vector name="origin" x="28" y="24" />
                <imgdir name="map">
                    <vector name="navel" x="0" y="0" />
                </imgdir>
                <string name="z" value="capeBelowBody" />
            </canvas>
        </imgdir>
    </imgdir>
    <imgdir name="sit">
        <imgdir name="0">
            <canvas name="cape" width="70" height="22">
                <vector name="origin" x="28" y="24" />
                <imgdir name="map">
                    <vector name="navel" x="0" y="0" />
                </imgdir>
                <string name="z" value="capeBelowBody" />
            </canvas>
        </imgdir>
    </imgdir>
    <imgdir name="ladder">
        <imgdir name="0">
            <canvas name="cape" width="74" height="22">
                <vector name="origin" x="38" y="21" />
                <imgdir name="map">
                    <vector name="navel" x="0" y="0" />
                </imgdir>
                <string name="z" value="backCape" />
            </canvas>
        </imgdir>
        <imgdir name="1">
            <canvas name="cape" width="74" height="22">
                <vector name="origin" x="36" y="21" />
                <imgdir name="map">
                    <vector name="navel" x="0" y="0" />
                </imgdir>
                <string name="z" value="backCape" />
            </canvas>
        </imgdir>
    </imgdir>
    <imgdir name="rope">
        <imgdir name="0">
            <canvas name="cape" width="74" height="22">
                <vector name="origin" x="37" y="21" />
                <imgdir name="map">
                    <vector name="navel" x="0" y="0" />
                </imgdir>
                <string name="z" value="backCape" />
            </canvas>
        </imgdir>
        <imgdir name="1">
            <canvas name="cape" width="74" height="22">
                <vector name="origin" x="36" y="22" />
                <imgdir name="map">
                    <vector name="navel" x="0" y="0" />
                </imgdir>
                <string name="z" value="backCape" />
            </canvas>
        </imgdir>
    </imgdir>
</imgdir>