<?xml version="1.0" encoding="utf-8" standalone="yes"?>
<imgdir name="01102007.img">
    <imgdir name="info">
        <canvas name="icon" width="30" height="31">
            <vector name="origin" x="-2" y="31" />
        </canvas>
        <canvas name="iconRaw" width="30" height="29">
            <vector name="origin" x="-2" y="31" />
        </canvas>
        <string name="islot" value="Sr" />
        <string name="vslot" value="Sr" />
        <int name="reqJob" value="0" />
        <int name="reqLevel" value="0" />
        <int name="reqSTR" value="0" />
        <int name="reqDEX" value="0" />
        <int name="reqINT" value="0" />
        <int name="reqLUK" value="0" />
        <int name="cash" value="1" />
    </imgdir>
    <imgdir name="walk1">
        <imgdir name="0">
            <canvas name="cape" width="30" height="26">
                <vector name="origin" x="11" y="9" />
                <imgdir name="map">
                    <vector name="navel" x="-6" y="1" />
                </imgdir>
                <string name="z" value="capeBelowBody" />
            </canvas>
        </imgdir>
        <imgdir name="1">
            <canvas name="cape" width="29" height="24">
                <vector name="origin" x="11" y="9" />
                <imgdir name="map">
                    <vector name="navel" x="-7" y="0" />
                </imgdir>
                <string name="z" value="capeBelowBody" />
            </canvas>
        </imgdir>
        <imgdir name="2">
            <canvas name="cape" width="26" height="26">
                <vector name="origin" x="11" y="9" />
                <imgdir name="map">
                    <vector name="navel" x="-7" y="1" />
                </imgdir>
                <string name="z" value="capeBelowBody" />
            </canvas>
        </imgdir>
        <imgdir name="3">
            <canvas name="cape" width="26" height="26">
                <vector name="origin" x="11" y="9" />
                <imgdir name="map">
                    <vector name="navel" x="-8" y="4" />
                </imgdir>
                <string name="z" value="capeBelowBody" />
            </canvas>
        </imgdir>
    </imgdir>
    <imgdir name="walk2">
        <imgdir name="0">
            <uol name="cape" value="../../walk1/0/cape" />
        </imgdir>
        <imgdir name="1">
            <uol name="cape" value="../../walk1/1/cape" />
        </imgdir>
        <imgdir name="2">
            <uol name="cape" value="../../walk1/2/cape" />
        </imgdir>
        <imgdir name="3">
            <uol name="cape" value="../../walk1/3/cape" />
        </imgdir>
    </imgdir>
    <imgdir name="stand1">
        <imgdir name="0">
            <canvas name="cape" width="23" height="27">
                <vector name="origin" x="11" y="9" />
                <imgdir name="map">
                    <vector name="navel" x="-5" y="1" />
                </imgdir>
                <string name="z" value="capeBelowBody" />
            </canvas>
        </imgdir>
        <imgdir name="1">
            <canvas name="cape" width="22" height="28">
                <vector name="origin" x="11" y="9" />
                <imgdir name="map">
                    <vector name="navel" x="-4" y="3" />
                </imgdir>
                <string name="z" value="capeBelowBody" />
            </canvas>
        </imgdir>
        <imgdir name="2">
            <canvas name="cape" width="22" height="28">
                <vector name="origin" x="11" y="9" />
                <imgdir name="map">
                    <vector name="navel" x="-4" y="2" />
                </imgdir>
                <string name="z" value="capeBelowBody" />
            </canvas>
        </imgdir>
    </imgdir>
    <imgdir name="stand2">
        <imgdir name="0">
            <uol name="cape" value="../../stand1/0/cape" />
        </imgdir>
        <imgdir name="1">
            <uol name="cape" value="../../stand1/1/cape" />
        </imgdir>
        <imgdir name="2">
            <uol name="cape" value="../../stand1/2/cape" />
        </imgdir>
    </imgdir>
    <imgdir name="alert">
        <imgdir name="0">
            <canvas name="cape" width="26" height="28">
                <vector name="origin" x="11" y="9" />
                <imgdir name="map">
                    <vector name="navel" x="-1" y="2" />
                </imgdir>
                <string name="z" value="capeBelowBody" />
            </canvas>
        </imgdir>
        <imgdir name="1">
            <canvas name="cape" width="24" height="27">
                <vector name="origin" x="11" y="9" />
                <imgdir name="map">
                    <vector name="navel" x="-1" y="2" />
                </imgdir>
                <string name="z" value="capeBelowBody" />
            </canvas>
        </imgdir>
        <imgdir name="2">
            <canvas name="cape" width="23" height="27">
                <vector name="origin" x="11" y="9" />
                <imgdir name="map">
                    <vector name="navel" x="-1" y="2" />
                </imgdir>
                <string name="z" value="capeBelowBody" />
            </canvas>
        </imgdir>
    </imgdir>
    <imgdir name="swingO1">
        <imgdir name="0">
            <canvas name="cape" width="34" height="26">
                <vector name="origin" x="11" y="9" />
                <imgdir name="map">
                    <vector name="navel" x="-4" y="3" />
                </imgdir>
                <string name="z" value="capeOverHead" />
            </canvas>
        </imgdir>
        <imgdir name="1">
            <canvas name="cape" width="28" height="26">
                <vector name="origin" x="11" y="9" />
                <imgdir name="map">
                    <vector name="navel" x="-9" y="3" />
                </imgdir>
                <string name="z" value="capeOverHead" />
            </canvas>
        </imgdir>
        <imgdir name="2">
            <canvas name="cape" width="41" height="25">
                <vector name="origin" x="11" y="9" />
                <imgdir name="map">
                    <vector name="navel" x="-6" y="3" />
                </imgdir>
                <string name="z" value="capeBelowBody" />
            </canvas>
        </imgdir>
    </imgdir>
    <imgdir name="swingO2">
        <imgdir name="0">
            <canvas name="cape" width="24" height="27">
                <vector name="origin" x="11" y="9" />
                <imgdir name="map">
                    <vector name="navel" x="-9" y="2" />
                </imgdir>
                <string name="z" value="capeBelowBody" />
            </canvas>
        </imgdir>
        <imgdir name="1">
            <canvas name="cape" width="27" height="26">
                <vector name="origin" x="11" y="9" />
                <imgdir name="map">
                    <vector name="navel" x="-7" y="3" />
                </imgdir>
                <string name="z" value="capeBelowBody" />
            </canvas>
        </imgdir>
        <imgdir name="2">
            <canvas name="cape" width="34" height="21">
                <vector name="origin" x="11" y="9" />
                <imgdir name="map">
                    <vector name="navel" x="-1" y="0" />
                </imgdir>
                <string name="z" value="capeBelowBody" />
            </canvas>
        </imgdir>
    </imgdir>
    <imgdir name="swingO3">
        <imgdir name="0">
            <canvas name="cape" width="31" height="22">
                <vector name="origin" x="11" y="9" />
                <imgdir name="map">
                    <vector name="navel" x="-5" y="1" />
                </imgdir>
                <string name="z" value="capeBelowBody" />
            </canvas>
        </imgdir>
        <imgdir name="1">
            <canvas name="cape" width="32" height="27">
                <vector name="origin" x="11" y="9" />
                <imgdir name="map">
                    <vector name="navel" x="-7" y="4" />
                </imgdir>
                <string name="z" value="capeOverHead" />
            </canvas>
        </imgdir>
        <imgdir name="2">
            <canvas name="cape" width="33" height="25">
                <vector name="origin" x="11" y="9" />
                <imgdir name="map">
                    <vector name="navel" x="-8" y="2" />
                </imgdir>
                <string name="z" value="capeOverHead" />
            </canvas>
        </imgdir>
    </imgdir>
    <imgdir name="swingOF">
        <imgdir name="0">
            <canvas name="cape" width="42" height="27">
                <vector name="origin" x="11" y="9" />
                <imgdir name="map">
                    <vector name="navel" x="13" y="4" />
                </imgdir>
                <string name="z" value="capeBelowBody" />
            </canvas>
        </imgdir>
        <imgdir name="1">
            <canvas name="cape" width="45" height="24">
                <vector name="origin" x="11" y="9" />
                <imgdir name="map">
                    <vector name="navel" x="18" y="1" />
                </imgdir>
                <string name="z" value="backCape" />
            </canvas>
        </imgdir>
        <imgdir name="2">
            <canvas name="cape" width="34" height="26">
                <vector name="origin" x="11" y="9" />
                <imgdir name="map">
                    <vector name="navel" x="-6" y="3" />
                </imgdir>
                <string name="z" value="capeOverHead" />
            </canvas>
        </imgdir>
        <imgdir name="3">
            <canvas name="cape" width="39" height="25">
                <vector name="origin" x="11" y="9" />
                <imgdir name="map">
                    <vector name="navel" x="-2" y="4" />
                </imgdir>
                <string name="z" value="capeBelowBody" />
            </canvas>
        </imgdir>
    </imgdir>
    <imgdir name="swingT1">
        <imgdir name="0">
            <canvas name="cape" width="29" height="30">
                <vector name="origin" x="11" y="9" />
                <imgdir name="map">
                    <vector name="navel" x="-3" y="1" />
                </imgdir>
                <string name="z" value="capeBelowBody" />
            </canvas>
        </imgdir>
        <imgdir name="1">
            <canvas name="cape" width="28" height="26">
                <vector name="origin" x="11" y="9" />
                <imgdir name="map">
                    <vector name="navel" x="-8" y="3" />
                </imgdir>
                <string name="z" value="capeBelowBody" />
            </canvas>
        </imgdir>
        <imgdir name="2">
            <canvas name="cape" width="41" height="25">
                <vector name="origin" x="11" y="9" />
                <imgdir name="map">
                    <vector name="navel" x="-4" y="3" />
                </imgdir>
                <string name="z" value="capeBelowBody" />
            </canvas>
        </imgdir>
    </imgdir>
    <imgdir name="swingT2">
        <imgdir name="0">
            <canvas name="cape" width="25" height="26">
                <vector name="origin" x="11" y="9" />
                <imgdir name="map">
                    <vector name="navel" x="-12" y="2" />
                </imgdir>
                <string name="z" value="capeOverHead" />
            </canvas>
        </imgdir>
        <imgdir name="1">
            <canvas name="cape" width="28" height="25">
                <vector name="origin" x="11" y="9" />
                <imgdir name="map">
                    <vector name="navel" x="-9" y="3" />
                </imgdir>
                <string name="z" value="capeBelowBody" />
            </canvas>
        </imgdir>
        <imgdir name="2">
            <canvas name="cape" width="41" height="25">
                <vector name="origin" x="11" y="9" />
                <imgdir name="map">
                    <vector name="navel" x="-3" y="3" />
                </imgdir>
                <string name="z" value="capeBelowBody" />
            </canvas>
        </imgdir>
    </imgdir>
    <imgdir name="swingT3">
        <imgdir name="0">
            <canvas name="cape" width="37" height="26">
                <vector name="origin" x="11" y="9" />
                <imgdir name="map">
                    <vector name="navel" x="-2" y="2" />
                </imgdir>
                <string name="z" value="capeBelowBody" />
            </canvas>
        </imgdir>
        <imgdir name="1">
            <canvas name="cape" width="37" height="21">
                <vector name="origin" x="11" y="9" />
                <imgdir name="map">
                    <vector name="navel" x="-5" y="-1" />
                </imgdir>
                <string name="z" value="capeBelowBody" />
            </canvas>
        </imgdir>
        <imgdir name="2">
            <canvas name="cape" width="39" height="21">
                <vector name="origin" x="11" y="9" />
                <imgdir name="map">
                    <vector name="navel" x="-4" y="2" />
                </imgdir>
                <string name="z" value="capeOverHead" />
            </canvas>
        </imgdir>
    </imgdir>
    <imgdir name="swingTF">
        <imgdir name="0">
            <canvas name="cape" width="27" height="24">
                <vector name="origin" x="11" y="9" />
                <imgdir name="map">
                    <vector name="navel" x="4" y="1" />
                </imgdir>
                <string name="z" value="backCape" />
            </canvas>
        </imgdir>
        <imgdir name="1">
            <canvas name="cape" width="37" height="29">
                <vector name="origin" x="11" y="9" />
                <imgdir name="map">
                    <vector name="navel" x="4" y="4" />
                </imgdir>
                <string name="z" value="capeBelowBody" />
            </canvas>
        </imgdir>
        <imgdir name="2">
            <canvas name="cape" width="36" height="29">
                <vector name="origin" x="11" y="9" />
                <imgdir name="map">
                    <vector name="navel" x="-5" y="5" />
                </imgdir>
                <string name="z" value="capeBelowBody" />
            </canvas>
        </imgdir>
        <imgdir name="3">
            <canvas name="cape" width="41" height="25">
                <vector name="origin" x="11" y="9" />
                <imgdir name="map">
                    <vector name="navel" x="-2" y="4" />
                </imgdir>
                <string name="z" value="capeBelowBody" />
            </canvas>
        </imgdir>
    </imgdir>
    <imgdir name="swingP1">
        <imgdir name="0">
            <canvas name="cape" width="29" height="30">
                <vector name="origin" x="11" y="9" />
                <imgdir name="map">
                    <vector name="navel" x="-2" y="2" />
                </imgdir>
                <string name="z" value="capeBelowBody" />
            </canvas>
        </imgdir>
        <imgdir name="1">
            <canvas name="cape" width="28" height="26">
                <vector name="origin" x="11" y="9" />
                <imgdir name="map">
                    <vector name="navel" x="-8" y="4" />
                </imgdir>
                <string name="z" value="capeBelowBody" />
            </canvas>
        </imgdir>
        <imgdir name="2">
            <canvas name="cape" width="41" height="25">
                <vector name="origin" x="11" y="9" />
                <imgdir name="map">
                    <vector name="navel" x="-4" y="4" />
                </imgdir>
                <string name="z" value="capeBelowBody" />
            </canvas>
        </imgdir>
    </imgdir>
    <imgdir name="swingP2">
        <imgdir name="0">
            <canvas name="cape" width="32" height="26">
                <vector name="origin" x="11" y="9" />
                <imgdir name="map">
                    <vector name="navel" x="-8" y="2" />
                </imgdir>
                <string name="z" value="capeOverHead" />
            </canvas>
        </imgdir>
        <imgdir name="1">
            <canvas name="cape" width="28" height="26">
                <vector name="origin" x="11" y="9" />
                <imgdir name="map">
                    <vector name="navel" x="-8" y="3" />
                </imgdir>
                <string name="z" value="capeBelowBody" />
            </canvas>
        </imgdir>
        <imgdir name="2">
            <canvas name="cape" width="41" height="25">
                <vector name="origin" x="11" y="9" />
                <imgdir name="map">
                    <vector name="navel" x="-3" y="3" />
                </imgdir>
                <string name="z" value="capeBelowBody" />
            </canvas>
        </imgdir>
    </imgdir>
    <imgdir name="swingPF">
        <imgdir name="0">
            <canvas name="cape" width="45" height="27">
                <vector name="origin" x="11" y="9" />
                <imgdir name="map">
                    <vector name="navel" x="-2" y="5" />
                </imgdir>
                <string name="z" value="capeBelowBody" />
            </canvas>
        </imgdir>
        <imgdir name="1">
            <canvas name="cape" width="47" height="26">
                <vector name="origin" x="11" y="9" />
                <imgdir name="map">
                    <vector name="navel" x="-4" y="5" />
                </imgdir>
                <string name="z" value="capeBelowBody" />
            </canvas>
        </imgdir>
        <imgdir name="2">
            <canvas name="cape" width="32" height="33">
                <vector name="origin" x="11" y="9" />
                <imgdir name="map">
                    <vector name="navel" x="-2" y="5" />
                </imgdir>
                <string name="z" value="capeBelowBody" />
            </canvas>
        </imgdir>
        <imgdir name="3">
            <canvas name="cape" width="42" height="28">
                <vector name="origin" x="11" y="9" />
                <imgdir name="map">
                    <vector name="navel" x="-3" y="3" />
                </imgdir>
                <string name="z" value="capeOverHead" />
            </canvas>
        </imgdir>
    </imgdir>
    <imgdir name="stabO1">
        <imgdir name="0">
            <canvas name="cape" width="35" height="27">
                <vector name="origin" x="11" y="9" />
                <imgdir name="map">
                    <vector name="navel" x="11" y="6" />
                </imgdir>
                <string name="z" value="capeBelowBody" />
            </canvas>
        </imgdir>
        <imgdir name="1">
            <canvas name="cape" width="38" height="20">
                <vector name="origin" x="11" y="9" />
                <imgdir name="map">
                    <vector name="navel" x="-5" y="5" />
                </imgdir>
                <string name="z" value="capeOverHead" />
            </canvas>
        </imgdir>
    </imgdir>
    <imgdir name="stabO2">
        <imgdir name="0">
            <canvas name="cape" width="27" height="27">
                <vector name="origin" x="11" y="9" />
                <imgdir name="map">
                    <vector name="navel" x="-2" y="2" />
                </imgdir>
                <string name="z" value="capeBelowBody" />
            </canvas>
        </imgdir>
        <imgdir name="1">
            <canvas name="cape" width="38" height="19">
                <vector name="origin" x="11" y="9" />
                <imgdir name="map">
                    <vector name="navel" x="-7" y="3" />
                </imgdir>
                <string name="z" value="capeOverHead" />
            </canvas>
        </imgdir>
    </imgdir>
    <imgdir name="stabOF">
        <imgdir name="0">
            <canvas name="cape" width="44" height="27">
                <vector name="origin" x="11" y="9" />
                <imgdir name="map">
                    <vector name="navel" x="2" y="5" />
                </imgdir>
                <string name="z" value="capeBelowBody" />
            </canvas>
        </imgdir>
        <imgdir name="1">
            <canvas name="cape" width="37" height="30">
                <vector name="origin" x="11" y="9" />
                <imgdir name="map">
                    <vector name="navel" x="1" y="2" />
                </imgdir>
                <string name="z" value="capeBelowBody" />
            </canvas>
        </imgdir>
        <imgdir name="2">
            <canvas name="cape" width="41" height="25">
                <vector name="origin" x="11" y="9" />
                <imgdir name="map">
                    <vector name="navel" x="-2" y="4" />
                </imgdir>
                <string name="z" value="capeBelowBody" />
            </canvas>
        </imgdir>
    </imgdir>
    <imgdir name="stabT1">
        <imgdir name="0">
            <canvas name="cape" width="36" height="32">
                <vector name="origin" x="11" y="9" />
                <imgdir name="map">
                    <vector name="navel" x="9" y="6" />
                </imgdir>
                <string name="z" value="capeBelowBody" />
            </canvas>
        </imgdir>
        <imgdir name="1">
            <canvas name="cape" width="39" height="26">
                <vector name="origin" x="11" y="9" />
                <imgdir name="map">
                    <vector name="navel" x="-4" y="2" />
                </imgdir>
                <string name="z" value="capeBelowBody" />
            </canvas>
        </imgdir>
        <imgdir name="2">
            <canvas name="cape" width="44" height="26">
                <vector name="origin" x="11" y="9" />
                <imgdir name="map">
                    <vector name="navel" x="-3" y="2" />
                </imgdir>
                <string name="z" value="capeBelowBody" />
            </canvas>
        </imgdir>
    </imgdir>
    <imgdir name="stabT2">
        <imgdir name="0">
            <canvas name="cape" width="36" height="32">
                <vector name="origin" x="11" y="9" />
                <imgdir name="map">
                    <vector name="navel" x="8" y="8" />
                </imgdir>
                <string name="z" value="capeBelowBody" />
            </canvas>
        </imgdir>
        <imgdir name="1">
            <canvas name="cape" width="39" height="26">
                <vector name="origin" x="11" y="9" />
                <imgdir name="map">
                    <vector name="navel" x="0" y="4" />
                </imgdir>
                <string name="z" value="capeBelowBody" />
            </canvas>
        </imgdir>
        <imgdir name="2">
            <canvas name="cape" width="44" height="26">
                <vector name="origin" x="11" y="9" />
                <imgdir name="map">
                    <vector name="navel" x="-2" y="4" />
                </imgdir>
                <string name="z" value="capeBelowBody" />
            </canvas>
        </imgdir>
    </imgdir>
    <imgdir name="stabTF">
        <imgdir name="0">
            <uol name="cape" value="../../swingPF/0/cape" />
        </imgdir>
        <imgdir name="1">
            <uol name="cape" value="../../swingPF/1/cape" />
        </imgdir>
        <imgdir name="2">
            <canvas name="cape" width="32" height="33">
                <vector name="origin" x="11" y="9" />
                <imgdir name="map">
                    <vector name="navel" x="-2" y="4" />
                </imgdir>
                <string name="z" value="capeBelowBody" />
            </canvas>
        </imgdir>
        <imgdir name="3">
            <uol name="cape" value="../../stabT1/2/cape" />
        </imgdir>
    </imgdir>
    <imgdir name="shoot1">
        <imgdir name="0">
            <canvas name="cape" width="27" height="27">
                <vector name="origin" x="11" y="9" />
                <imgdir name="map">
                    <vector name="navel" x="-1" y="3" />
                </imgdir>
                <string name="z" value="capeBelowBody" />
            </canvas>
        </imgdir>
        <imgdir name="1">
            <canvas name="cape" width="27" height="27">
                <vector name="origin" x="11" y="9" />
                <imgdir name="map">
                    <vector name="navel" x="-1" y="3" />
                </imgdir>
                <string name="z" value="capeBelowBody" />
            </canvas>
        </imgdir>
        <imgdir name="2">
            <uol name="cape" value="../1/cape" />
        </imgdir>
    </imgdir>
    <imgdir name="shoot2">
        <imgdir name="0">
            <canvas name="cape" width="27" height="27">
                <vector name="origin" x="11" y="9" />
                <imgdir name="map">
                    <vector name="navel" x="-2" y="4" />
                </imgdir>
                <string name="z" value="capeBelowBody" />
            </canvas>
        </imgdir>
        <imgdir name="1">
            <canvas name="cape" width="27" height="27">
                <vector name="origin" x="11" y="9" />
                <imgdir name="map">
                    <vector name="navel" x="-2" y="4" />
                </imgdir>
                <string name="z" value="capeBelowBody" />
            </canvas>
        </imgdir>
        <imgdir name="2">
            <uol name="cape" value="../0/cape" />
        </imgdir>
        <imgdir name="3">
            <uol name="cape" value="../0/cape" />
        </imgdir>
        <imgdir name="4">
            <canvas name="cape" width="27" height="27">
                <vector name="origin" x="11" y="9" />
                <imgdir name="map">
                    <vector name="navel" x="-2" y="4" />
                </imgdir>
                <string name="z" value="capeBelowBody" />
            </canvas>
        </imgdir>
    </imgdir>
    <imgdir name="shootF">
        <imgdir name="0">
            <canvas name="cape" width="35" height="27">
                <vector name="origin" x="11" y="9" />
                <imgdir name="map">
                    <vector name="navel" x="14" y="5" />
                </imgdir>
                <string name="z" value="capeBelowBody" />
            </canvas>
        </imgdir>
        <imgdir name="1">
            <canvas name="cape" width="41" height="27">
                <vector name="origin" x="11" y="9" />
                <imgdir name="map">
                    <vector name="navel" x="19" y="5" />
                </imgdir>
                <string name="z" value="capeBelowBody" />
            </canvas>
        </imgdir>
        <imgdir name="2">
            <uol name="cape" value="../1/cape" />
        </imgdir>
    </imgdir>
    <imgdir name="proneStab">
        <imgdir name="0">
            <canvas name="cape" width="36" height="20">
                <vector name="origin" x="11" y="9" />
                <imgdir name="map">
                    <vector name="navel" x="17" y="8" />
                </imgdir>
                <string name="z" value="cape" />
            </canvas>
        </imgdir>
        <imgdir name="1">
            <canvas name="cape" width="36" height="20">
                <vector name="origin" x="12" y="9" />
                <imgdir name="map">
                    <vector name="navel" x="15" y="8" />
                </imgdir>
                <string name="z" value="cape" />
            </canvas>
        </imgdir>
    </imgdir>
    <imgdir name="prone">
        <imgdir name="0">
            <uol name="cape" value="../../proneStab/0/cape" />
        </imgdir>
    </imgdir>
    <imgdir name="heal">
        <imgdir name="0">
            <uol name="cape" value="../../alert/1/cape" />
        </imgdir>
        <imgdir name="1">
            <uol name="cape" value="../../swingO2/1/cape" />
        </imgdir>
        <imgdir name="2">
            <uol name="cape" value="../../swingO2/0/cape" />
        </imgdir>
    </imgdir>
    <imgdir name="fly">
        <imgdir name="0">
            <canvas name="cape" width="30" height="28">
                <vector name="origin" x="11" y="9" />
                <imgdir name="map">
                    <vector name="navel" x="-6" y="4" />
                </imgdir>
                <string name="z" value="capeBelowBody" />
            </canvas>
        </imgdir>
        <imgdir name="1">
            <canvas name="cape" width="26" height="28">
                <vector name="origin" x="11" y="9" />
                <imgdir name="map">
                    <vector name="navel" x="-5" y="3" />
                </imgdir>
                <string name="z" value="capeBelowBody" />
            </canvas>
        </imgdir>
    </imgdir>
    <imgdir name="jump">
        <imgdir name="0">
            <canvas name="cape" width="35" height="26">
                <vector name="origin" x="11" y="9" />
                <imgdir name="map">
                    <vector name="navel" x="-5" y="3" />
                </imgdir>
                <string name="z" value="capeBelowBody" />
            </canvas>
        </imgdir>
    </imgdir>
    <imgdir name="sit">
        <imgdir name="0">
            <canvas name="cape" width="21" height="23">
                <vector name="origin" x="11" y="9" />
                <imgdir name="map">
                    <vector name="navel" x="-2" y="3" />
                </imgdir>
                <string name="z" value="capeBelowBody" />
            </canvas>
        </imgdir>
    </imgdir>
    <imgdir name="ladder">
        <imgdir name="0">
            <canvas name="cape" width="23" height="25">
                <vector name="origin" x="11" y="9" />
                <imgdir name="map">
                    <vector name="navel" x="1" y="-1" />
                </imgdir>
                <string name="z" value="backCape" />
            </canvas>
        </imgdir>
        <imgdir name="1">
            <canvas name="cape" width="23" height="25">
                <vector name="origin" x="11" y="9" />
                <imgdir name="map">
                    <vector name="navel" x="0" y="-1" />
                </imgdir>
                <string name="z" value="backCape" />
            </canvas>
        </imgdir>
    </imgdir>
    <imgdir name="rope">
        <imgdir name="0">
            <canvas name="cape" width="23" height="26">
                <vector name="origin" x="11" y="9" />
                <imgdir name="map">
                    <vector name="navel" x="1" y="-1" />
                </imgdir>
                <string name="z" value="backCape" />
            </canvas>
        </imgdir>
        <imgdir name="1">
            <canvas name="cape" width="21" height="26">
                <vector name="origin" x="11" y="9" />
                <imgdir name="map">
                    <vector name="navel" x="-1" y="1" />
                </imgdir>
                <string name="z" value="backCape" />
            </canvas>
        </imgdir>
    </imgdir>
</imgdir>