<?xml version="1.0" encoding="utf-8" standalone="yes"?>
<imgdir name="01102074.img">
    <imgdir name="info">
        <canvas name="icon" width="35" height="35">
            <vector name="origin" x="1" y="33" />
        </canvas>
        <canvas name="iconRaw" width="35" height="35">
            <vector name="origin" x="1" y="33" />
        </canvas>
        <string name="islot" value="Sr" />
        <string name="vslot" value="Sr" />
        <int name="reqJob" value="0" />
        <int name="reqLevel" value="0" />
        <int name="reqSTR" value="0" />
        <int name="reqDEX" value="0" />
        <int name="reqINT" value="0" />
        <int name="reqLUK" value="0" />
        <int name="cash" value="1" />
    </imgdir>
    <imgdir name="walk1">
        <imgdir name="0">
            <canvas name="cape" width="68" height="82">
                <vector name="origin" x="22" y="47" />
                <imgdir name="map">
                    <vector name="navel" x="0" y="0" />
                </imgdir>
                <string name="z" value="backWing" />
            </canvas>
        </imgdir>
        <imgdir name="1">
            <canvas name="cape" width="68" height="82">
                <vector name="origin" x="21" y="46" />
                <imgdir name="map">
                    <vector name="navel" x="0" y="0" />
                </imgdir>
                <string name="z" value="backWing" />
            </canvas>
        </imgdir>
        <imgdir name="2">
            <canvas name="cape" width="68" height="82">
                <vector name="origin" x="22" y="47" />
                <imgdir name="map">
                    <vector name="navel" x="0" y="0" />
                </imgdir>
                <string name="z" value="backWing" />
            </canvas>
        </imgdir>
        <imgdir name="3">
            <canvas name="cape" width="68" height="75">
                <vector name="origin" x="23" y="48" />
                <imgdir name="map">
                    <vector name="navel" x="0" y="0" />
                </imgdir>
                <string name="z" value="backWing" />
            </canvas>
        </imgdir>
    </imgdir>
    <imgdir name="walk2">
        <imgdir name="0">
            <uol name="cape" value="../../walk1/0/cape" />
        </imgdir>
        <imgdir name="1">
            <uol name="cape" value="../../walk1/1/cape" />
        </imgdir>
        <imgdir name="2">
            <uol name="cape" value="../../walk1/2/cape" />
        </imgdir>
        <imgdir name="3">
            <uol name="cape" value="../../walk1/3/cape" />
        </imgdir>
    </imgdir>
    <imgdir name="stand1">
        <imgdir name="0">
            <canvas name="cape" width="82" height="76">
                <vector name="origin" x="29" y="45" />
                <imgdir name="map">
                    <vector name="navel" x="0" y="0" />
                </imgdir>
                <string name="z" value="backWing" />
            </canvas>
        </imgdir>
        <imgdir name="1">
            <canvas name="cape" width="83" height="75">
                <vector name="origin" x="32" y="46" />
                <imgdir name="map">
                    <vector name="navel" x="0" y="0" />
                </imgdir>
                <string name="z" value="backWing" />
            </canvas>
        </imgdir>
        <imgdir name="2">
            <canvas name="cape" width="83" height="74">
                <vector name="origin" x="34" y="45" />
                <imgdir name="map">
                    <vector name="navel" x="0" y="0" />
                </imgdir>
                <string name="z" value="backWing" />
            </canvas>
        </imgdir>
    </imgdir>
    <imgdir name="stand2">
        <imgdir name="0">
            <uol name="cape" value="../../stand1/0/cape" />
        </imgdir>
        <imgdir name="1">
            <uol name="cape" value="../../stand1/1/cape" />
        </imgdir>
        <imgdir name="2">
            <uol name="cape" value="../../stand1/2/cape" />
        </imgdir>
    </imgdir>
    <imgdir name="alert">
        <imgdir name="0">
            <canvas name="cape" width="82" height="76">
                <vector name="origin" x="34" y="50" />
                <imgdir name="map">
                    <vector name="navel" x="0" y="0" />
                </imgdir>
                <string name="z" value="backWing" />
            </canvas>
        </imgdir>
        <imgdir name="1">
            <canvas name="cape" width="82" height="76">
                <vector name="origin" x="34" y="48" />
                <imgdir name="map">
                    <vector name="navel" x="0" y="0" />
                </imgdir>
                <string name="z" value="backWing" />
            </canvas>
        </imgdir>
        <imgdir name="2">
            <canvas name="cape" width="82" height="76">
                <vector name="origin" x="34" y="46" />
                <imgdir name="map">
                    <vector name="navel" x="0" y="0" />
                </imgdir>
                <string name="z" value="backWing" />
            </canvas>
        </imgdir>
    </imgdir>
    <imgdir name="swingO1">
        <imgdir name="0">
            <canvas name="cape" width="82" height="82">
                <vector name="origin" x="41" y="49" />
                <imgdir name="map">
                    <vector name="navel" x="0" y="0" />
                </imgdir>
                <string name="z" value="capeOverHead" />
            </canvas>
        </imgdir>
        <imgdir name="1">
            <canvas name="cape" width="50" height="81">
                <vector name="origin" x="6" y="53" />
                <imgdir name="map">
                    <vector name="navel" x="0" y="0" />
                </imgdir>
                <string name="z" value="capeOverHead" />
            </canvas>
        </imgdir>
        <imgdir name="2">
            <canvas name="cape" width="85" height="75">
                <vector name="origin" x="35" y="50" />
                <imgdir name="map">
                    <vector name="navel" x="0" y="0" />
                </imgdir>
                <string name="z" value="backWing" />
            </canvas>
        </imgdir>
    </imgdir>
    <imgdir name="swingO2">
        <imgdir name="0">
            <canvas name="cape" width="74" height="72">
                <vector name="origin" x="29" y="44" />
                <imgdir name="map">
                    <vector name="navel" x="0" y="0" />
                </imgdir>
                <string name="z" value="backWing" />
            </canvas>
        </imgdir>
        <imgdir name="1">
            <canvas name="cape" width="80" height="77">
                <vector name="origin" x="37" y="50" />
                <imgdir name="map">
                    <vector name="navel" x="0" y="0" />
                </imgdir>
                <string name="z" value="backWing" />
            </canvas>
        </imgdir>
        <imgdir name="2">
            <canvas name="cape" width="90" height="81">
                <vector name="origin" x="44" y="55" />
                <imgdir name="map">
                    <vector name="navel" x="0" y="0" />
                </imgdir>
                <string name="z" value="backWing" />
            </canvas>
        </imgdir>
    </imgdir>
    <imgdir name="swingO3">
        <imgdir name="0">
            <canvas name="cape" width="81" height="84">
                <vector name="origin" x="41" y="56" />
                <imgdir name="map">
                    <vector name="navel" x="0" y="0" />
                </imgdir>
                <string name="z" value="backWing" />
            </canvas>
        </imgdir>
        <imgdir name="1">
            <canvas name="cape" width="52" height="81">
                <vector name="origin" x="9" y="58" />
                <imgdir name="map">
                    <vector name="navel" x="0" y="0" />
                </imgdir>
                <string name="z" value="capeOverHead" />
            </canvas>
        </imgdir>
        <imgdir name="2">
            <canvas name="cape" width="82" height="82">
                <vector name="origin" x="37" y="49" />
                <imgdir name="map">
                    <vector name="navel" x="0" y="0" />
                </imgdir>
                <string name="z" value="capeOverHead" />
            </canvas>
        </imgdir>
    </imgdir>
    <imgdir name="swingOF">
        <imgdir name="0">
            <canvas name="cape" width="84" height="83">
                <vector name="origin" x="43" y="53" />
                <imgdir name="map">
                    <vector name="navel" x="0" y="0" />
                </imgdir>
                <string name="z" value="backWing" />
            </canvas>
        </imgdir>
        <imgdir name="1">
            <canvas name="cape" width="82" height="81">
                <vector name="origin" x="38" y="48" />
                <imgdir name="map">
                    <vector name="navel" x="0" y="0" />
                </imgdir>
                <string name="z" value="capeOverHead" />
            </canvas>
        </imgdir>
        <imgdir name="2">
            <canvas name="cape" width="52" height="81">
                <vector name="origin" x="7" y="54" />
                <imgdir name="map">
                    <vector name="navel" x="0" y="0" />
                </imgdir>
                <string name="z" value="capeOverHead" />
            </canvas>
        </imgdir>
        <imgdir name="3">
            <canvas name="cape" width="84" height="83">
                <vector name="origin" x="49" y="62" />
                <imgdir name="map">
                    <vector name="navel" x="0" y="0" />
                </imgdir>
                <string name="z" value="backWing" />
            </canvas>
        </imgdir>
    </imgdir>
    <imgdir name="swingT1">
        <imgdir name="0">
            <canvas name="cape" width="78" height="74">
                <vector name="origin" x="29" y="45" />
                <imgdir name="map">
                    <vector name="navel" x="0" y="0" />
                </imgdir>
                <string name="z" value="backWing" />
            </canvas>
        </imgdir>
        <imgdir name="1">
            <canvas name="cape" width="80" height="89">
                <vector name="origin" x="33" y="62" />
                <imgdir name="map">
                    <vector name="navel" x="0" y="0" />
                </imgdir>
                <string name="z" value="backWing" />
            </canvas>
        </imgdir>
        <imgdir name="2">
            <canvas name="cape" width="63" height="82">
                <vector name="origin" x="11" y="60" />
                <imgdir name="map">
                    <vector name="navel" x="0" y="0" />
                </imgdir>
                <string name="z" value="backWing" />
            </canvas>
        </imgdir>
    </imgdir>
    <imgdir name="swingT2">
        <imgdir name="0">
            <canvas name="cape" width="56" height="74">
                <vector name="origin" x="4" y="44" />
                <imgdir name="map">
                    <vector name="navel" x="0" y="0" />
                </imgdir>
                <string name="z" value="capeOverHead" />
            </canvas>
        </imgdir>
        <imgdir name="1">
            <canvas name="cape" width="73" height="75">
                <vector name="origin" x="24" y="49" />
                <imgdir name="map">
                    <vector name="navel" x="0" y="0" />
                </imgdir>
                <string name="z" value="backWing" />
            </canvas>
        </imgdir>
        <imgdir name="2">
            <canvas name="cape" width="87" height="87">
                <vector name="origin" x="44" y="53" />
                <imgdir name="map">
                    <vector name="navel" x="0" y="0" />
                </imgdir>
                <string name="z" value="backWing" />
            </canvas>
        </imgdir>
    </imgdir>
    <imgdir name="swingT3">
        <imgdir name="0">
            <canvas name="cape" width="70" height="79">
                <vector name="origin" x="35" y="39" />
                <imgdir name="map">
                    <vector name="navel" x="10" y="14" />
                </imgdir>
                <string name="z" value="backWing" />
            </canvas>
        </imgdir>
        <imgdir name="1">
            <canvas name="cape" width="89" height="79">
                <vector name="origin" x="45" y="49" />
                <imgdir name="map">
                    <vector name="navel" x="0" y="0" />
                </imgdir>
                <string name="z" value="backWing" />
            </canvas>
        </imgdir>
        <imgdir name="2">
            <canvas name="cape" width="63" height="82">
                <vector name="origin" x="12" y="61" />
                <imgdir name="map">
                    <vector name="navel" x="0" y="0" />
                </imgdir>
                <string name="z" value="capeOverHead" />
            </canvas>
        </imgdir>
    </imgdir>
    <imgdir name="swingTF">
        <imgdir name="0">
            <canvas name="cape" width="76" height="70">
                <vector name="origin" x="40" y="44" />
                <imgdir name="map">
                    <vector name="navel" x="0" y="0" />
                </imgdir>
                <string name="z" value="capeOverHead" />
            </canvas>
        </imgdir>
        <imgdir name="1">
            <canvas name="cape" width="67" height="82">
                <vector name="origin" x="44" y="51" />
                <imgdir name="map">
                    <vector name="navel" x="0" y="0" />
                </imgdir>
                <string name="z" value="backWing" />
            </canvas>
        </imgdir>
        <imgdir name="2">
            <canvas name="cape" width="80" height="77">
                <vector name="origin" x="35" y="51" />
                <imgdir name="map">
                    <vector name="navel" x="0" y="0" />
                </imgdir>
                <string name="z" value="backWing" />
            </canvas>
        </imgdir>
        <imgdir name="3">
            <canvas name="cape" width="63" height="82">
                <vector name="origin" x="16" y="64" />
                <imgdir name="map">
                    <vector name="navel" x="0" y="0" />
                </imgdir>
                <string name="z" value="backWing" />
            </canvas>
        </imgdir>
    </imgdir>
    <imgdir name="swingP1">
        <imgdir name="0">
            <canvas name="cape" width="67" height="79">
                <vector name="origin" x="19" y="51" />
                <imgdir name="map">
                    <vector name="navel" x="0" y="0" />
                </imgdir>
                <string name="z" value="backWing" />
            </canvas>
        </imgdir>
        <imgdir name="1">
            <canvas name="cape" width="68" height="83">
                <vector name="origin" x="25" y="58" />
                <imgdir name="map">
                    <vector name="navel" x="0" y="0" />
                </imgdir>
                <string name="z" value="backWing" />
            </canvas>
        </imgdir>
        <imgdir name="2">
            <canvas name="cape" width="63" height="82">
                <vector name="origin" x="13" y="62" />
                <imgdir name="map">
                    <vector name="navel" x="0" y="0" />
                </imgdir>
                <string name="z" value="backWing" />
            </canvas>
        </imgdir>
    </imgdir>
    <imgdir name="swingP2">
        <imgdir name="0">
            <canvas name="cape" width="54" height="76">
                <vector name="origin" x="6" y="48" />
                <imgdir name="map">
                    <vector name="navel" x="0" y="0" />
                </imgdir>
                <string name="z" value="capeOverHead" />
            </canvas>
        </imgdir>
        <imgdir name="1">
            <canvas name="cape" width="67" height="75">
                <vector name="origin" x="23" y="49" />
                <imgdir name="map">
                    <vector name="navel" x="0" y="0" />
                </imgdir>
                <string name="z" value="backWing" />
            </canvas>
        </imgdir>
        <imgdir name="2">
            <canvas name="cape" width="87" height="87">
                <vector name="origin" x="43" y="54" />
                <imgdir name="map">
                    <vector name="navel" x="0" y="0" />
                </imgdir>
                <string name="z" value="backWing" />
            </canvas>
        </imgdir>
    </imgdir>
    <imgdir name="swingPF">
        <imgdir name="0">
            <canvas name="cape" width="74" height="75">
                <vector name="origin" x="26" y="52" />
                <imgdir name="map">
                    <vector name="navel" x="0" y="0" />
                </imgdir>
                <string name="z" value="backWing" />
            </canvas>
        </imgdir>
        <imgdir name="1">
            <canvas name="cape" width="74" height="75">
                <vector name="origin" x="26" y="53" />
                <imgdir name="map">
                    <vector name="navel" x="0" y="0" />
                </imgdir>
                <string name="z" value="backWing" />
            </canvas>
        </imgdir>
        <imgdir name="2">
            <canvas name="cape" width="82" height="74">
                <vector name="origin" x="38" y="47" />
                <imgdir name="map">
                    <vector name="navel" x="0" y="0" />
                </imgdir>
                <string name="z" value="backWing" />
            </canvas>
        </imgdir>
        <imgdir name="3">
            <canvas name="cape" width="62" height="77">
                <vector name="origin" x="15" y="59" />
                <imgdir name="map">
                    <vector name="navel" x="0" y="0" />
                </imgdir>
                <string name="z" value="capeOverHead" />
            </canvas>
        </imgdir>
    </imgdir>
    <imgdir name="stabO1">
        <imgdir name="0">
            <canvas name="cape" width="75" height="75">
                <vector name="origin" x="43" y="49" />
                <imgdir name="map">
                    <vector name="navel" x="0" y="0" />
                </imgdir>
                <string name="z" value="backWing" />
            </canvas>
        </imgdir>
        <imgdir name="1">
            <canvas name="cape" width="61" height="77">
                <vector name="origin" x="12" y="56" />
                <imgdir name="map">
                    <vector name="navel" x="0" y="0" />
                </imgdir>
                <string name="z" value="capeOverHead" />
            </canvas>
        </imgdir>
    </imgdir>
    <imgdir name="stabO2">
        <imgdir name="0">
            <canvas name="cape" width="75" height="75">
                <vector name="origin" x="30" y="45" />
                <imgdir name="map">
                    <vector name="navel" x="0" y="0" />
                </imgdir>
                <string name="z" value="backWing" />
            </canvas>
        </imgdir>
        <imgdir name="1">
            <canvas name="cape" width="63" height="81">
                <vector name="origin" x="7" y="59" />
                <imgdir name="map">
                    <vector name="navel" x="0" y="0" />
                </imgdir>
                <string name="z" value="capeOverHead" />
            </canvas>
        </imgdir>
    </imgdir>
    <imgdir name="stabOF">
        <imgdir name="0">
            <canvas name="cape" width="72" height="79">
                <vector name="origin" x="36" y="57" />
                <imgdir name="map">
                    <vector name="navel" x="0" y="0" />
                </imgdir>
                <string name="z" value="backWing" />
            </canvas>
        </imgdir>
        <imgdir name="1">
            <canvas name="cape" width="74" height="75">
                <vector name="origin" x="33" y="48" />
                <imgdir name="map">
                    <vector name="navel" x="0" y="0" />
                </imgdir>
                <string name="z" value="backWing" />
            </canvas>
        </imgdir>
        <imgdir name="2">
            <canvas name="cape" width="63" height="81">
                <vector name="origin" x="15" y="62" />
                <imgdir name="map">
                    <vector name="navel" x="0" y="0" />
                </imgdir>
                <string name="z" value="backWing" />
            </canvas>
        </imgdir>
    </imgdir>
    <imgdir name="stabT1">
        <imgdir name="0">
            <canvas name="cape" width="82" height="83">
                <vector name="origin" x="38" y="54" />
                <imgdir name="map">
                    <vector name="navel" x="0" y="0" />
                </imgdir>
                <string name="z" value="backWing" />
            </canvas>
        </imgdir>
        <imgdir name="1">
            <canvas name="cape" width="86" height="87">
                <vector name="origin" x="37" y="61" />
                <imgdir name="map">
                    <vector name="navel" x="0" y="0" />
                </imgdir>
                <string name="z" value="backWing" />
            </canvas>
        </imgdir>
        <imgdir name="2">
            <canvas name="cape" width="85" height="89">
                <vector name="origin" x="38" y="66" />
                <imgdir name="map">
                    <vector name="navel" x="0" y="0" />
                </imgdir>
                <string name="z" value="backWing" />
            </canvas>
        </imgdir>
    </imgdir>
    <imgdir name="stabT2">
        <imgdir name="0">
            <canvas name="cape" width="72" height="79">
                <vector name="origin" x="31" y="53" />
                <imgdir name="map">
                    <vector name="navel" x="0" y="0" />
                </imgdir>
                <string name="z" value="backWing" />
            </canvas>
        </imgdir>
        <imgdir name="1">
            <canvas name="cape" width="86" height="89">
                <vector name="origin" x="44" y="60" />
                <imgdir name="map">
                    <vector name="navel" x="0" y="0" />
                </imgdir>
                <string name="z" value="backWing" />
            </canvas>
        </imgdir>
        <imgdir name="2">
            <canvas name="cape" width="86" height="84">
                <vector name="origin" x="41" y="58" />
                <imgdir name="map">
                    <vector name="navel" x="0" y="0" />
                </imgdir>
                <string name="z" value="backWing" />
            </canvas>
        </imgdir>
    </imgdir>
    <imgdir name="stabTF">
        <imgdir name="0">
            <uol name="cape" value="../../swingPF/0/cape" />
        </imgdir>
        <imgdir name="1">
            <uol name="cape" value="../../swingPF/1/cape" />
        </imgdir>
        <imgdir name="2">
            <canvas name="cape" width="77" height="81">
                <vector name="origin" x="46" y="51" />
                <imgdir name="map">
                    <vector name="navel" x="0" y="0" />
                </imgdir>
                <string name="z" value="backWing" />
            </canvas>
        </imgdir>
        <imgdir name="3">
            <canvas name="cape" width="68" height="77">
                <vector name="origin" x="28" y="60" />
                <imgdir name="map">
                    <vector name="navel" x="0" y="0" />
                </imgdir>
                <string name="z" value="backWing" />
            </canvas>
        </imgdir>
    </imgdir>
    <imgdir name="shoot1">
        <imgdir name="0">
            <canvas name="cape" width="75" height="75">
                <vector name="origin" x="30" y="47" />
                <imgdir name="map">
                    <vector name="navel" x="0" y="0" />
                </imgdir>
                <string name="z" value="backWing" />
            </canvas>
        </imgdir>
        <imgdir name="1">
            <canvas name="cape" width="75" height="75">
                <vector name="origin" x="30" y="47" />
                <imgdir name="map">
                    <vector name="navel" x="0" y="0" />
                </imgdir>
                <string name="z" value="backWing" />
            </canvas>
        </imgdir>
        <imgdir name="2">
            <uol name="cape" value="../1/cape" />
        </imgdir>
    </imgdir>
    <imgdir name="shoot2">
        <imgdir name="0">
            <canvas name="cape" width="75" height="75">
                <vector name="origin" x="29" y="48" />
                <imgdir name="map">
                    <vector name="navel" x="0" y="0" />
                </imgdir>
                <string name="z" value="backWing" />
            </canvas>
        </imgdir>
        <imgdir name="1">
            <canvas name="cape" width="75" height="75">
                <vector name="origin" x="29" y="48" />
                <imgdir name="map">
                    <vector name="navel" x="0" y="0" />
                </imgdir>
                <string name="z" value="backWing" />
            </canvas>
        </imgdir>
        <imgdir name="2">
            <uol name="cape" value="../0/cape" />
        </imgdir>
        <imgdir name="3">
            <uol name="cape" value="../0/cape" />
        </imgdir>
        <imgdir name="4">
            <canvas name="cape" width="75" height="75">
                <vector name="origin" x="29" y="48" />
                <imgdir name="map">
                    <vector name="navel" x="0" y="0" />
                </imgdir>
                <string name="z" value="backWing" />
            </canvas>
        </imgdir>
    </imgdir>
    <imgdir name="shootF">
        <imgdir name="0">
            <canvas name="cape" width="77" height="75">
                <vector name="origin" x="43" y="49" />
                <imgdir name="map">
                    <vector name="navel" x="0" y="0" />
                </imgdir>
                <string name="z" value="backWing" />
            </canvas>
        </imgdir>
        <imgdir name="1">
            <canvas name="cape" width="75" height="76">
                <vector name="origin" x="46" y="49" />
                <imgdir name="map">
                    <vector name="navel" x="0" y="0" />
                </imgdir>
                <string name="z" value="backWing" />
            </canvas>
        </imgdir>
        <imgdir name="2">
            <uol name="cape" value="../1/cape" />
        </imgdir>
    </imgdir>
    <imgdir name="proneStab">
        <imgdir name="0">
            <canvas name="cape" width="73" height="73">
                <vector name="origin" x="41" y="65" />
                <imgdir name="map">
                    <vector name="navel" x="0" y="0" />
                </imgdir>
                <string name="z" value="cape" />
            </canvas>
        </imgdir>
        <imgdir name="1">
            <canvas name="cape" width="73" height="73">
                <vector name="origin" x="41" y="65" />
                <imgdir name="map">
                    <vector name="navel" x="0" y="0" />
                </imgdir>
                <string name="z" value="cape" />
            </canvas>
        </imgdir>
    </imgdir>
    <imgdir name="prone">
        <imgdir name="0">
            <uol name="cape" value="../../proneStab/0/cape" />
        </imgdir>
    </imgdir>
    <imgdir name="heal">
        <imgdir name="0">
            <uol name="cape" value="../../alert/1/cape" />
        </imgdir>
        <imgdir name="1">
            <uol name="cape" value="../../swingO2/1/cape" />
        </imgdir>
        <imgdir name="2">
            <uol name="cape" value="../../swingO2/0/cape" />
        </imgdir>
    </imgdir>
    <imgdir name="fly">
        <imgdir name="0">
            <canvas name="cape" width="68" height="82">
                <vector name="origin" x="22" y="49" />
                <imgdir name="map">
                    <vector name="navel" x="0" y="0" />
                </imgdir>
                <string name="z" value="backWing" />
            </canvas>
        </imgdir>
        <imgdir name="1">
            <canvas name="cape" width="55" height="77">
                <vector name="origin" x="11" y="50" />
                <imgdir name="map">
                    <vector name="navel" x="0" y="0" />
                </imgdir>
                <string name="z" value="backWing" />
            </canvas>
        </imgdir>
    </imgdir>
    <imgdir name="jump">
        <imgdir name="0">
            <canvas name="cape" width="75" height="75">
                <vector name="origin" x="28" y="50" />
                <imgdir name="map">
                    <vector name="navel" x="0" y="0" />
                </imgdir>
                <string name="z" value="backWing" />
            </canvas>
        </imgdir>
    </imgdir>
    <imgdir name="sit">
        <imgdir name="0">
            <canvas name="cape" width="75" height="75">
                <vector name="origin" x="28" y="52" />
                <imgdir name="map">
                    <vector name="navel" x="0" y="0" />
                </imgdir>
                <string name="z" value="backWing" />
            </canvas>
        </imgdir>
    </imgdir>
    <imgdir name="ladder">
        <imgdir name="0">
            <canvas name="cape" width="79" height="70">
                <vector name="origin" x="40" y="45" />
                <imgdir name="map">
                    <vector name="navel" x="0" y="0" />
                </imgdir>
                <string name="z" value="weaponOverGlove" />
            </canvas>
        </imgdir>
        <imgdir name="1">
            <canvas name="cape" width="79" height="70">
                <vector name="origin" x="39" y="45" />
                <imgdir name="map">
                    <vector name="navel" x="0" y="0" />
                </imgdir>
                <string name="z" value="weaponOverGlove" />
            </canvas>
        </imgdir>
    </imgdir>
    <imgdir name="rope">
        <imgdir name="0">
            <canvas name="cape" width="79" height="70">
                <vector name="origin" x="40" y="46" />
                <imgdir name="map">
                    <vector name="navel" x="0" y="0" />
                </imgdir>
                <string name="z" value="weaponOverGlove" />
            </canvas>
        </imgdir>
        <imgdir name="1">
            <canvas name="cape" width="79" height="70">
                <vector name="origin" x="39" y="47" />
                <imgdir name="map">
                    <vector name="navel" x="0" y="0" />
                </imgdir>
                <string name="z" value="weaponOverGlove" />
            </canvas>
        </imgdir>
    </imgdir>
</imgdir>