<?xml version="1.0" encoding="utf-8" standalone="yes"?>
<imgdir name="01102310.img">
    <imgdir name="info">
        <canvas name="icon" width="34" height="34">
            <vector name="origin" x="1" y="33" />
        </canvas>
        <canvas name="iconRaw" width="34" height="34">
            <vector name="origin" x="1" y="33" />
        </canvas>
        <string name="islot" value="Sr" />
        <string name="vslot" value="Sr" />
        <int name="reqJob" value="0" />
        <int name="reqLevel" value="0" />
        <int name="reqSTR" value="0" />
        <int name="reqDEX" value="0" />
        <int name="reqINT" value="0" />
        <int name="reqLUK" value="0" />
        <int name="cash" value="1" />
    </imgdir>
    <imgdir name="walk1">
        <imgdir name="0">
            <canvas name="cape" width="83" height="47">
                <vector name="origin" x="12" y="22" />
                <imgdir name="map">
                    <vector name="navel" x="0" y="0" />
                </imgdir>
                <string name="z" value="backWing" />
            </canvas>
        </imgdir>
        <imgdir name="1">
            <canvas name="cape" width="96" height="41">
                <vector name="origin" x="20" y="15" />
                <imgdir name="map">
                    <vector name="navel" x="0" y="0" />
                </imgdir>
                <string name="z" value="backWing" />
            </canvas>
        </imgdir>
        <imgdir name="2">
            <canvas name="cape" width="98" height="41">
                <vector name="origin" x="18" y="16" />
                <imgdir name="map">
                    <vector name="navel" x="0" y="0" />
                </imgdir>
                <string name="z" value="backWing" />
            </canvas>
        </imgdir>
        <imgdir name="3">
            <canvas name="cape" width="106" height="40">
                <vector name="origin" x="21" y="17" />
                <imgdir name="map">
                    <vector name="navel" x="0" y="0" />
                </imgdir>
                <string name="z" value="backWing" />
            </canvas>
        </imgdir>
    </imgdir>
    <imgdir name="walk2">
        <imgdir name="0">
            <canvas name="cape" width="83" height="47">
                <vector name="origin" x="12" y="22" />
                <imgdir name="map">
                    <vector name="navel" x="0" y="0" />
                </imgdir>
                <string name="z" value="backWing" />
            </canvas>
        </imgdir>
        <imgdir name="1">
            <canvas name="cape" width="96" height="41">
                <vector name="origin" x="20" y="15" />
                <imgdir name="map">
                    <vector name="navel" x="0" y="0" />
                </imgdir>
                <string name="z" value="backWing" />
            </canvas>
        </imgdir>
        <imgdir name="2">
            <canvas name="cape" width="98" height="41">
                <vector name="origin" x="18" y="16" />
                <imgdir name="map">
                    <vector name="navel" x="0" y="0" />
                </imgdir>
                <string name="z" value="backWing" />
            </canvas>
        </imgdir>
        <imgdir name="3">
            <canvas name="cape" width="106" height="40">
                <vector name="origin" x="21" y="17" />
                <imgdir name="map">
                    <vector name="navel" x="0" y="0" />
                </imgdir>
                <string name="z" value="backWing" />
            </canvas>
        </imgdir>
    </imgdir>
    <imgdir name="stand1">
        <imgdir name="0">
            <canvas name="cape" width="53" height="44">
                <vector name="origin" x="17" y="15" />
                <imgdir name="map">
                    <vector name="navel" x="0" y="0" />
                </imgdir>
                <string name="z" value="backWing" />
            </canvas>
        </imgdir>
        <imgdir name="1">
            <canvas name="cape" width="63" height="42">
                <vector name="origin" x="24" y="16" />
                <imgdir name="map">
                    <vector name="navel" x="0" y="0" />
                </imgdir>
                <string name="z" value="backWing" />
            </canvas>
        </imgdir>
        <imgdir name="2">
            <canvas name="cape" width="66" height="42">
                <vector name="origin" x="31" y="15" />
                <imgdir name="map">
                    <vector name="navel" x="0" y="0" />
                </imgdir>
                <string name="z" value="backWing" />
            </canvas>
        </imgdir>
    </imgdir>
    <imgdir name="stand2">
        <imgdir name="0">
            <canvas name="cape" width="53" height="44">
                <vector name="origin" x="17" y="15" />
                <imgdir name="map">
                    <vector name="navel" x="0" y="0" />
                </imgdir>
                <string name="z" value="backWing" />
            </canvas>
        </imgdir>
        <imgdir name="1">
            <canvas name="cape" width="63" height="42">
                <vector name="origin" x="24" y="16" />
                <imgdir name="map">
                    <vector name="navel" x="0" y="0" />
                </imgdir>
                <string name="z" value="backWing" />
            </canvas>
        </imgdir>
        <imgdir name="2">
            <canvas name="cape" width="66" height="42">
                <vector name="origin" x="31" y="15" />
                <imgdir name="map">
                    <vector name="navel" x="0" y="0" />
                </imgdir>
                <string name="z" value="backWing" />
            </canvas>
        </imgdir>
    </imgdir>
    <imgdir name="alert">
        <imgdir name="0">
            <canvas name="cape" width="67" height="42">
                <vector name="origin" x="25" y="16" />
                <imgdir name="map">
                    <vector name="navel" x="0" y="0" />
                </imgdir>
                <string name="z" value="backWing" />
            </canvas>
        </imgdir>
        <imgdir name="1">
            <canvas name="cape" width="64" height="42">
                <vector name="origin" x="25" y="16" />
                <imgdir name="map">
                    <vector name="navel" x="0" y="0" />
                </imgdir>
                <string name="z" value="backWing" />
            </canvas>
        </imgdir>
        <imgdir name="2">
            <canvas name="cape" width="62" height="42">
                <vector name="origin" x="24" y="16" />
                <imgdir name="map">
                    <vector name="navel" x="0" y="0" />
                </imgdir>
                <string name="z" value="backWing" />
            </canvas>
        </imgdir>
    </imgdir>
    <imgdir name="swingO1">
        <imgdir name="0">
            <canvas name="cape" width="58" height="40">
                <vector name="origin" x="16" y="16" />
                <imgdir name="map">
                    <vector name="navel" x="0" y="0" />
                </imgdir>
                <string name="z" value="capeOverHead" />
            </canvas>
        </imgdir>
        <imgdir name="1">
            <canvas name="cape" width="47" height="41">
                <vector name="origin" x="7" y="16" />
                <imgdir name="map">
                    <vector name="navel" x="0" y="0" />
                </imgdir>
                <string name="z" value="capeOverHead" />
            </canvas>
        </imgdir>
        <imgdir name="2">
            <canvas name="cape" width="81" height="46">
                <vector name="origin" x="9" y="25" />
                <imgdir name="map">
                    <vector name="navel" x="0" y="0" />
                </imgdir>
                <string name="z" value="backWing" />
            </canvas>
        </imgdir>
    </imgdir>
    <imgdir name="swingO2">
        <imgdir name="0">
            <canvas name="cape" width="56" height="41">
                <vector name="origin" x="24" y="16" />
                <imgdir name="map">
                    <vector name="navel" x="0" y="0" />
                </imgdir>
                <string name="z" value="backWing" />
            </canvas>
        </imgdir>
        <imgdir name="1">
            <canvas name="cape" width="68" height="41">
                <vector name="origin" x="41" y="18" />
                <imgdir name="map">
                    <vector name="navel" x="0" y="0" />
                </imgdir>
                <string name="z" value="backWing" />
            </canvas>
        </imgdir>
        <imgdir name="2">
            <canvas name="cape" width="53" height="39">
                <vector name="origin" x="9" y="17" />
                <imgdir name="map">
                    <vector name="navel" x="0" y="0" />
                </imgdir>
                <string name="z" value="backWing" />
            </canvas>
        </imgdir>
    </imgdir>
    <imgdir name="swingO3">
        <imgdir name="0">
            <canvas name="cape" width="60" height="37">
                <vector name="origin" x="20" y="16" />
                <imgdir name="map">
                    <vector name="navel" x="0" y="0" />
                </imgdir>
                <string name="z" value="backWing" />
            </canvas>
        </imgdir>
        <imgdir name="1">
            <canvas name="cape" width="66" height="41">
                <vector name="origin" x="37" y="17" />
                <imgdir name="map">
                    <vector name="navel" x="0" y="0" />
                </imgdir>
                <string name="z" value="capeOverHead" />
            </canvas>
        </imgdir>
        <imgdir name="2">
            <canvas name="cape" width="69" height="44">
                <vector name="origin" x="17" y="16" />
                <imgdir name="map">
                    <vector name="navel" x="0" y="0" />
                </imgdir>
                <string name="z" value="capeOverHead" />
            </canvas>
        </imgdir>
    </imgdir>
    <imgdir name="swingOF">
        <imgdir name="0">
            <canvas name="cape" width="76" height="38">
                <vector name="origin" x="44" y="15" />
                <imgdir name="map">
                    <vector name="navel" x="0" y="0" />
                </imgdir>
                <string name="z" value="backWing" />
            </canvas>
        </imgdir>
        <imgdir name="1">
            <canvas name="cape" width="94" height="47">
                <vector name="origin" x="60" y="14" />
                <imgdir name="map">
                    <vector name="navel" x="0" y="0" />
                </imgdir>
                <string name="z" value="capeOverHead" />
            </canvas>
        </imgdir>
        <imgdir name="2">
            <canvas name="cape" width="70" height="49">
                <vector name="origin" x="30" y="17" />
                <imgdir name="map">
                    <vector name="navel" x="0" y="0" />
                </imgdir>
                <string name="z" value="capeOverHead" />
            </canvas>
        </imgdir>
        <imgdir name="3">
            <canvas name="cape" width="91" height="58">
                <vector name="origin" x="39" y="41" />
                <imgdir name="map">
                    <vector name="navel" x="0" y="0" />
                </imgdir>
                <string name="z" value="backWing" />
            </canvas>
        </imgdir>
    </imgdir>
    <imgdir name="swingT1">
        <imgdir name="0">
            <canvas name="cape" width="75" height="41">
                <vector name="origin" x="37" y="15" />
                <imgdir name="map">
                    <vector name="navel" x="0" y="0" />
                </imgdir>
                <string name="z" value="backWing" />
            </canvas>
        </imgdir>
        <imgdir name="1">
            <canvas name="cape" width="68" height="41">
                <vector name="origin" x="12" y="18" />
                <imgdir name="map">
                    <vector name="navel" x="0" y="0" />
                </imgdir>
                <string name="z" value="backWing" />
            </canvas>
        </imgdir>
        <imgdir name="2">
            <canvas name="cape" width="82" height="51">
                <vector name="origin" x="11" y="28" />
                <imgdir name="map">
                    <vector name="navel" x="0" y="0" />
                </imgdir>
                <string name="z" value="backWing" />
            </canvas>
        </imgdir>
    </imgdir>
    <imgdir name="swingT2">
        <imgdir name="0">
            <canvas name="cape" width="51" height="40">
                <vector name="origin" x="3" y="15" />
                <imgdir name="map">
                    <vector name="navel" x="0" y="0" />
                </imgdir>
                <string name="z" value="capeOverHead" />
            </canvas>
        </imgdir>
        <imgdir name="1">
            <canvas name="cape" width="75" height="40">
                <vector name="origin" x="24" y="17" />
                <imgdir name="map">
                    <vector name="navel" x="0" y="0" />
                </imgdir>
                <string name="z" value="backWing" />
            </canvas>
        </imgdir>
        <imgdir name="2">
            <canvas name="cape" width="99" height="44">
                <vector name="origin" x="35" y="22" />
                <imgdir name="map">
                    <vector name="navel" x="0" y="0" />
                </imgdir>
                <string name="z" value="backWing" />
            </canvas>
        </imgdir>
    </imgdir>
    <imgdir name="swingT3">
        <imgdir name="0">
            <canvas name="cape" width="75" height="40">
                <vector name="origin" x="39" y="16" />
                <imgdir name="map">
                    <vector name="navel" x="0" y="0" />
                </imgdir>
                <string name="z" value="backWing" />
            </canvas>
        </imgdir>
        <imgdir name="1">
            <canvas name="cape" width="76" height="50">
                <vector name="origin" x="17" y="27" />
                <imgdir name="map">
                    <vector name="navel" x="0" y="0" />
                </imgdir>
                <string name="z" value="backWing" />
            </canvas>
        </imgdir>
        <imgdir name="2">
            <canvas name="cape" width="70" height="50">
                <vector name="origin" x="9" y="26" />
                <imgdir name="map">
                    <vector name="navel" x="0" y="0" />
                </imgdir>
                <string name="z" value="capeOverHead" />
            </canvas>
        </imgdir>
    </imgdir>
    <imgdir name="swingTF">
        <imgdir name="0">
            <canvas name="cape" width="55" height="42">
                <vector name="origin" x="34" y="14" />
                <imgdir name="map">
                    <vector name="navel" x="0" y="0" />
                </imgdir>
                <string name="z" value="backCape" />
            </canvas>
        </imgdir>
        <imgdir name="1">
            <canvas name="cape" width="65" height="41">
                <vector name="origin" x="45" y="15" />
                <imgdir name="map">
                    <vector name="navel" x="0" y="0" />
                </imgdir>
                <string name="z" value="backWing" />
            </canvas>
        </imgdir>
        <imgdir name="2">
            <canvas name="cape" width="63" height="41">
                <vector name="origin" x="12" y="19" />
                <imgdir name="map">
                    <vector name="navel" x="0" y="0" />
                </imgdir>
                <string name="z" value="backWing" />
            </canvas>
        </imgdir>
        <imgdir name="3">
            <canvas name="cape" width="82" height="52">
                <vector name="origin" x="14" y="30" />
                <imgdir name="map">
                    <vector name="navel" x="0" y="0" />
                </imgdir>
                <string name="z" value="backWing" />
            </canvas>
        </imgdir>
    </imgdir>
    <imgdir name="swingP1">
        <imgdir name="0">
            <canvas name="cape" width="76" height="41">
                <vector name="origin" x="37" y="16" />
                <imgdir name="map">
                    <vector name="navel" x="0" y="0" />
                </imgdir>
                <string name="z" value="backWing" />
            </canvas>
        </imgdir>
        <imgdir name="1">
            <canvas name="cape" width="68" height="41">
                <vector name="origin" x="11" y="19" />
                <imgdir name="map">
                    <vector name="navel" x="0" y="0" />
                </imgdir>
                <string name="z" value="backWing" />
            </canvas>
        </imgdir>
        <imgdir name="2">
            <canvas name="cape" width="82" height="52">
                <vector name="origin" x="11" y="30" />
                <imgdir name="map">
                    <vector name="navel" x="0" y="0" />
                </imgdir>
                <string name="z" value="backWing" />
            </canvas>
        </imgdir>
    </imgdir>
    <imgdir name="swingP2">
        <imgdir name="0">
            <canvas name="cape" width="54" height="39">
                <vector name="origin" x="5" y="15" />
                <imgdir name="map">
                    <vector name="navel" x="0" y="0" />
                </imgdir>
                <string name="z" value="capeOverHead" />
            </canvas>
        </imgdir>
        <imgdir name="1">
            <canvas name="cape" width="75" height="40">
                <vector name="origin" x="23" y="17" />
                <imgdir name="map">
                    <vector name="navel" x="0" y="0" />
                </imgdir>
                <string name="z" value="backWing" />
            </canvas>
        </imgdir>
        <imgdir name="2">
            <canvas name="cape" width="100" height="45">
                <vector name="origin" x="32" y="24" />
                <imgdir name="map">
                    <vector name="navel" x="0" y="0" />
                </imgdir>
                <string name="z" value="backWing" />
            </canvas>
        </imgdir>
    </imgdir>
    <imgdir name="swingPF">
        <imgdir name="0">
            <canvas name="cape" width="79" height="38">
                <vector name="origin" x="31" y="17" />
                <imgdir name="map">
                    <vector name="navel" x="0" y="0" />
                </imgdir>
                <string name="z" value="backWing" />
            </canvas>
        </imgdir>
        <imgdir name="1">
            <canvas name="cape" width="93" height="40">
                <vector name="origin" x="35" y="18" />
                <imgdir name="map">
                    <vector name="navel" x="0" y="0" />
                </imgdir>
                <string name="z" value="backWing" />
            </canvas>
        </imgdir>
        <imgdir name="2">
            <canvas name="cape" width="59" height="73">
                <vector name="origin" x="24" y="17" />
                <imgdir name="map">
                    <vector name="navel" x="0" y="0" />
                </imgdir>
                <string name="z" value="backWing" />
            </canvas>
        </imgdir>
        <imgdir name="3">
            <canvas name="cape" width="66" height="41">
                <vector name="origin" x="10" y="18" />
                <imgdir name="map">
                    <vector name="navel" x="0" y="0" />
                </imgdir>
                <string name="z" value="capeOverHead" />
            </canvas>
        </imgdir>
    </imgdir>
    <imgdir name="stabO1">
        <imgdir name="0">
            <canvas name="cape" width="69" height="38">
                <vector name="origin" x="44" y="15" />
                <imgdir name="map">
                    <vector name="navel" x="0" y="0" />
                </imgdir>
                <string name="z" value="backWing" />
            </canvas>
        </imgdir>
        <imgdir name="1">
            <canvas name="cape" width="67" height="42">
                <vector name="origin" x="8" y="22" />
                <imgdir name="map">
                    <vector name="navel" x="0" y="0" />
                </imgdir>
                <string name="z" value="capeOverHead" />
            </canvas>
        </imgdir>
    </imgdir>
    <imgdir name="stabO2">
        <imgdir name="0">
            <canvas name="cape" width="69" height="41">
                <vector name="origin" x="45" y="15" />
                <imgdir name="map">
                    <vector name="navel" x="0" y="0" />
                </imgdir>
                <string name="z" value="backWing" />
            </canvas>
        </imgdir>
        <imgdir name="1">
            <canvas name="cape" width="64" height="42">
                <vector name="origin" x="6" y="21" />
                <imgdir name="map">
                    <vector name="navel" x="0" y="0" />
                </imgdir>
                <string name="z" value="capeOverHead" />
            </canvas>
        </imgdir>
    </imgdir>
    <imgdir name="stabOF">
        <imgdir name="0">
            <canvas name="cape" width="67" height="38">
                <vector name="origin" x="28" y="19" />
                <imgdir name="map">
                    <vector name="navel" x="0" y="0" />
                </imgdir>
                <string name="z" value="backWing" />
            </canvas>
        </imgdir>
        <imgdir name="1">
            <canvas name="cape" width="67" height="41">
                <vector name="origin" x="18" y="15" />
                <imgdir name="map">
                    <vector name="navel" x="0" y="0" />
                </imgdir>
                <string name="z" value="backWing" />
            </canvas>
        </imgdir>
        <imgdir name="2">
            <canvas name="cape" width="82" height="50">
                <vector name="origin" x="14" y="28" />
                <imgdir name="map">
                    <vector name="navel" x="0" y="0" />
                </imgdir>
                <string name="z" value="backWing" />
            </canvas>
        </imgdir>
    </imgdir>
    <imgdir name="stabT1">
        <imgdir name="0">
            <canvas name="cape" width="72" height="42">
                <vector name="origin" x="40" y="18" />
                <imgdir name="map">
                    <vector name="navel" x="0" y="0" />
                </imgdir>
                <string name="z" value="backWing" />
            </canvas>
        </imgdir>
        <imgdir name="1">
            <canvas name="cape" width="68" height="44">
                <vector name="origin" x="32" y="16" />
                <imgdir name="map">
                    <vector name="navel" x="0" y="0" />
                </imgdir>
                <string name="z" value="backWing" />
            </canvas>
        </imgdir>
        <imgdir name="2">
            <canvas name="cape" width="83" height="37">
                <vector name="origin" x="22" y="17" />
                <imgdir name="map">
                    <vector name="navel" x="0" y="0" />
                </imgdir>
                <string name="z" value="backWing" />
            </canvas>
        </imgdir>
    </imgdir>
    <imgdir name="stabT2">
        <imgdir name="0">
            <canvas name="cape" width="72" height="42">
                <vector name="origin" x="38" y="19" />
                <imgdir name="map">
                    <vector name="navel" x="0" y="0" />
                </imgdir>
                <string name="z" value="backWing" />
            </canvas>
        </imgdir>
        <imgdir name="1">
            <canvas name="cape" width="68" height="44">
                <vector name="origin" x="34" y="19" />
                <imgdir name="map">
                    <vector name="navel" x="0" y="0" />
                </imgdir>
                <string name="z" value="backWing" />
            </canvas>
        </imgdir>
        <imgdir name="2">
            <canvas name="cape" width="83" height="37">
                <vector name="origin" x="24" y="17" />
                <imgdir name="map">
                    <vector name="navel" x="0" y="0" />
                </imgdir>
                <string name="z" value="backWing" />
            </canvas>
        </imgdir>
    </imgdir>
    <imgdir name="stabTF">
        <imgdir name="0">
            <uol name="cape" value="../../swingPF/0/cape" />
        </imgdir>
        <imgdir name="1">
            <uol name="cape" value="../../swingPF/1/cape" />
        </imgdir>
        <imgdir name="2">
            <canvas name="cape" width="64" height="55">
                <vector name="origin" x="37" y="22" />
                <imgdir name="map">
                    <vector name="navel" x="0" y="0" />
                </imgdir>
                <string name="z" value="backWing" />
            </canvas>
        </imgdir>
        <imgdir name="3">
            <canvas name="cape" width="67" height="42">
                <vector name="origin" x="8" y="22" />
                <imgdir name="map">
                    <vector name="navel" x="0" y="0" />
                </imgdir>
                <string name="z" value="backWing" />
            </canvas>
        </imgdir>
    </imgdir>
    <imgdir name="shoot1">
        <imgdir name="0">
            <canvas name="cape" width="53" height="44">
                <vector name="origin" x="20" y="16" />
                <imgdir name="map">
                    <vector name="navel" x="0" y="0" />
                </imgdir>
                <string name="z" value="backWing" />
            </canvas>
        </imgdir>
        <imgdir name="1">
            <canvas name="cape" width="63" height="42">
                <vector name="origin" x="26" y="16" />
                <imgdir name="map">
                    <vector name="navel" x="0" y="0" />
                </imgdir>
                <string name="z" value="backWing" />
            </canvas>
        </imgdir>
        <imgdir name="2">
            <uol name="cape" value="../1/cape" />
        </imgdir>
    </imgdir>
    <imgdir name="shoot2">
        <imgdir name="0">
            <canvas name="cape" width="57" height="41">
                <vector name="origin" x="23" y="17" />
                <imgdir name="map">
                    <vector name="navel" x="0" y="0" />
                </imgdir>
                <string name="z" value="backWing" />
            </canvas>
        </imgdir>
        <imgdir name="1">
            <canvas name="cape" width="63" height="42">
                <vector name="origin" x="29" y="17" />
                <imgdir name="map">
                    <vector name="navel" x="0" y="0" />
                </imgdir>
                <string name="z" value="backWing" />
            </canvas>
        </imgdir>
        <imgdir name="2">
            <canvas name="cape" width="53" height="45">
                <vector name="origin" x="22" y="17" />
                <imgdir name="map">
                    <vector name="navel" x="0" y="0" />
                </imgdir>
                <string name="z" value="backWing" />
            </canvas>
        </imgdir>
        <imgdir name="3">
            <canvas name="cape" width="63" height="43">
                <vector name="origin" x="28" y="17" />
                <imgdir name="map">
                    <vector name="navel" x="0" y="0" />
                </imgdir>
                <string name="z" value="backWing" />
            </canvas>
        </imgdir>
        <imgdir name="4">
            <canvas name="cape" width="74" height="46">
                <vector name="origin" x="32" y="17" />
                <imgdir name="map">
                    <vector name="navel" x="0" y="0" />
                </imgdir>
                <string name="z" value="backWing" />
            </canvas>
        </imgdir>
    </imgdir>
    <imgdir name="shootF">
        <imgdir name="0">
            <canvas name="cape" width="64" height="39">
                <vector name="origin" x="43" y="15" />
                <imgdir name="map">
                    <vector name="navel" x="0" y="0" />
                </imgdir>
                <string name="z" value="backWing" />
            </canvas>
        </imgdir>
        <imgdir name="1">
            <canvas name="cape" width="81" height="46">
                <vector name="origin" x="61" y="16" />
                <imgdir name="map">
                    <vector name="navel" x="0" y="0" />
                </imgdir>
                <string name="z" value="backWing" />
            </canvas>
        </imgdir>
        <imgdir name="2">
            <uol name="cape" value="../1/cape" />
        </imgdir>
    </imgdir>
    <imgdir name="proneStab">
        <imgdir name="0">
            <canvas name="cape" width="52" height="28">
                <vector name="origin" x="15" y="22" />
                <imgdir name="map">
                    <vector name="navel" x="0" y="0" />
                </imgdir>
                <string name="z" value="cape" />
            </canvas>
        </imgdir>
        <imgdir name="1">
            <canvas name="cape" width="48" height="29">
                <vector name="origin" x="15" y="24" />
                <imgdir name="map">
                    <vector name="navel" x="0" y="0" />
                </imgdir>
                <string name="z" value="cape" />
            </canvas>
        </imgdir>
    </imgdir>
    <imgdir name="prone">
        <imgdir name="0">
            <uol name="cape" value="../../proneStab/0/cape" />
        </imgdir>
    </imgdir>
    <imgdir name="heal">
        <imgdir name="0">
            <uol name="cape" value="../../alert/1/cape" />
        </imgdir>
        <imgdir name="1">
            <uol name="cape" value="../../swingO2/1/cape" />
        </imgdir>
        <imgdir name="2">
            <uol name="cape" value="../../swingO2/0/cape" />
        </imgdir>
    </imgdir>
    <imgdir name="fly">
        <imgdir name="0">
            <canvas name="cape" width="65" height="45">
                <vector name="origin" x="16" y="17" />
                <imgdir name="map">
                    <vector name="navel" x="0" y="0" />
                </imgdir>
                <string name="z" value="backWing" />
            </canvas>
        </imgdir>
        <imgdir name="1">
            <canvas name="cape" width="76" height="44">
                <vector name="origin" x="18" y="17" />
                <imgdir name="map">
                    <vector name="navel" x="0" y="0" />
                </imgdir>
                <string name="z" value="backWing" />
            </canvas>
        </imgdir>
    </imgdir>
    <imgdir name="jump">
        <imgdir name="0">
            <canvas name="cape" width="89" height="42">
                <vector name="origin" x="34" y="16" />
                <imgdir name="map">
                    <vector name="navel" x="0" y="0" />
                </imgdir>
                <string name="z" value="backWing" />
            </canvas>
        </imgdir>
    </imgdir>
    <imgdir name="sit">
        <imgdir name="0">
            <canvas name="cape" width="61" height="43">
                <vector name="origin" x="26" y="16" />
                <imgdir name="map">
                    <vector name="navel" x="0" y="0" />
                </imgdir>
                <string name="z" value="backWing" />
            </canvas>
        </imgdir>
    </imgdir>
    <imgdir name="ladder">
        <imgdir name="0">
            <canvas name="cape" width="44" height="47">
                <vector name="origin" x="21" y="12" />
                <imgdir name="map">
                    <vector name="navel" x="0" y="0" />
                </imgdir>
                <string name="z" value="backCape" />
            </canvas>
        </imgdir>
        <imgdir name="1">
            <canvas name="cape" width="41" height="54">
                <vector name="origin" x="20" y="12" />
                <imgdir name="map">
                    <vector name="navel" x="0" y="0" />
                </imgdir>
                <string name="z" value="backCape" />
            </canvas>
        </imgdir>
    </imgdir>
    <imgdir name="rope">
        <imgdir name="0">
            <canvas name="cape" width="37" height="50">
                <vector name="origin" x="20" y="12" />
                <imgdir name="map">
                    <vector name="navel" x="0" y="0" />
                </imgdir>
                <string name="z" value="backCape" />
            </canvas>
        </imgdir>
        <imgdir name="1">
            <canvas name="cape" width="43" height="52">
                <vector name="origin" x="22" y="13" />
                <imgdir name="map">
                    <vector name="navel" x="0" y="0" />
                </imgdir>
                <string name="z" value="backCape" />
            </canvas>
        </imgdir>
    </imgdir>
</imgdir>