<?xml version="1.0" encoding="utf-8" standalone="yes"?>
<imgdir name="01102259.img">
    <imgdir name="info">
        <canvas name="icon" width="35" height="32">
            <vector name="origin" x="-1" y="32" />
        </canvas>
        <canvas name="iconRaw" width="34" height="28">
            <vector name="origin" x="-1" y="30" />
        </canvas>
        <string name="islot" value="Sr" />
        <string name="vslot" value="Sr" />
        <int name="reqJob" value="0" />
        <int name="reqLevel" value="0" />
        <int name="reqSTR" value="0" />
        <int name="reqDEX" value="0" />
        <int name="reqINT" value="0" />
        <int name="reqLUK" value="0" />
        <int name="cash" value="1" />
    </imgdir>
    <imgdir name="walk1">
        <imgdir name="0">
            <canvas name="cape" width="110" height="90">
                <vector name="origin" x="4" y="0" />
                <imgdir name="map">
                    <vector name="navel" x="4" y="91" />
                </imgdir>
                <string name="z" value="backWing" />
            </canvas>
        </imgdir>
        <imgdir name="1">
            <canvas name="cape" width="107" height="94">
                <vector name="origin" x="6" y="-4" />
                <imgdir name="map">
                    <vector name="navel" x="0" y="93" />
                </imgdir>
                <string name="z" value="backWing" />
            </canvas>
        </imgdir>
        <imgdir name="2">
            <canvas name="cape" width="108" height="88">
                <vector name="origin" x="4" y="1" />
                <imgdir name="map">
                    <vector name="navel" x="2" y="88" />
                </imgdir>
                <string name="z" value="backWing" />
            </canvas>
        </imgdir>
        <imgdir name="3">
            <canvas name="cape" width="109" height="91">
                <vector name="origin" x="2" y="0" />
                <imgdir name="map">
                    <vector name="navel" x="4" y="93" />
                </imgdir>
                <string name="z" value="backWing" />
            </canvas>
        </imgdir>
    </imgdir>
    <imgdir name="walk2">
        <imgdir name="0">
            <canvas name="cape" width="110" height="85">
                <vector name="origin" x="4" y="-6" />
                <imgdir name="map">
                    <vector name="navel" x="4" y="91" />
                </imgdir>
                <string name="z" value="backWing" />
            </canvas>
        </imgdir>
        <imgdir name="1">
            <canvas name="cape" width="107" height="87">
                <vector name="origin" x="6" y="-10" />
                <imgdir name="map">
                    <vector name="navel" x="0" y="93" />
                </imgdir>
                <string name="z" value="backWing" />
            </canvas>
        </imgdir>
        <imgdir name="2">
            <canvas name="cape" width="108" height="83">
                <vector name="origin" x="4" y="-5" />
                <imgdir name="map">
                    <vector name="navel" x="2" y="88" />
                </imgdir>
                <string name="z" value="backWing" />
            </canvas>
        </imgdir>
        <imgdir name="3">
            <canvas name="cape" width="109" height="89">
                <vector name="origin" x="2" y="-6" />
                <imgdir name="map">
                    <vector name="navel" x="4" y="93" />
                </imgdir>
                <string name="z" value="backWing" />
            </canvas>
        </imgdir>
    </imgdir>
    <imgdir name="stand1">
        <imgdir name="0">
            <canvas name="cape" width="107" height="90">
                <vector name="origin" x="8" y="-9" />
                <imgdir name="map">
                    <vector name="navel" x="-1" y="96" />
                </imgdir>
                <string name="z" value="backWing" />
            </canvas>
        </imgdir>
        <imgdir name="1">
            <canvas name="cape" width="109" height="93">
                <vector name="origin" x="12" y="-3" />
                <imgdir name="map">
                    <vector name="navel" x="0" y="94" />
                </imgdir>
                <string name="z" value="backWing" />
            </canvas>
        </imgdir>
        <imgdir name="2">
            <canvas name="cape" width="110" height="95">
                <vector name="origin" x="12" y="-2" />
                <imgdir name="map">
                    <vector name="navel" x="5" y="95" />
                </imgdir>
                <string name="z" value="backWing" />
            </canvas>
        </imgdir>
    </imgdir>
    <imgdir name="stand2">
        <imgdir name="0">
            <canvas name="cape" width="107" height="89">
                <vector name="origin" x="7" y="-8" />
                <imgdir name="map">
                    <vector name="navel" x="-1" y="96" />
                </imgdir>
                <string name="z" value="backWing" />
            </canvas>
        </imgdir>
        <imgdir name="1">
            <canvas name="cape" width="109" height="91">
                <vector name="origin" x="11" y="-2" />
                <imgdir name="map">
                    <vector name="navel" x="0" y="94" />
                </imgdir>
                <string name="z" value="backWing" />
            </canvas>
        </imgdir>
        <imgdir name="2">
            <canvas name="cape" width="110" height="93">
                <vector name="origin" x="11" y="-1" />
                <imgdir name="map">
                    <vector name="navel" x="5" y="95" />
                </imgdir>
                <string name="z" value="backWing" />
            </canvas>
        </imgdir>
    </imgdir>
    <imgdir name="alert">
        <imgdir name="0">
            <canvas name="cape" width="107" height="84">
                <vector name="origin" x="13" y="-7" />
                <imgdir name="map">
                    <vector name="navel" x="-2" y="92" />
                </imgdir>
                <string name="z" value="backWing" />
            </canvas>
        </imgdir>
        <imgdir name="1">
            <canvas name="cape" width="109" height="87">
                <vector name="origin" x="16" y="-4" />
                <imgdir name="map">
                    <vector name="navel" x="-3" y="90" />
                </imgdir>
                <string name="z" value="backWing" />
            </canvas>
        </imgdir>
        <imgdir name="2">
            <canvas name="cape" width="110" height="91">
                <vector name="origin" x="16" y="-3" />
                <imgdir name="map">
                    <vector name="navel" x="-2" y="90" />
                </imgdir>
                <string name="z" value="backWing" />
            </canvas>
        </imgdir>
    </imgdir>
    <imgdir name="swingO1">
        <imgdir name="0">
            <canvas name="cape" width="107" height="83">
                <vector name="origin" x="2" y="-13" />
                <imgdir name="map">
                    <vector name="navel" x="5" y="93" />
                </imgdir>
                <string name="z" value="capeOverHead" />
            </canvas>
        </imgdir>
        <imgdir name="1">
            <canvas name="cape" width="109" height="90">
                <vector name="origin" x="-5" y="2" />
                <imgdir name="map">
                    <vector name="navel" x="6" y="87" />
                </imgdir>
                <string name="z" value="capeOverHead" />
            </canvas>
        </imgdir>
        <imgdir name="2">
            <canvas name="cape" width="124" height="89">
                <vector name="origin" x="2" y="13" />
                <imgdir name="map">
                    <vector name="navel" x="4" y="73" />
                </imgdir>
                <string name="z" value="backWing" />
            </canvas>
        </imgdir>
    </imgdir>
    <imgdir name="swingO2">
        <imgdir name="0">
            <canvas name="cape" width="107" height="93">
                <vector name="origin" x="-1" y="0" />
                <imgdir name="map">
                    <vector name="navel" x="3" y="91" />
                </imgdir>
                <string name="z" value="backWing" />
            </canvas>
        </imgdir>
        <imgdir name="1">
            <canvas name="cape" width="109" height="92">
                <vector name="origin" x="3" y="6" />
                <imgdir name="map">
                    <vector name="navel" x="6" y="87" />
                </imgdir>
                <string name="z" value="backWing" />
            </canvas>
        </imgdir>
        <imgdir name="2">
            <canvas name="cape" width="122" height="87">
                <vector name="origin" x="9" y="22" />
                <imgdir name="map">
                    <vector name="navel" x="3" y="68" />
                </imgdir>
                <string name="z" value="backWing" />
            </canvas>
        </imgdir>
    </imgdir>
    <imgdir name="swingO3">
        <imgdir name="0">
            <canvas name="cape" width="107" height="86">
                <vector name="origin" x="9" y="-10" />
                <imgdir name="map">
                    <vector name="navel" x="-2" y="94" />
                </imgdir>
                <string name="z" value="backWing" />
            </canvas>
        </imgdir>
        <imgdir name="1">
            <canvas name="cape" width="109" height="85">
                <vector name="origin" x="2" y="-2" />
                <imgdir name="map">
                    <vector name="navel" x="7" y="89" />
                </imgdir>
                <string name="z" value="capeOverHead" />
            </canvas>
        </imgdir>
        <imgdir name="2">
            <canvas name="cape" width="119" height="87">
                <vector name="origin" x="33" y="35" />
                <imgdir name="map">
                    <vector name="navel" x="-32" y="52" />
                </imgdir>
                <string name="z" value="capeOverHead" />
            </canvas>
        </imgdir>
    </imgdir>
    <imgdir name="swingOF">
        <imgdir name="0">
            <canvas name="cape" width="109" height="90">
                <vector name="origin" x="14" y="-4" />
                <imgdir name="map">
                    <vector name="navel" x="1" y="93" />
                </imgdir>
                <string name="z" value="backWing" />
                <imgdir name="swingOF">
                    <imgdir name="0">
                        <canvas name="cape" width="62" height="104">
                            <vector name="origin" x="1" y="12" />
                            <imgdir name="map">
                                <vector name="navel" x="1" y="93" />
                            </imgdir>
                            <string name="z" value="backWing" />
                        </canvas>
                    </imgdir>
                    <imgdir name="1">
                        <canvas name="cape" width="54" height="102">
                            <vector name="origin" x="20" y="7" />
                            <imgdir name="map">
                                <vector name="navel" x="30" y="95" />
                            </imgdir>
                            <string name="z" value="capeOverHead" />
                        </canvas>
                    </imgdir>
                    <imgdir name="2">
                        <canvas name="cape" width="54" height="103">
                            <vector name="origin" x="19" y="10" />
                            <imgdir name="map">
                                <vector name="navel" x="-13" y="98" />
                            </imgdir>
                            <string name="z" value="capeOverHead" />
                        </canvas>
                    </imgdir>
                    <imgdir name="3">
                        <canvas name="cape" width="62" height="104">
                            <vector name="origin" x="-5" y="50" />
                            <imgdir name="map">
                                <vector name="navel" x="6" y="57" />
                            </imgdir>
                            <string name="z" value="backWing" />
                        </canvas>
                    </imgdir>
                </imgdir>
            </canvas>
        </imgdir>
        <imgdir name="1">
            <canvas name="cape" width="109" height="85">
                <vector name="origin" x="29" y="-5" />
                <imgdir name="map">
                    <vector name="navel" x="30" y="95" />
                </imgdir>
                <string name="z" value="capeOverHead" />
            </canvas>
        </imgdir>
        <imgdir name="2">
            <canvas name="cape" width="107" height="88">
                <vector name="origin" x="15" y="-6" />
                <imgdir name="map">
                    <vector name="navel" x="-13" y="98" />
                </imgdir>
                <string name="z" value="capeOverHead" />
            </canvas>
        </imgdir>
        <imgdir name="3">
            <canvas name="cape" width="120" height="90">
                <vector name="origin" x="18" y="36" />
                <imgdir name="map">
                    <vector name="navel" x="6" y="57" />
                </imgdir>
                <string name="z" value="backWing" />
            </canvas>
        </imgdir>
    </imgdir>
    <imgdir name="swingT1">
        <imgdir name="0">
            <canvas name="cape" width="107" height="91">
                <vector name="origin" x="-4" y="-4" />
                <imgdir name="map">
                    <vector name="navel" x="2" y="91" />
                </imgdir>
                <string name="z" value="backWing" />
            </canvas>
        </imgdir>
        <imgdir name="1">
            <canvas name="cape" width="109" height="91">
                <vector name="origin" x="0" y="2" />
                <imgdir name="map">
                    <vector name="navel" x="8" y="88" />
                </imgdir>
                <string name="z" value="backWing" />
            </canvas>
        </imgdir>
        <imgdir name="2">
            <canvas name="cape" width="120" height="90">
                <vector name="origin" x="-1" y="20" />
                <imgdir name="map">
                    <vector name="navel" x="4" y="70" />
                </imgdir>
                <string name="z" value="backWing" />
            </canvas>
        </imgdir>
    </imgdir>
    <imgdir name="swingT2">
        <imgdir name="0">
            <canvas name="cape" width="107" height="95">
                <vector name="origin" x="-1" y="0" />
                <imgdir name="map">
                    <vector name="navel" x="3" y="91" />
                </imgdir>
                <string name="z" value="backWing" />
            </canvas>
        </imgdir>
        <imgdir name="1">
            <canvas name="cape" width="109" height="89">
                <vector name="origin" x="-6" y="-5" />
                <imgdir name="map">
                    <vector name="navel" x="9" y="92" />
                </imgdir>
                <string name="z" value="backWing" />
            </canvas>
        </imgdir>
        <imgdir name="2">
            <canvas name="cape" width="121" height="88">
                <vector name="origin" x="1" y="18" />
                <imgdir name="map">
                    <vector name="navel" x="7" y="70" />
                </imgdir>
                <string name="z" value="backWing" />
            </canvas>
        </imgdir>
    </imgdir>
    <imgdir name="swingT3">
        <imgdir name="0">
            <canvas name="cape" width="107" height="90">
                <vector name="origin" x="20" y="-12" />
                <imgdir name="map">
                    <vector name="navel" x="-21" y="102" />
                </imgdir>
                <string name="z" value="backWing" />
            </canvas>
        </imgdir>
        <imgdir name="1">
            <canvas name="cape" width="109" height="85">
                <vector name="origin" x="0" y="-4" />
                <imgdir name="map">
                    <vector name="navel" x="9" y="91" />
                </imgdir>
                <string name="z" value="backWing" />
            </canvas>
        </imgdir>
        <imgdir name="2">
            <canvas name="cape" width="121" height="91">
                <vector name="origin" x="-6" y="15" />
                <imgdir name="map">
                    <vector name="navel" x="10" y="75" />
                </imgdir>
                <string name="z" value="capeOverHead" />
            </canvas>
        </imgdir>
    </imgdir>
    <imgdir name="swingTF">
        <imgdir name="0">
            <canvas name="cape" width="110" height="96">
                <vector name="origin" x="4" y="3" />
                <imgdir name="map">
                    <vector name="navel" x="49" y="95" />
                </imgdir>
                <string name="z" value="capeOverHead" />
            </canvas>
        </imgdir>
        <imgdir name="1">
            <canvas name="cape" width="109" height="90">
                <vector name="origin" x="22" y="-16" />
                <imgdir name="map">
                    <vector name="navel" x="-22" y="104" />
                </imgdir>
                <string name="z" value="backWing" />
            </canvas>
        </imgdir>
        <imgdir name="2">
            <canvas name="cape" width="107" height="87">
                <vector name="origin" x="21" y="-5" />
                <imgdir name="map">
                    <vector name="navel" x="-18" y="93" />
                </imgdir>
                <string name="z" value="backWing" />
            </canvas>
        </imgdir>
        <imgdir name="3">
            <canvas name="cape" width="120" height="85">
                <vector name="origin" x="3" y="28" />
                <imgdir name="map">
                    <vector name="navel" x="3" y="59" />
                </imgdir>
                <string name="z" value="backWing" />
            </canvas>
        </imgdir>
    </imgdir>
    <imgdir name="swingP1">
        <imgdir name="0">
            <canvas name="cape" width="107" height="92">
                <vector name="origin" x="15" y="-3" />
                <imgdir name="map">
                    <vector name="navel" x="-12" y="92" />
                </imgdir>
                <string name="z" value="backWing" />
            </canvas>
        </imgdir>
        <imgdir name="1">
            <canvas name="cape" width="109" height="94">
                <vector name="origin" x="-5" y="5" />
                <imgdir name="map">
                    <vector name="navel" x="7" y="88" />
                </imgdir>
                <string name="z" value="backWing" />
            </canvas>
        </imgdir>
        <imgdir name="2">
            <canvas name="cape" width="119" height="92">
                <vector name="origin" x="3" y="23" />
                <imgdir name="map">
                    <vector name="navel" x="2" y="69" />
                </imgdir>
                <string name="z" value="backWing" />
            </canvas>
        </imgdir>
    </imgdir>
    <imgdir name="swingP2">
        <imgdir name="0">
            <canvas name="cape" width="107" height="93">
                <vector name="origin" x="0" y="-4" />
                <imgdir name="map">
                    <vector name="navel" x="2" y="95" />
                </imgdir>
                <string name="z" value="backWing" />
            </canvas>
        </imgdir>
        <imgdir name="1">
            <canvas name="cape" width="109" height="92">
                <vector name="origin" x="-2" y="-3" />
                <imgdir name="map">
                    <vector name="navel" x="6" y="94" />
                </imgdir>
                <string name="z" value="backWing" />
            </canvas>
        </imgdir>
        <imgdir name="2">
            <canvas name="cape" width="120" height="86">
                <vector name="origin" x="7" y="16" />
                <imgdir name="map">
                    <vector name="navel" x="4" y="70" />
                </imgdir>
                <string name="z" value="backWing" />
            </canvas>
        </imgdir>
    </imgdir>
    <imgdir name="swingPF">
        <imgdir name="0">
            <canvas name="cape" width="107" height="89">
                <vector name="origin" x="-5" y="-2" />
                <imgdir name="map">
                    <vector name="navel" x="4" y="90" />
                </imgdir>
                <string name="z" value="backWing" />
            </canvas>
        </imgdir>
        <imgdir name="1">
            <canvas name="cape" width="109" height="90">
                <vector name="origin" x="4" y="-6" />
                <imgdir name="map">
                    <vector name="navel" x="-3" y="95" />
                </imgdir>
                <string name="z" value="backWing" />
            </canvas>
        </imgdir>
        <imgdir name="2">
            <canvas name="cape" width="110" height="94">
                <vector name="origin" x="8" y="-13" />
                <imgdir name="map">
                    <vector name="navel" x="1" y="104" />
                </imgdir>
                <string name="z" value="backWing" />
            </canvas>
        </imgdir>
        <imgdir name="3">
            <canvas name="cape" width="118" height="89">
                <vector name="origin" x="7" y="29" />
                <imgdir name="map">
                    <vector name="navel" x="5" y="58" />
                </imgdir>
                <string name="z" value="capeOverHead" />
            </canvas>
        </imgdir>
    </imgdir>
    <imgdir name="stabO1">
        <imgdir name="0">
            <canvas name="cape" width="109" height="91">
                <vector name="origin" x="26" y="-12" />
                <imgdir name="map">
                    <vector name="navel" x="-23" y="102" />
                </imgdir>
                <string name="z" value="backWing" />
            </canvas>
        </imgdir>
        <imgdir name="1">
            <canvas name="cape" width="120" height="92">
                <vector name="origin" x="8" y="19" />
                <imgdir name="map">
                    <vector name="navel" x="5" y="72" />
                </imgdir>
                <string name="z" value="backWing" />
            </canvas>
        </imgdir>
    </imgdir>
    <imgdir name="stabO2">
        <imgdir name="0">
            <canvas name="cape" width="110" height="95">
                <vector name="origin" x="7" y="7" />
                <imgdir name="map">
                    <vector name="navel" x="-2" y="86" />
                </imgdir>
                <string name="z" value="backWing" />
            </canvas>
        </imgdir>
        <imgdir name="1">
            <canvas name="cape" width="120" height="87">
                <vector name="origin" x="5" y="17" />
                <imgdir name="map">
                    <vector name="navel" x="7" y="69" />
                </imgdir>
                <string name="z" value="capeOverHead" />
            </canvas>
        </imgdir>
    </imgdir>
    <imgdir name="stabOF">
        <imgdir name="0">
            <canvas name="cape" width="107" height="86">
                <vector name="origin" x="25" y="-7" />
                <imgdir name="map">
                    <vector name="navel" x="-18" y="97" />
                </imgdir>
                <string name="z" value="backWing" />
            </canvas>
        </imgdir>
        <imgdir name="1">
            <canvas name="cape" width="109" height="91">
                <vector name="origin" x="-12" y="-3" />
                <imgdir name="map">
                    <vector name="navel" x="11" y="93" />
                </imgdir>
                <string name="z" value="backWing" />
            </canvas>
        </imgdir>
        <imgdir name="2">
            <canvas name="cape" width="120" height="87">
                <vector name="origin" x="-2" y="17" />
                <imgdir name="map">
                    <vector name="navel" x="8" y="70" />
                </imgdir>
                <string name="z" value="backWing" />
            </canvas>
        </imgdir>
    </imgdir>
    <imgdir name="stabT1">
        <imgdir name="0">
            <canvas name="cape" width="107" height="87">
                <vector name="origin" x="4" y="-6" />
                <imgdir name="map">
                    <vector name="navel" x="4" y="91" />
                </imgdir>
                <string name="z" value="backWing" />
            </canvas>
        </imgdir>
        <imgdir name="1">
            <canvas name="cape" width="109" height="83">
                <vector name="origin" x="0" y="-11" />
                <imgdir name="map">
                    <vector name="navel" x="4" y="95" />
                </imgdir>
                <string name="z" value="backWing" />
            </canvas>
        </imgdir>
        <imgdir name="2">
            <canvas name="cape" width="120" height="86">
                <vector name="origin" x="6" y="4" />
                <imgdir name="map">
                    <vector name="navel" x="2" y="80" />
                </imgdir>
                <string name="z" value="backWing" />
            </canvas>
        </imgdir>
    </imgdir>
    <imgdir name="stabT2">
        <imgdir name="0">
            <canvas name="cape" width="106" height="84">
                <vector name="origin" x="1" y="-3" />
                <imgdir name="map">
                    <vector name="navel" x="4" y="90" />
                </imgdir>
                <string name="z" value="backWing" />
            </canvas>
        </imgdir>
        <imgdir name="1">
            <canvas name="cape" width="109" height="80">
                <vector name="origin" x="7" y="-7" />
                <imgdir name="map">
                    <vector name="navel" x="3" y="92" />
                </imgdir>
                <string name="z" value="backWing" />
            </canvas>
        </imgdir>
        <imgdir name="2">
            <canvas name="cape" width="120" height="85">
                <vector name="origin" x="8" y="13" />
                <imgdir name="map">
                    <vector name="navel" x="3" y="72" />
                </imgdir>
                <string name="z" value="backWing" />
            </canvas>
        </imgdir>
    </imgdir>
    <imgdir name="stabTF">
        <imgdir name="2">
            <canvas name="cape" width="109" height="93">
                <vector name="origin" x="0" y="-3" />
                <imgdir name="map">
                    <vector name="navel" x="0" y="96" />
                </imgdir>
                <string name="z" value="backWing" />
            </canvas>
        </imgdir>
        <imgdir name="3">
            <canvas name="cape" width="114" height="90">
                <vector name="origin" x="-1" y="35" />
                <imgdir name="map">
                    <vector name="navel" x="2" y="55" />
                </imgdir>
                <string name="z" value="backWing" />
            </canvas>
        </imgdir>
    </imgdir>
    <imgdir name="shoot1">
        <imgdir name="0">
            <canvas name="cape" width="107" height="94">
                <vector name="origin" x="9" y="0" />
                <imgdir name="map">
                    <vector name="navel" x="3" y="91" />
                </imgdir>
                <string name="z" value="backWing" />
            </canvas>
        </imgdir>
        <imgdir name="1">
            <canvas name="cape" width="109" height="96">
                <vector name="origin" x="15" y="8" />
                <imgdir name="map">
                    <vector name="navel" x="-2" y="85" />
                </imgdir>
                <string name="z" value="backWing" />
            </canvas>
        </imgdir>
        <imgdir name="2">
            <canvas name="cape" width="110" height="98">
                <vector name="origin" x="14" y="26" />
                <imgdir name="map">
                    <vector name="navel" x="-1" y="69" />
                </imgdir>
                <string name="z" value="backWing" />
            </canvas>
        </imgdir>
    </imgdir>
    <imgdir name="shoot2">
        <imgdir name="0">
            <canvas name="cape" width="106" height="93">
                <vector name="origin" x="5" y="0" />
                <imgdir name="map">
                    <vector name="navel" x="2" y="91" />
                </imgdir>
                <string name="z" value="backWing" />
            </canvas>
        </imgdir>
        <imgdir name="1">
            <canvas name="cape" width="107" height="94">
                <vector name="origin" x="10" y="-7" />
                <imgdir name="map">
                    <vector name="navel" x="2" y="99" />
                </imgdir>
                <string name="z" value="backWing" />
            </canvas>
        </imgdir>
        <imgdir name="2">
            <canvas name="cape" width="109" height="96">
                <vector name="origin" x="9" y="1" />
                <imgdir name="map">
                    <vector name="navel" x="4" y="93" />
                </imgdir>
                <string name="z" value="backWing" />
            </canvas>
        </imgdir>
        <imgdir name="3">
            <canvas name="cape" width="110" height="98">
                <vector name="origin" x="12" y="16" />
                <imgdir name="map">
                    <vector name="navel" x="1" y="80" />
                </imgdir>
                <string name="z" value="backWing" />
            </canvas>
        </imgdir>
        <imgdir name="4">
            <canvas name="cape" width="110" height="98">
                <vector name="origin" x="14" y="1" />
                <imgdir name="map">
                    <vector name="navel" x="-2" y="95" />
                </imgdir>
                <string name="z" value="backWing" />
            </canvas>
        </imgdir>
    </imgdir>
    <imgdir name="shootF">
        <imgdir name="0">
            <canvas name="cape" width="109" height="95">
                <vector name="origin" x="38" y="-8" />
                <imgdir name="map">
                    <vector name="navel" x="-18" y="101" />
                </imgdir>
                <string name="z" value="backWing" />
            </canvas>
        </imgdir>
        <imgdir name="1">
            <canvas name="cape" width="110" height="96">
                <vector name="origin" x="27" y="3" />
                <imgdir name="map">
                    <vector name="navel" x="-12" y="91" />
                </imgdir>
                <string name="z" value="backWing" />
            </canvas>
        </imgdir>
    </imgdir>
    <imgdir name="proneStab">
        <imgdir name="0">
            <canvas name="cape" width="109" height="88">
                <vector name="origin" x="24" y="1" />
                <imgdir name="map">
                    <vector name="navel" x="4" y="93" />
                </imgdir>
                <string name="z" value="backWing" />
            </canvas>
        </imgdir>
        <imgdir name="1">
            <canvas name="cape" width="110" height="88">
                <vector name="origin" x="21" y="11" />
                <imgdir name="map">
                    <vector name="navel" x="8" y="85" />
                </imgdir>
                <string name="z" value="backWing" />
            </canvas>
        </imgdir>
    </imgdir>
    <imgdir name="prone">
        <imgdir name="0">
            <uol name="cape" value="../../proneStab/0/cape" />
        </imgdir>
    </imgdir>
    <imgdir name="heal">
        <imgdir name="0">
            <uol name="cape" value="../../alert/1/cape" />
        </imgdir>
        <imgdir name="1">
            <uol name="cape" value="../../swingO2/1/cape" />
        </imgdir>
        <imgdir name="2">
            <uol name="cape" value="../../swingO2/0/cape" />
        </imgdir>
    </imgdir>
    <imgdir name="fly">
        <imgdir name="0">
            <canvas name="cape" width="110" height="95">
                <vector name="origin" x="8" y="-1" />
                <imgdir name="map">
                    <vector name="navel" x="-1" y="95" />
                </imgdir>
                <string name="z" value="backWing" />
            </canvas>
        </imgdir>
        <imgdir name="1">
            <canvas name="cape" width="109" height="91">
                <vector name="origin" x="6" y="-3" />
                <imgdir name="map">
                    <vector name="navel" x="0" y="93" />
                </imgdir>
                <string name="z" value="backWing" />
            </canvas>
        </imgdir>
    </imgdir>
    <imgdir name="jump">
        <imgdir name="0">
            <canvas name="cape" width="110" height="94">
                <vector name="origin" x="8" y="6" />
                <imgdir name="map">
                    <vector name="navel" x="0" y="86" />
                </imgdir>
                <string name="z" value="backWing" />
            </canvas>
        </imgdir>
    </imgdir>
    <imgdir name="sit">
        <imgdir name="0">
            <canvas name="cape" width="110" height="98">
                <vector name="origin" x="19" y="-10" />
                <imgdir name="map">
                    <vector name="navel" x="-1" y="107" />
                </imgdir>
                <string name="z" value="backWing" />
            </canvas>
        </imgdir>
    </imgdir>
    <imgdir name="ladder">
        <imgdir name="0">
            <canvas name="cape" width="110" height="96">
                <vector name="origin" x="43" y="-5" />
                <imgdir name="map">
                    <vector name="navel" x="-11" y="101" />
                </imgdir>
                <string name="z" value="weaponOverGlove" />
            </canvas>
        </imgdir>
        <imgdir name="1">
            <canvas name="cape" width="109" height="93">
                <vector name="origin" x="29" y="-6" />
                <imgdir name="map">
                    <vector name="navel" x="1" y="99" />
                </imgdir>
                <string name="z" value="weaponOverGlove" />
            </canvas>
        </imgdir>
    </imgdir>
    <imgdir name="rope">
        <imgdir name="0">
            <canvas name="cape" width="109" height="93">
                <vector name="origin" x="32" y="-20" />
                <imgdir name="map">
                    <vector name="navel" x="-1" y="111" />
                </imgdir>
                <string name="z" value="weaponOverGlove" />
            </canvas>
        </imgdir>
        <imgdir name="1">
            <canvas name="cape" width="110" height="100">
                <vector name="origin" x="31" y="-12" />
                <imgdir name="map">
                    <vector name="navel" x="0" y="110" />
                </imgdir>
                <string name="z" value="weaponOverGlove" />
            </canvas>
        </imgdir>
    </imgdir>
</imgdir>