<?xml version="1.0" encoding="utf-8" standalone="yes"?>
<imgdir name="00012005.img">
    <imgdir name="info">
        <string name="islot" value="Hd" />
        <string name="vslot" value="Hd" />
        <int name="cash" value="0" />
    </imgdir>
    <imgdir name="front">
        <canvas name="head" width="39" height="35">
            <vector name="origin" x="19" y="17" />
            <imgdir name="map">
                <vector name="neck" x="0" y="15" />
                <vector name="earOverHead" x="15" y="10" />
                <vector name="earBelowHead" x="-17" y="9" />
                <vector name="brow" x="-4" y="-5" />
            </imgdir>
            <string name="z" value="head" />
            <string name="group" value="skin" />
        </canvas>
        <canvas name="ear" width="47" height="12">
            <vector name="origin" x="23" y="-1" />
            <imgdir name="map">
                <vector name="neck" x="0" y="15" />
                <vector name="earOverHead" x="15" y="10" />
                <vector name="earBelowHead" x="-17" y="9" />
                <vector name="brow" x="-4" y="-5" />
            </imgdir>
            <string name="z" value="accessoryOverHair" />
            <string name="group" value="skin" />
        </canvas>
    </imgdir>
    <imgdir name="back">
        <canvas name="head" width="41" height="35">
            <vector name="origin" x="20" y="17" />
            <imgdir name="map">
                <vector name="neck" x="0" y="15" />
                <vector name="brow" x="-4" y="-5" />
            </imgdir>
            <string name="z" value="backHead" />
            <string name="group" value="skin" />
        </canvas>
        <canvas name="ear" width="49" height="11">
            <vector name="origin" x="24" y="-1" />
            <imgdir name="map">
                <vector name="neck" x="0" y="15" />
                <vector name="brow" x="-4" y="-5" />
            </imgdir>
            <string name="z" value="backAccessoryOverHead" />
            <string name="group" value="skin" />
        </canvas>
    </imgdir>
    <imgdir name="walk1">
        <imgdir name="0">
            <uol name="head" value="../../front/head" />
            <uol name="ear" value="../../front/ear" />
        </imgdir>
        <imgdir name="1">
            <uol name="head" value="../../front/head" />
            <uol name="ear" value="../../front/ear" />
        </imgdir>
        <imgdir name="2">
            <uol name="head" value="../../front/head" />
            <uol name="ear" value="../../front/ear" />
        </imgdir>
        <imgdir name="3">
            <uol name="head" value="../../front/head" />
            <uol name="ear" value="../../front/ear" />
        </imgdir>
    </imgdir>
    <imgdir name="walk2">
        <imgdir name="0">
            <uol name="head" value="../../front/head" />
            <uol name="ear" value="../../front/ear" />
        </imgdir>
        <imgdir name="1">
            <uol name="head" value="../../front/head" />
            <uol name="ear" value="../../front/ear" />
        </imgdir>
        <imgdir name="2">
            <uol name="head" value="../../front/head" />
            <uol name="ear" value="../../front/ear" />
        </imgdir>
        <imgdir name="3">
            <uol name="head" value="../../front/head" />
            <uol name="ear" value="../../front/ear" />
        </imgdir>
    </imgdir>
    <imgdir name="stand1">
        <imgdir name="0">
            <uol name="head" value="../../front/head" />
            <uol name="ear" value="../../front/ear" />
        </imgdir>
        <imgdir name="1">
            <uol name="head" value="../../front/head" />
            <uol name="ear" value="../../front/ear" />
        </imgdir>
        <imgdir name="2">
            <uol name="head" value="../../front/head" />
            <uol name="ear" value="../../front/ear" />
        </imgdir>
    </imgdir>
    <imgdir name="stand2">
        <imgdir name="0">
            <uol name="head" value="../../front/head" />
            <uol name="ear" value="../../front/ear" />
        </imgdir>
        <imgdir name="1">
            <uol name="head" value="../../front/head" />
            <uol name="ear" value="../../front/ear" />
        </imgdir>
        <imgdir name="2">
            <uol name="head" value="../../front/head" />
            <uol name="ear" value="../../front/ear" />
        </imgdir>
    </imgdir>
    <imgdir name="alert">
        <imgdir name="0">
            <uol name="head" value="../../front/head" />
            <uol name="ear" value="../../front/ear" />
        </imgdir>
        <imgdir name="1">
            <uol name="head" value="../../front/head" />
            <uol name="ear" value="../../front/ear" />
        </imgdir>
        <imgdir name="2">
            <uol name="head" value="../../front/head" />
            <uol name="ear" value="../../front/ear" />
        </imgdir>
    </imgdir>
    <imgdir name="swingO1">
        <imgdir name="0">
            <uol name="head" value="../../front/head" />
            <uol name="ear" value="../../front/ear" />
        </imgdir>
        <imgdir name="1">
            <uol name="head" value="../../front/head" />
            <uol name="ear" value="../../front/ear" />
        </imgdir>
        <imgdir name="2">
            <uol name="head" value="../../front/head" />
            <uol name="ear" value="../../front/ear" />
        </imgdir>
    </imgdir>
    <imgdir name="swingO2">
        <imgdir name="0">
            <uol name="head" value="../../front/head" />
            <uol name="ear" value="../../front/ear" />
        </imgdir>
        <imgdir name="1">
            <uol name="head" value="../../front/head" />
            <uol name="ear" value="../../front/ear" />
        </imgdir>
        <imgdir name="2">
            <uol name="head" value="../../front/head" />
            <uol name="ear" value="../../front/ear" />
        </imgdir>
    </imgdir>
    <imgdir name="swingO3">
        <imgdir name="0">
            <uol name="head" value="../../front/head" />
            <uol name="ear" value="../../front/ear" />
        </imgdir>
        <imgdir name="1">
            <uol name="head" value="../../front/head" />
            <uol name="ear" value="../../front/ear" />
        </imgdir>
        <imgdir name="2">
            <uol name="head" value="../../front/head" />
            <uol name="ear" value="../../front/ear" />
        </imgdir>
    </imgdir>
    <imgdir name="swingOF">
        <imgdir name="0">
            <uol name="head" value="../../front/head" />
            <uol name="ear" value="../../front/ear" />
        </imgdir>
        <imgdir name="1">
            <uol name="head" value="../../back/head" />
            <uol name="ear" value="../../back/ear" />
        </imgdir>
        <imgdir name="2">
            <uol name="head" value="../../front/head" />
            <uol name="ear" value="../../front/ear" />
        </imgdir>
        <imgdir name="3">
            <uol name="head" value="../../front/head" />
            <uol name="ear" value="../../front/ear" />
        </imgdir>
    </imgdir>
    <imgdir name="swingT1">
        <imgdir name="0">
            <uol name="head" value="../../front/head" />
            <uol name="ear" value="../../front/ear" />
        </imgdir>
        <imgdir name="1">
            <uol name="head" value="../../front/head" />
            <uol name="ear" value="../../front/ear" />
        </imgdir>
        <imgdir name="2">
            <uol name="head" value="../../front/head" />
            <uol name="ear" value="../../front/ear" />
        </imgdir>
    </imgdir>
    <imgdir name="swingT2">
        <imgdir name="0">
            <uol name="head" value="../../front/head" />
            <uol name="ear" value="../../front/ear" />
        </imgdir>
        <imgdir name="1">
            <uol name="head" value="../../front/head" />
            <uol name="ear" value="../../front/ear" />
        </imgdir>
        <imgdir name="2">
            <uol name="head" value="../../front/head" />
            <uol name="ear" value="../../front/ear" />
        </imgdir>
    </imgdir>
    <imgdir name="swingT3">
        <imgdir name="0">
            <uol name="head" value="../../front/head" />
            <uol name="ear" value="../../front/ear" />
        </imgdir>
        <imgdir name="1">
            <uol name="head" value="../../front/head" />
            <uol name="ear" value="../../front/ear" />
        </imgdir>
        <imgdir name="2">
            <uol name="head" value="../../front/head" />
            <uol name="ear" value="../../front/ear" />
        </imgdir>
    </imgdir>
    <imgdir name="swingTF">
        <imgdir name="0">
            <uol name="head" value="../../back/head" />
            <uol name="ear" value="../../back/ear" />
        </imgdir>
        <imgdir name="1">
            <uol name="head" value="../../front/head" />
            <uol name="ear" value="../../front/ear" />
        </imgdir>
        <imgdir name="2">
            <uol name="head" value="../../front/head" />
            <uol name="ear" value="../../front/ear" />
        </imgdir>
        <imgdir name="3">
            <uol name="head" value="../../front/head" />
            <uol name="ear" value="../../front/ear" />
        </imgdir>
    </imgdir>
    <imgdir name="swingP1">
        <imgdir name="0">
            <uol name="head" value="../../front/head" />
            <uol name="ear" value="../../front/ear" />
        </imgdir>
        <imgdir name="1">
            <uol name="head" value="../../front/head" />
            <uol name="ear" value="../../front/ear" />
        </imgdir>
        <imgdir name="2">
            <uol name="head" value="../../front/head" />
            <uol name="ear" value="../../front/ear" />
        </imgdir>
    </imgdir>
    <imgdir name="swingP2">
        <imgdir name="0">
            <uol name="head" value="../../front/head" />
            <uol name="ear" value="../../front/ear" />
        </imgdir>
        <imgdir name="1">
            <uol name="head" value="../../front/head" />
            <uol name="ear" value="../../front/ear" />
        </imgdir>
        <imgdir name="2">
            <uol name="head" value="../../front/head" />
            <uol name="ear" value="../../front/ear" />
        </imgdir>
    </imgdir>
    <imgdir name="swingPF">
        <imgdir name="0">
            <uol name="head" value="../../front/head" />
            <uol name="ear" value="../../front/ear" />
        </imgdir>
        <imgdir name="1">
            <uol name="head" value="../../front/head" />
            <uol name="ear" value="../../front/ear" />
        </imgdir>
        <imgdir name="2">
            <uol name="head" value="../../front/head" />
            <uol name="ear" value="../../front/ear" />
        </imgdir>
        <imgdir name="3">
            <uol name="head" value="../../front/head" />
            <uol name="ear" value="../../front/ear" />
        </imgdir>
    </imgdir>
    <imgdir name="stabO1">
        <imgdir name="0">
            <uol name="head" value="../../front/head" />
            <uol name="ear" value="../../front/ear" />
        </imgdir>
        <imgdir name="1">
            <uol name="head" value="../../front/head" />
            <uol name="ear" value="../../front/ear" />
        </imgdir>
    </imgdir>
    <imgdir name="stabO2">
        <imgdir name="0">
            <uol name="head" value="../../front/head" />
            <uol name="ear" value="../../front/ear" />
        </imgdir>
        <imgdir name="1">
            <uol name="head" value="../../front/head" />
            <uol name="ear" value="../../front/ear" />
        </imgdir>
    </imgdir>
    <imgdir name="stabOF">
        <imgdir name="0">
            <uol name="head" value="../../front/head" />
            <uol name="ear" value="../../front/ear" />
        </imgdir>
        <imgdir name="1">
            <uol name="head" value="../../front/head" />
            <uol name="ear" value="../../front/ear" />
        </imgdir>
        <imgdir name="2">
            <uol name="head" value="../../front/head" />
            <uol name="ear" value="../../front/ear" />
        </imgdir>
    </imgdir>
    <imgdir name="stabT1">
        <imgdir name="0">
            <uol name="head" value="../../front/head" />
            <uol name="ear" value="../../front/ear" />
        </imgdir>
        <imgdir name="1">
            <uol name="head" value="../../front/head" />
            <uol name="ear" value="../../front/ear" />
        </imgdir>
        <imgdir name="2">
            <uol name="head" value="../../front/head" />
            <uol name="ear" value="../../front/ear" />
        </imgdir>
    </imgdir>
    <imgdir name="stabT2">
        <imgdir name="0">
            <uol name="head" value="../../front/head" />
            <uol name="ear" value="../../front/ear" />
        </imgdir>
        <imgdir name="1">
            <uol name="head" value="../../front/head" />
            <uol name="ear" value="../../front/ear" />
        </imgdir>
        <imgdir name="2">
            <uol name="head" value="../../front/head" />
            <uol name="ear" value="../../front/ear" />
        </imgdir>
    </imgdir>
    <imgdir name="stabTF">
        <imgdir name="0">
            <uol name="head" value="../../front/head" />
            <uol name="ear" value="../../front/ear" />
        </imgdir>
        <imgdir name="1">
            <uol name="head" value="../../front/head" />
            <uol name="ear" value="../../front/ear" />
        </imgdir>
        <imgdir name="2">
            <uol name="head" value="../../front/head" />
            <uol name="ear" value="../../front/ear" />
        </imgdir>
        <imgdir name="3">
            <uol name="head" value="../../front/head" />
            <uol name="ear" value="../../front/ear" />
        </imgdir>
    </imgdir>
    <imgdir name="shoot1">
        <imgdir name="0">
            <uol name="head" value="../../front/head" />
            <uol name="ear" value="../../front/ear" />
        </imgdir>
        <imgdir name="1">
            <uol name="head" value="../../front/head" />
            <uol name="ear" value="../../front/ear" />
        </imgdir>
        <imgdir name="2">
            <uol name="head" value="../../front/head" />
            <uol name="ear" value="../../front/ear" />
        </imgdir>
    </imgdir>
    <imgdir name="shoot2">
        <imgdir name="0">
            <uol name="head" value="../../front/head" />
            <uol name="ear" value="../../front/ear" />
        </imgdir>
        <imgdir name="1">
            <uol name="head" value="../../front/head" />
            <uol name="ear" value="../../front/ear" />
        </imgdir>
        <imgdir name="2">
            <uol name="head" value="../../front/head" />
            <uol name="ear" value="../../front/ear" />
        </imgdir>
        <imgdir name="3">
            <uol name="head" value="../../front/head" />
            <uol name="ear" value="../../front/ear" />
        </imgdir>
        <imgdir name="4">
            <uol name="head" value="../../front/head" />
            <uol name="ear" value="../../front/ear" />
        </imgdir>
    </imgdir>
    <imgdir name="shootF">
        <imgdir name="0">
            <uol name="head" value="../../front/head" />
            <uol name="ear" value="../../front/ear" />
        </imgdir>
        <imgdir name="1">
            <uol name="head" value="../../front/head" />
            <uol name="ear" value="../../front/ear" />
        </imgdir>
        <imgdir name="2">
            <uol name="head" value="../../front/head" />
            <uol name="ear" value="../../front/ear" />
        </imgdir>
    </imgdir>
    <imgdir name="proneStab">
        <imgdir name="0">
            <uol name="head" value="../../prone/0/head" />
            <uol name="ear" value="../../front/ear" />
        </imgdir>
        <imgdir name="1">
            <uol name="head" value="../../front/head" />
            <uol name="ear" value="../../front/ear" />
        </imgdir>
    </imgdir>
    <imgdir name="prone">
        <imgdir name="0">
            <uol name="head" value="../../front/head" />
            <uol name="ear" value="../../front/ear" />
        </imgdir>
    </imgdir>
    <imgdir name="heal">
        <imgdir name="0">
            <uol name="head" value="../../front/head" />
            <uol name="ear" value="../../front/ear" />
        </imgdir>
        <imgdir name="1">
            <uol name="head" value="../../front/head" />
            <uol name="ear" value="../../front/ear" />
        </imgdir>
        <imgdir name="2">
            <uol name="head" value="../../front/head" />
            <uol name="ear" value="../../front/ear" />
        </imgdir>
    </imgdir>
    <imgdir name="fly">
        <imgdir name="0">
            <uol name="head" value="../../front/head" />
            <uol name="ear" value="../../front/ear" />
        </imgdir>
        <imgdir name="1">
            <uol name="head" value="../../front/head" />
            <uol name="ear" value="../../front/ear" />
        </imgdir>
    </imgdir>
    <imgdir name="jump">
        <imgdir name="0">
            <uol name="head" value="../../front/head" />
            <uol name="ear" value="../../front/ear" />
        </imgdir>
    </imgdir>
    <imgdir name="sit">
        <imgdir name="0">
            <uol name="head" value="../../front/head" />
            <uol name="ear" value="../../front/ear" />
        </imgdir>
    </imgdir>
    <imgdir name="ladder">
        <imgdir name="0">
            <uol name="head" value="../../back/head" />
            <uol name="ear" value="../../back/ear" />
        </imgdir>
        <imgdir name="1">
            <uol name="head" value="../../back/head" />
            <uol name="ear" value="../../back/ear" />
        </imgdir>
    </imgdir>
    <imgdir name="rope">
        <imgdir name="0">
            <uol name="head" value="../../back/head" />
            <uol name="ear" value="../../back/ear" />
        </imgdir>
        <imgdir name="1">
            <uol name="head" value="../../back/head" />
            <uol name="ear" value="../../back/ear" />
        </imgdir>
    </imgdir>
    <imgdir name="mesoranger">
        <imgdir name="0">
            <canvas name="head" width="39" height="35">
                <vector name="origin" x="19" y="17" />
                <imgdir name="map">
                    <vector name="neck" x="0" y="15" />
                    <vector name="earOverHead" x="15" y="10" />
                    <vector name="earBelowHead" x="-17" y="9" />
                    <vector name="brow" x="-4" y="-5" />
                </imgdir>
                <string name="z" value="head" />
                <string name="group" value="skin" />
            </canvas>
        </imgdir>
    </imgdir>
    <imgdir name="create2">
        <imgdir name="0">
            <uol name="head" value="../../front/head" />
        </imgdir>
        <imgdir name="1">
            <uol name="head" value="../../front/head" />
        </imgdir>
        <imgdir name="2">
            <uol name="head" value="../../front/head" />
        </imgdir>
        <imgdir name="3">
            <uol name="head" value="../../front/head" />
        </imgdir>
        <imgdir name="4">
            <uol name="head" value="../../front/head" />
        </imgdir>
        <imgdir name="5">
            <uol name="head" value="../../front/head" />
        </imgdir>
        <imgdir name="6">
            <uol name="head" value="../../front/head" />
        </imgdir>
        <imgdir name="7">
            <uol name="head" value="../../front/head" />
        </imgdir>
    </imgdir>
    <imgdir name="create2_s">
        <imgdir name="0">
            <uol name="head" value="../../front/head" />
        </imgdir>
    </imgdir>
    <imgdir name="create2_f">
        <imgdir name="0">
            <uol name="head" value="../../front/head" />
        </imgdir>
    </imgdir>
    <imgdir name="create3">
        <imgdir name="0">
            <uol name="head" value="../../front/head" />
        </imgdir>
        <imgdir name="1">
            <uol name="head" value="../../front/head" />
        </imgdir>
        <imgdir name="2">
            <uol name="head" value="../../front/head" />
        </imgdir>
        <imgdir name="3">
            <uol name="head" value="../../front/head" />
        </imgdir>
        <imgdir name="4">
            <uol name="head" value="../../front/head" />
        </imgdir>
        <imgdir name="5">
            <uol name="head" value="../../front/head" />
        </imgdir>
        <imgdir name="6">
            <uol name="head" value="../../front/head" />
        </imgdir>
        <imgdir name="7">
            <uol name="head" value="../../front/head" />
        </imgdir>
        <imgdir name="8">
            <uol name="head" value="../../front/head" />
        </imgdir>
        <imgdir name="9">
            <uol name="head" value="../../front/head" />
        </imgdir>
        <imgdir name="10">
            <uol name="head" value="../../front/head" />
        </imgdir>
        <imgdir name="11">
            <uol name="head" value="../../front/head" />
        </imgdir>
    </imgdir>
    <imgdir name="create3_s">
        <imgdir name="0">
            <uol name="head" value="../../front/head" />
        </imgdir>
    </imgdir>
    <imgdir name="create3_f">
        <imgdir name="0">
            <uol name="head" value="../../front/head" />
        </imgdir>
    </imgdir>
    <imgdir name="create4">
        <imgdir name="0">
            <uol name="head" value="../../front/head" />
        </imgdir>
        <imgdir name="1">
            <uol name="head" value="../../front/head" />
        </imgdir>
        <imgdir name="2">
            <uol name="head" value="../../front/head" />
        </imgdir>
        <imgdir name="3">
            <uol name="head" value="../../front/head" />
        </imgdir>
        <imgdir name="4">
            <uol name="head" value="../../front/head" />
        </imgdir>
        <imgdir name="5">
            <uol name="head" value="../../front/head" />
        </imgdir>
        <imgdir name="6">
            <uol name="head" value="../../front/head" />
        </imgdir>
        <imgdir name="7">
            <uol name="head" value="../../front/head" />
        </imgdir>
        <imgdir name="8">
            <uol name="head" value="../../front/head" />
        </imgdir>
        <imgdir name="9">
            <uol name="head" value="../../front/head" />
        </imgdir>
        <imgdir name="10">
            <uol name="head" value="../../front/head" />
        </imgdir>
        <imgdir name="11">
            <uol name="head" value="../../front/head" />
        </imgdir>
        <imgdir name="12">
            <uol name="head" value="../../front/head" />
        </imgdir>
        <imgdir name="13">
            <uol name="head" value="../../front/head" />
        </imgdir>
    </imgdir>
    <imgdir name="create4_s">
        <imgdir name="0">
            <uol name="head" value="../../front/head" />
        </imgdir>
    </imgdir>
    <imgdir name="create4_f">
        <imgdir name="0">
            <uol name="head" value="../../front/head" />
        </imgdir>
    </imgdir>
    <imgdir name="setitem1">
        <imgdir name="0">
            <uol name="head" value="../../front/head" />
        </imgdir>
        <imgdir name="1">
            <uol name="head" value="../../front/head" />
        </imgdir>
        <imgdir name="2">
            <uol name="head" value="../../front/head" />
        </imgdir>
        <imgdir name="3">
            <uol name="head" value="../../front/head" />
        </imgdir>
        <imgdir name="4">
            <uol name="head" value="../../front/head" />
        </imgdir>
        <imgdir name="5">
            <uol name="head" value="../../front/head" />
        </imgdir>
        <imgdir name="6">
            <uol name="head" value="../../front/head" />
        </imgdir>
        <imgdir name="7">
            <uol name="head" value="../../front/head" />
        </imgdir>
        <imgdir name="8">
            <uol name="head" value="../../front/head" />
        </imgdir>
        <imgdir name="9">
            <uol name="head" value="../../front/head" />
        </imgdir>
        <imgdir name="10">
            <uol name="head" value="../../front/head" />
        </imgdir>
        <imgdir name="11">
            <uol name="head" value="../../front/head" />
        </imgdir>
        <imgdir name="12">
            <uol name="head" value="../../front/head" />
        </imgdir>
        <imgdir name="13">
            <uol name="head" value="../../front/head" />
        </imgdir>
        <imgdir name="14">
            <uol name="head" value="../../front/head" />
        </imgdir>
        <imgdir name="15">
            <uol name="head" value="../../front/head" />
        </imgdir>
        <imgdir name="16">
            <uol name="head" value="../../front/head" />
        </imgdir>
        <imgdir name="17">
            <uol name="head" value="../../front/head" />
        </imgdir>
        <imgdir name="18">
            <uol name="head" value="../../front/head" />
        </imgdir>
        <imgdir name="19">
            <uol name="head" value="../../front/head" />
        </imgdir>
        <imgdir name="20">
            <uol name="head" value="../../front/head" />
        </imgdir>
        <imgdir name="21">
            <uol name="head" value="../../front/head" />
        </imgdir>
        <imgdir name="22">
            <uol name="head" value="../../front/head" />
        </imgdir>
        <imgdir name="23">
            <uol name="head" value="../../front/head" />
        </imgdir>
        <imgdir name="24">
            <uol name="head" value="../../front/head" />
        </imgdir>
        <imgdir name="25">
            <uol name="head" value="../../front/head" />
        </imgdir>
        <imgdir name="26">
            <uol name="head" value="../../front/head" />
        </imgdir>
        <imgdir name="27">
            <uol name="head" value="../../front/head" />
        </imgdir>
        <imgdir name="28">
            <uol name="head" value="../../front/head" />
        </imgdir>
        <imgdir name="29">
            <uol name="head" value="../../front/head" />
        </imgdir>
        <imgdir name="30">
            <uol name="head" value="../../front/head" />
        </imgdir>
        <imgdir name="31">
            <uol name="head" value="../../front/head" />
        </imgdir>
    </imgdir>
    <imgdir name="setitem2">
        <imgdir name="0">
            <uol name="head" value="../../front/head" />
        </imgdir>
        <imgdir name="1">
            <uol name="head" value="../../front/head" />
        </imgdir>
        <imgdir name="2">
            <uol name="head" value="../../front/head" />
        </imgdir>
        <imgdir name="3">
            <uol name="head" value="../../front/head" />
        </imgdir>
        <imgdir name="4">
            <uol name="head" value="../../front/head" />
        </imgdir>
        <imgdir name="5">
            <uol name="head" value="../../front/head" />
        </imgdir>
        <imgdir name="6">
            <uol name="head" value="../../front/head" />
        </imgdir>
        <imgdir name="7">
            <uol name="head" value="../../front/head" />
        </imgdir>
        <imgdir name="8">
            <uol name="head" value="../../front/head" />
        </imgdir>
        <imgdir name="9">
            <uol name="head" value="../../front/head" />
        </imgdir>
        <imgdir name="10">
            <uol name="head" value="../../front/head" />
        </imgdir>
        <imgdir name="11">
            <uol name="head" value="../../front/head" />
        </imgdir>
        <imgdir name="12">
            <uol name="head" value="../../front/head" />
        </imgdir>
        <imgdir name="13">
            <uol name="head" value="../../front/head" />
        </imgdir>
        <imgdir name="14">
            <uol name="head" value="../../front/head" />
        </imgdir>
        <imgdir name="15">
            <uol name="head" value="../../front/head" />
        </imgdir>
        <imgdir name="16">
            <uol name="head" value="../../front/head" />
        </imgdir>
        <imgdir name="17">
            <uol name="head" value="../../front/head" />
        </imgdir>
        <imgdir name="18">
            <uol name="head" value="../../front/head" />
        </imgdir>
        <imgdir name="19">
            <uol name="head" value="../../front/head" />
        </imgdir>
        <imgdir name="20">
            <uol name="head" value="../../front/head" />
        </imgdir>
        <imgdir name="21">
            <uol name="head" value="../../front/head" />
        </imgdir>
        <imgdir name="22">
            <uol name="head" value="../../front/head" />
        </imgdir>
        <imgdir name="23">
            <uol name="head" value="../../front/head" />
        </imgdir>
        <imgdir name="24">
            <uol name="head" value="../../front/head" />
        </imgdir>
        <imgdir name="25">
            <uol name="head" value="../../front/head" />
        </imgdir>
        <imgdir name="26">
            <uol name="head" value="../../front/head" />
        </imgdir>
        <imgdir name="27">
            <uol name="head" value="../../front/head" />
        </imgdir>
        <imgdir name="28">
            <uol name="head" value="../../front/head" />
        </imgdir>
        <imgdir name="29">
            <uol name="head" value="../../front/head" />
        </imgdir>
        <imgdir name="30">
            <uol name="head" value="../../front/head" />
        </imgdir>
        <imgdir name="31">
            <uol name="head" value="../../front/head" />
        </imgdir>
    </imgdir>
    <imgdir name="setitem3">
        <imgdir name="0">
            <uol name="head" value="../../front/head" />
        </imgdir>
        <imgdir name="1">
            <uol name="head" value="../../front/head" />
        </imgdir>
        <imgdir name="2">
            <uol name="head" value="../../front/head" />
        </imgdir>
        <imgdir name="3">
            <uol name="head" value="../../front/head" />
        </imgdir>
        <imgdir name="4">
            <uol name="head" value="../../front/head" />
        </imgdir>
        <imgdir name="5">
            <uol name="head" value="../../front/head" />
        </imgdir>
        <imgdir name="6">
            <uol name="head" value="../../front/head" />
        </imgdir>
        <imgdir name="7">
            <uol name="head" value="../../front/head" />
        </imgdir>
        <imgdir name="8">
            <uol name="head" value="../../front/head" />
        </imgdir>
        <imgdir name="9">
            <uol name="head" value="../../front/head" />
        </imgdir>
        <imgdir name="10">
            <uol name="head" value="../../front/head" />
        </imgdir>
        <imgdir name="11">
            <uol name="head" value="../../front/head" />
        </imgdir>
        <imgdir name="12">
            <uol name="head" value="../../front/head" />
        </imgdir>
        <imgdir name="13">
            <uol name="head" value="../../front/head" />
        </imgdir>
        <imgdir name="14">
            <uol name="head" value="../../front/head" />
        </imgdir>
        <imgdir name="15">
            <uol name="head" value="../../front/head" />
        </imgdir>
        <imgdir name="16">
            <uol name="head" value="../../front/head" />
        </imgdir>
        <imgdir name="17">
            <uol name="head" value="../../front/head" />
        </imgdir>
        <imgdir name="18">
            <uol name="head" value="../../front/head" />
        </imgdir>
        <imgdir name="19">
            <uol name="head" value="../../front/head" />
        </imgdir>
        <imgdir name="20">
            <uol name="head" value="../../front/head" />
        </imgdir>
        <imgdir name="21">
            <uol name="head" value="../../front/head" />
        </imgdir>
        <imgdir name="22">
            <uol name="head" value="../../front/head" />
        </imgdir>
        <imgdir name="23">
            <uol name="head" value="../../front/head" />
        </imgdir>
        <imgdir name="24">
            <uol name="head" value="../../front/head" />
        </imgdir>
        <imgdir name="25">
            <uol name="head" value="../../front/head" />
        </imgdir>
        <imgdir name="26">
            <uol name="head" value="../../front/head" />
        </imgdir>
    </imgdir>
    <imgdir name="setitem4">
        <imgdir name="0">
            <uol name="head" value="../../front/head" />
        </imgdir>
        <imgdir name="1">
            <uol name="head" value="../../front/head" />
        </imgdir>
        <imgdir name="2">
            <uol name="head" value="../../front/head" />
        </imgdir>
        <imgdir name="3">
            <uol name="head" value="../../front/head" />
        </imgdir>
        <imgdir name="4">
            <uol name="head" value="../../front/head" />
        </imgdir>
        <imgdir name="5">
            <uol name="head" value="../../front/head" />
        </imgdir>
        <imgdir name="6">
            <uol name="head" value="../../front/head" />
        </imgdir>
        <imgdir name="7">
            <uol name="head" value="../../front/head" />
        </imgdir>
        <imgdir name="8">
            <uol name="head" value="../../front/head" />
        </imgdir>
        <imgdir name="9">
            <uol name="head" value="../../front/head" />
        </imgdir>
        <imgdir name="10">
            <uol name="head" value="../../front/head" />
        </imgdir>
        <imgdir name="11">
            <uol name="head" value="../../front/head" />
        </imgdir>
        <imgdir name="12">
            <uol name="head" value="../../front/head" />
        </imgdir>
        <imgdir name="13">
            <uol name="head" value="../../front/head" />
        </imgdir>
        <imgdir name="14">
            <uol name="head" value="../../front/head" />
        </imgdir>
        <imgdir name="15">
            <uol name="head" value="../../front/head" />
        </imgdir>
        <imgdir name="16">
            <uol name="head" value="../../front/head" />
        </imgdir>
        <imgdir name="17">
            <uol name="head" value="../../front/head" />
        </imgdir>
        <imgdir name="18">
            <uol name="head" value="../../front/head" />
        </imgdir>
        <imgdir name="19">
            <uol name="head" value="../../front/head" />
        </imgdir>
        <imgdir name="20">
            <uol name="head" value="../../front/head" />
        </imgdir>
        <imgdir name="21">
            <uol name="head" value="../../front/head" />
        </imgdir>
        <imgdir name="22">
            <uol name="head" value="../../front/head" />
        </imgdir>
        <imgdir name="23">
            <uol name="head" value="../../front/head" />
        </imgdir>
        <imgdir name="24">
            <uol name="head" value="../../front/head" />
        </imgdir>
        <imgdir name="25">
            <uol name="head" value="../../front/head" />
        </imgdir>
        <imgdir name="26">
            <uol name="head" value="../../front/head" />
        </imgdir>
    </imgdir>
</imgdir>