<?xml version="1.0" encoding="utf-8" standalone="yes"?>
<imgdir name="01032024.img">
    <imgdir name="info">
        <canvas name="icon" width="26" height="27">
            <vector name="origin" x="-5" y="28" />
        </canvas>
        <canvas name="iconRaw" width="24" height="25">
            <vector name="origin" x="-5" y="28" />
        </canvas>
        <string name="islot" value="Ae" />
        <string name="vslot" value="Ae" />
        <int name="reqJob" value="0" />
        <int name="reqLevel" value="0" />
        <int name="reqSTR" value="0" />
        <int name="reqDEX" value="0" />
        <int name="reqINT" value="0" />
        <int name="reqLUK" value="0" />
        <int name="cash" value="1" />
    </imgdir>
</imgdir>