<?xml version="1.0" encoding="utf-8" standalone="yes"?>
<imgdir name="01122059.img">
    <imgdir name="info">
        <canvas name="icon" width="34" height="32">
            <vector name="origin" x="0" y="31" />
        </canvas>
        <canvas name="iconRaw" width="34" height="30">
            <vector name="origin" x="0" y="31" />
        </canvas>
        <string name="islot" value="Pe" />
        <string name="vslot" value="Pe" />
        <int name="reqJob" value="0" />
        <int name="reqLevel" value="110" />
        <int name="reqSTR" value="0" />
        <int name="reqDEX" value="0" />
        <int name="reqINT" value="0" />
        <int name="reqLUK" value="0" />
        <int name="incSTR" value="5" />
        <int name="incDEX" value="5" />
        <int name="incINT" value="5" />
        <int name="incLUK" value="5" />
        <int name="incMHP" value="300" />
        <int name="incMMP" value="300" />
        <int name="incPAD" value="10" />
        <int name="incPDD" value="0" />
        <int name="incMAD" value="10" />
        <int name="incMDD" value="0" />
        <int name="incACC" value="15" />
        <int name="incEVA" value="0" />
        <int name="incSpeed" value="5" />
        <int name="incJump" value="5" />
        <int name="tuc" value="0" />
        <int name="price" value="1" />
        <int name="cash" value="0" />
        <int name="timeLimited" value="0" />
        <int name="tradeBlock" value="1" />
    </imgdir>
</imgdir>