<?xml version="1.0" encoding="utf-8" standalone="yes"?>
<imgdir name="01122080.img">
    <imgdir name="info">
        <canvas name="icon" width="30" height="33">
            <vector name="origin" x="-2" y="32" />
        </canvas>
        <canvas name="iconRaw" width="30" height="33">
            <vector name="origin" x="-2" y="32" />
        </canvas>
        <string name="islot" value="Pe" />
        <string name="vslot" value="Pe" />
        <int name="reqJob" value="0" />
        <int name="reqLevel" value="120" />
        <int name="reqSTR" value="0" />
        <int name="reqDEX" value="0" />
        <int name="reqINT" value="0" />
        <int name="reqLUK" value="0" />
        <int name="incSTR" value="4" />
        <int name="incDEX" value="4" />
        <int name="incINT" value="4" />
        <int name="incLUK" value="4" />
        <int name="incPDD" value="0" />
        <int name="incMDD" value="0" />
        <int name="incEVA" value="0" />
        <int name="tuc" value="1" />
        <int name="price" value="300000" />
        <int name="cash" value="0" />
        <int name="tradeBlock" value="0" />
        <int name="only" value="0" />
        <int name="tradeAvailable" value="0" />
    </imgdir>
</imgdir>