<?xml version="1.0" encoding="utf-8" standalone="yes"?>
<imgdir name="01122058.img">
    <imgdir name="info">
        <canvas name="icon" width="30" height="29">
            <vector name="origin" x="-1" y="29" />
        </canvas>
        <canvas name="iconRaw" width="30" height="26">
            <vector name="origin" x="-1" y="29" />
        </canvas>
        <string name="islot" value="Pe" />
        <string name="vslot" value="Pe" />
        <int name="reqJob" value="0" />
        <int name="reqLevel" value="51" />
        <int name="reqSTR" value="0" />
        <int name="reqDEX" value="0" />
        <int name="reqINT" value="0" />
        <int name="reqLUK" value="0" />
        <int name="incSTR" value="1" />
        <int name="incDEX" value="1" />
        <int name="incINT" value="1" />
        <int name="incLUK" value="1" />
        <int name="incPDD" value="27" />
        <int name="incMDD" value="27" />
        <int name="incEVA" value="0" />
        <int name="tuc" value="3" />
        <int name="price" value="12000" />
        <int name="cash" value="0" />
        <int name="tradeBlock" value="1" />
        <int name="tradeAvailable" value="1" />
        <int name="incPAD" value="1" />
        <int name="incMAD" value="1" />
        <int name="charmEXP" value="40" />
    </imgdir>
</imgdir>