<?xml version="1.0" encoding="utf-8" standalone="yes"?>
<imgdir name="01122076.img">
    <imgdir name="info">
        <canvas name="icon" width="30" height="32">
            <vector name="origin" x="-2" y="32" />
        </canvas>
        <canvas name="iconRaw" width="30" height="32">
            <vector name="origin" x="-2" y="32" />
        </canvas>
        <string name="islot" value="Pe" />
        <string name="vslot" value="Pe" />
        <int name="reqJob" value="0" />
        <int name="reqLevel" value="120" />
        <int name="reqSTR" value="0" />
        <int name="reqDEX" value="0" />
        <int name="reqINT" value="0" />
        <int name="reqLUK" value="0" />
        <int name="incSTR" value="10" />
        <int name="incDEX" value="10" />
        <int name="incINT" value="10" />
        <int name="incLUK" value="10" />
        <int name="incPAD" value="2" />
        <int name="incMAD" value="2" />
        <int name="incPDD" value="140" />
        <int name="incMDD" value="140" />
        <int name="incEVA" value="32" />
        <int name="incMHPr" value="10" />
        <int name="incMMPr" value="10" />
        <int name="tuc" value="3" />
        <int name="price" value="150000" />
        <int name="cash" value="0" />
        <int name="tradeBlock" value="1" />
        <int name="only" value="1" />
        <int name="tradeAvailable" value="2" />
        <int name="charmEXP" value="80" />
    </imgdir>
</imgdir>