<?xml version="1.0" encoding="utf-8" standalone="yes"?>
<imgdir name="01122073.img">
    <imgdir name="info">
        <canvas name="icon" width="28" height="30">
            <vector name="origin" x="-2" y="30" />
        </canvas>
        <canvas name="iconRaw" width="28" height="28">
            <vector name="origin" x="-2" y="30" />
        </canvas>
        <string name="islot" value="Pe" />
        <string name="vslot" value="Pe" />
        <int name="reqJob" value="0" />
        <int name="reqLevel" value="30" />
        <int name="reqSTR" value="0" />
        <int name="reqDEX" value="0" />
        <int name="reqINT" value="0" />
        <int name="reqLUK" value="0" />
        <int name="incSTR" value="2" />
        <int name="incDEX" value="2" />
        <int name="incINT" value="2" />
        <int name="incLUK" value="2" />
        <int name="incPDD" value="50" />
        <int name="incMDD" value="50" />
        <int name="incEVA" value="0" />
        <int name="tuc" value="3" />
        <int name="price" value="0" />
        <int name="cash" value="0" />
        <int name="timeLimited" value="1" />
    </imgdir>
</imgdir>