<?xml version="1.0" encoding="utf-8" standalone="yes"?>
<imgdir name="StandardPDD.img">
    <imgdir name="0">
        <int name="1" value="7" />
        <int name="5" value="17" />
        <int name="8" value="19" />
    </imgdir>
    <imgdir name="1">
        <int name="10" value="54" />
        <int name="12" value="57" />
        <int name="15" value="83" />
        <int name="20" value="106" />
        <int name="22" value="109" />
        <int name="25" value="129" />
        <int name="30" value="154" />
        <int name="35" value="179" />
        <int name="40" value="203" />
        <int name="47" value="208" />
        <int name="50" value="261" />
        <int name="55" value="267" />
        <int name="60" value="305" />
        <int name="65" value="308" />
        <int name="70" value="359" />
        <int name="75" value="356" />
        <int name="80" value="382" />
        <int name="85" value="388" />
        <int name="90" value="440" />
        <int name="95" value="446" />
        <int name="100" value="494" />
    </imgdir>
    <imgdir name="2">
        <int name="8" value="25" />
        <int name="10" value="31" />
        <int name="13" value="40" />
        <int name="15" value="49" />
        <int name="18" value="54" />
        <int name="20" value="56" />
        <int name="25" value="60" />
        <int name="28" value="64" />
        <int name="30" value="75" />
        <int name="33" value="91" />
        <int name="35" value="98" />
        <int name="40" value="99" />
        <int name="48" value="107" />
        <int name="50" value="131" />
        <int name="55" value="134" />
        <int name="58" value="142" />
        <int name="60" value="159" />
        <int name="65" value="162" />
        <int name="68" value="170" />
        <int name="70" value="184" />
        <int name="75" value="190" />
        <int name="78" value="198" />
        <int name="80" value="212" />
        <int name="85" value="218" />
        <int name="88" value="226" />
        <int name="90" value="240" />
        <int name="95" value="246" />
        <int name="98" value="254" />
        <int name="100" value="266" />
    </imgdir>
    <imgdir name="3">
        <int name="10" value="32" />
        <int name="15" value="49" />
        <int name="20" value="65" />
        <int name="25" value="80" />
        <int name="30" value="95" />
        <int name="35" value="110" />
        <int name="40" value="125" />
        <int name="50" value="145" />
        <int name="55" value="148" />
        <int name="60" value="177" />
        <int name="65" value="180" />
        <int name="70" value="206" />
        <int name="75" value="212" />
        <int name="80" value="238" />
        <int name="85" value="244" />
        <int name="90" value="270" />
        <int name="95" value="276" />
        <int name="100" value="298" />
    </imgdir>
    <imgdir name="4">
        <int name="10" value="42" />
        <int name="15" value="60" />
        <int name="20" value="76" />
        <int name="22" value="85" />
        <int name="25" value="100" />
        <int name="30" value="115" />
        <int name="32" value="116" />
        <int name="35" value="131" />
        <int name="37" value="132" />
        <int name="40" value="147" />
        <int name="50" value="184" />
        <int name="55" value="187" />
        <int name="60" value="220" />
        <int name="65" value="223" />
        <int name="70" value="257" />
        <int name="75" value="263" />
        <int name="80" value="291" />
        <int name="85" value="297" />
        <int name="90" value="325" />
        <int name="95" value="331" />
        <int name="100" value="331" />
    </imgdir>
    <imgdir name="5">
        <int name="10" value="24" />
        <int name="15" value="43" />
        <int name="20" value="56" />
        <int name="25" value="69" />
        <int name="30" value="82" />
        <int name="35" value="95" />
        <int name="40" value="108" />
        <int name="50" value="146" />
        <int name="55" value="149" />
        <int name="60" value="178" />
        <int name="65" value="181" />
        <int name="70" value="207" />
        <int name="75" value="213" />
        <int name="80" value="239" />
        <int name="85" value="245" />
        <int name="90" value="271" />
        <int name="100" value="309" />
    </imgdir>
</imgdir>